[INFO] Scanning for projects...
[INFO] 
[INFO] ------------------------< com.jpmc:midas-core >-------------------------
[INFO] Building midas-core 1.0.0
[INFO] --------------------------------[ jar ]---------------------------------
[INFO] 
[INFO] --- maven-resources-plugin:3.3.1:resources (default-resources) @ midas-core ---
[INFO] Copying 1 resource from src/main/resources to target/classes
[INFO] Copying 0 resource from src/main/resources to target/classes
[INFO] 
[INFO] --- maven-compiler-plugin:3.11.0:compile (default-compile) @ midas-core ---
[INFO] Nothing to compile - all classes are up to date
[INFO] 
[INFO] --- maven-resources-plugin:3.3.1:testResources (default-testResources) @ midas-core ---
[INFO] Copying 6 resources from src/test/resources to target/test-classes
[INFO] 
[INFO] --- maven-compiler-plugin:3.11.0:testCompile (default-testCompile) @ midas-core ---
[INFO] Nothing to compile - all classes are up to date
[INFO] 
[INFO] --- maven-surefire-plugin:3.1.2:test (default-test) @ midas-core ---
[INFO] Using auto detected provider org.apache.maven.surefire.junitplatform.JUnitPlatformProvider
[INFO] 
[INFO] -------------------------------------------------------
[INFO]  T E S T S
[INFO] -------------------------------------------------------
[INFO] Running com.jpmc.midascore.TaskTwoTests
14:14:31.471 [main] INFO org.springframework.test.context.support.AnnotationConfigContextLoaderUtils -- Could not detect default configuration classes for test class [com.jpmc.midascore.TaskTwoTests]: TaskTwoTests does not declare any static, non-private, non-final, nested classes annotated with @Configuration.
14:14:31.670 [main] INFO org.springframework.boot.test.context.SpringBootTestContextBootstrapper -- Found @SpringBootConfiguration com.jpmc.midascore.MidasCoreApplication for test class com.jpmc.midascore.TaskTwoTests

  .   ____          _            __ _ _
 /\\ / ___'_ __ _ _(_)_ __  __ _ \ \ \ \
( ( )\___ | '_ | '_| | '_ \/ _` | \ \ \ \
 \\/  ___)| |_)| | | | | || (_| |  ) ) ) )
  '  |____| .__|_| |_|_| |_\__, | / / / /
 =========|_|==============|___/=/_/_/_/
 :: Spring Boot ::                (v3.2.5)

2025-10-05T14:14:33.012-04:00  INFO 50881 --- [           main] k.utils.Log4jControllerRegistration$     : Registered kafka:type=kafka.Log4jController MBean
2025-10-05T14:14:33.049-04:00  INFO 50881 --- [           main] org.apache.zookeeper.common.X509Util     : Setting -D jdk.tls.rejectClientInitiatedRenegotiation=true to disable client-initiated TLS renegotiation
2025-10-05T14:14:33.314-04:00  INFO 50881 --- [-kit-executor-1] kafka.server.ControllerServer            : Formatting /var/folders/ss/jwjd4m2s3kn4_3p65f4z1gj40000gn/T/kafka-12505999679797277985/controller_0 with metadata.version 3.3-IV0.
2025-10-05T14:14:33.318-04:00  INFO 50881 --- [-kit-executor-2] kafka.server.ControllerServer            : [ControllerServer id=0] Starting controller
2025-10-05T14:14:33.319-04:00  INFO 50881 --- [-kit-executor-3] kafka.server.BrokerServer                : [BrokerServer id=0] Transition from SHUTDOWN to STARTING
2025-10-05T14:14:33.320-04:00  INFO 50881 --- [-kit-executor-3] kafka.server.SharedServer                : [SharedServer id=0] Starting SharedServer
2025-10-05T14:14:33.355-04:00  INFO 50881 --- [-kit-executor-2] o.a.k.s.network.EndpointReadyFutures     : authorizerStart completed for endpoint CONTROLLER. Endpoint is now READY.
2025-10-05T14:14:33.487-04:00  INFO 50881 --- [-kit-executor-3] kafka.log.UnifiedLog$                    : [LogLoader partition=__cluster_metadata-0, dir=/var/folders/ss/jwjd4m2s3kn4_3p65f4z1gj40000gn/T/kafka-12505999679797277985/controller_0] Loading producer state till offset 0 with message format version 2
2025-10-05T14:14:33.489-04:00  INFO 50881 --- [-kit-executor-3] kafka.log.UnifiedLog$                    : [LogLoader partition=__cluster_metadata-0, dir=/var/folders/ss/jwjd4m2s3kn4_3p65f4z1gj40000gn/T/kafka-12505999679797277985/controller_0] Reloading from producer snapshot and rebuilding producer state from offset 0
2025-10-05T14:14:33.490-04:00  INFO 50881 --- [-kit-executor-3] kafka.log.UnifiedLog$                    : [LogLoader partition=__cluster_metadata-0, dir=/var/folders/ss/jwjd4m2s3kn4_3p65f4z1gj40000gn/T/kafka-12505999679797277985/controller_0] Producer state recovery took 0ms for snapshot load and 1ms for segment recovery from offset 0
2025-10-05T14:14:33.584-04:00  INFO 50881 --- [-kit-executor-3] kafka.raft.KafkaMetadataLog$             : Initialized snapshots with IDs SortedSet() from /var/folders/ss/jwjd4m2s3kn4_3p65f4z1gj40000gn/T/kafka-12505999679797277985/controller_0/__cluster_metadata-0
2025-10-05T14:14:33.655-04:00  INFO 50881 --- [piration-reaper] ExpirationService$ExpiredOperationReaper : [raft-expiration-reaper]: Starting
2025-10-05T14:14:33.731-04:00  INFO 50881 --- [-kit-executor-3] org.apache.kafka.raft.QuorumState        : [RaftManager id=0] Completed transition to Unattached(epoch=0, voters=[0], electionTimeoutMs=1127) from null
2025-10-05T14:14:33.750-04:00  INFO 50881 --- [-kit-executor-3] org.apache.kafka.raft.QuorumState        : [RaftManager id=0] Completed transition to CandidateState(localId=0, epoch=1, retries=1, voteStates={0=GRANTED}, highWatermark=Optional.empty, electionTimeoutMs=1249) from Unattached(epoch=0, voters=[0], electionTimeoutMs=1127)
2025-10-05T14:14:33.766-04:00  INFO 50881 --- [-kit-executor-3] org.apache.kafka.raft.QuorumState        : [RaftManager id=0] Completed transition to Leader(localId=0, epoch=1, epochStartOffset=0, highWatermark=Optional.empty, voterStates={0=ReplicaState(nodeId=0, endOffset=Optional.empty, lastFetchTimestamp=-1, lastCaughtUpTimestamp=-1, hasAcknowledgedLeader=true)}) from CandidateState(localId=0, epoch=1, retries=1, voteStates={0=GRANTED}, highWatermark=Optional.empty, electionTimeoutMs=1249)
2025-10-05T14:14:34.002-04:00  INFO 50881 --- [-kit-executor-2] kafka.network.ConnectionQuotas           : Updated connection-accept-rate max connection creation rate to 2147483647
2025-10-05T14:14:34.020-04:00  INFO 50881 --- [-kit-executor-2] kafka.network.DataPlaneAcceptor          : Awaiting socket connections on localhost:64549.
2025-10-05T14:14:34.021-04:00  INFO 50881 --- [-kit-executor-2] kafka.network.DataPlaneAcceptor          : Opened wildcard endpoint localhost:64549
2025-10-05T14:14:34.041-04:00  INFO 50881 --- [-kit-executor-2] kafka.network.SocketServer               : [SocketServer listenerType=CONTROLLER, nodeId=0] Created data-plane acceptor and processors for endpoint : ListenerName(CONTROLLER)
2025-10-05T14:14:34.050-04:00  INFO 50881 --- [-request-thread] kafka.raft.RaftSendThread                : [kafka-0-raft-outbound-request-thread]: Starting
2025-10-05T14:14:34.050-04:00  INFO 50881 --- [-raft-io-thread] k.raft.KafkaRaftManager$RaftIoThread     : [kafka-0-raft-io-thread]: Starting
2025-10-05T14:14:34.080-04:00  INFO 50881 --- [-raft-io-thread] org.apache.kafka.raft.LeaderState        : [RaftManager id=0] High watermark set to LogOffsetMetadata(offset=1, metadata=Optional[(segmentBaseOffset=0,relativePositionInSegment=91)]) for the first time for epoch 1 based on indexOfHw 0 and voters [ReplicaState(nodeId=0, endOffset=Optional[LogOffsetMetadata(offset=1, metadata=Optional[(segmentBaseOffset=0,relativePositionInSegment=91)])], lastFetchTimestamp=-1, lastCaughtUpTimestamp=-1, hasAcknowledgedLeader=true)]
2025-10-05T14:14:34.089-04:00  INFO 50881 --- [r-event-handler] o.a.kafka.image.loader.MetadataLoader    : [MetadataLoader id=0] initializeNewPublishers: The loader is still catching up because we have loaded up to offset -1, but the high water mark is 1
2025-10-05T14:14:34.090-04:00  INFO 50881 --- [-kit-executor-3] kafka.server.BrokerServer                : [BrokerServer id=0] Starting broker
2025-10-05T14:14:34.094-04:00  INFO 50881 --- [-kit-executor-2] kafka.server.ControllerServer            : [ControllerServer id=0] Waiting for controller quorum voters future
2025-10-05T14:14:34.095-04:00  INFO 50881 --- [-kit-executor-2] kafka.server.ControllerServer            : [ControllerServer id=0] Finished waiting for controller quorum voters future
2025-10-05T14:14:34.104-04:00  INFO 50881 --- [-raft-io-thread] org.apache.kafka.raft.KafkaRaftClient    : [RaftManager id=0] Registered the listener org.apache.kafka.image.loader.MetadataLoader@215611119
2025-10-05T14:14:34.124-04:00  INFO 50881 --- [r-event-handler] o.a.kafka.image.loader.MetadataLoader    : [MetadataLoader id=0] maybePublishMetadata(LOG_DELTA): The loader is still catching up because we have not loaded a controller record as of offset 0 and high water mark is 1
2025-10-05T14:14:34.126-04:00  INFO 50881 --- [nelReaper-Fetch] lientQuotaManager$ThrottledChannelReaper : [broker-0-ThrottledChannelReaper-Fetch]: Starting
2025-10-05T14:14:34.127-04:00  INFO 50881 --- [lReaper-Produce] lientQuotaManager$ThrottledChannelReaper : [broker-0-ThrottledChannelReaper-Produce]: Starting
2025-10-05T14:14:34.128-04:00  INFO 50881 --- [lReaper-Request] lientQuotaManager$ThrottledChannelReaper : [broker-0-ThrottledChannelReaper-Request]: Starting
2025-10-05T14:14:34.133-04:00  INFO 50881 --- [trollerMutation] lientQuotaManager$ThrottledChannelReaper : [broker-0-ThrottledChannelReaper-ControllerMutation]: Starting
2025-10-05T14:14:34.154-04:00  INFO 50881 --- [-kit-executor-3] kafka.log.LogManager                     : Log directory /var/folders/ss/jwjd4m2s3kn4_3p65f4z1gj40000gn/T/kafka-12505999679797277985/broker_0_data0 not found, creating it.
2025-10-05T14:14:34.155-04:00  INFO 50881 --- [-kit-executor-2] o.a.kafka.controller.QuorumController    : [QuorumController id=0] Creating new QuorumController with clusterId CDGy8ZNpTSCRYldwwdIcVg.
2025-10-05T14:14:34.155-04:00  INFO 50881 --- [-raft-io-thread] org.apache.kafka.raft.KafkaRaftClient    : [RaftManager id=0] Registered the listener org.apache.kafka.controller.QuorumController$QuorumMetaLogListener@502789351
2025-10-05T14:14:34.156-04:00  INFO 50881 --- [nelReaper-Fetch] lientQuotaManager$ThrottledChannelReaper : [controller-0-ThrottledChannelReaper-Fetch]: Starting
2025-10-05T14:14:34.156-04:00  INFO 50881 --- [lReaper-Produce] lientQuotaManager$ThrottledChannelReaper : [controller-0-ThrottledChannelReaper-Produce]: Starting
2025-10-05T14:14:34.156-04:00  INFO 50881 --- [lReaper-Request] lientQuotaManager$ThrottledChannelReaper : [controller-0-ThrottledChannelReaper-Request]: Starting
2025-10-05T14:14:34.157-04:00  INFO 50881 --- [trollerMutation] lientQuotaManager$ThrottledChannelReaper : [controller-0-ThrottledChannelReaper-ControllerMutation]: Starting
2025-10-05T14:14:34.159-04:00  INFO 50881 --- [0-event-handler] o.a.kafka.controller.QuorumController    : [QuorumController id=0] Becoming the active controller at epoch 1, next write offset 1.
2025-10-05T14:14:34.166-04:00  WARN 50881 --- [0-event-handler] o.a.kafka.controller.QuorumController    : [QuorumController id=0] Performing controller activation. The metadata log appears to be empty. Appending 1 bootstrap record(s) in metadata transaction at metadata.version 3.6-IV2 from bootstrap source 'testkit'. Setting the ZK migration state to NONE since this is a de-novo KRaft cluster.
2025-10-05T14:14:34.170-04:00  INFO 50881 --- [0-event-handler] o.a.k.controller.OffsetControlManager    : [QuorumController id=0] Replayed BeginTransactionRecord(name='Bootstrap records') at offset 1.
2025-10-05T14:14:34.171-04:00  INFO 50881 --- [0-event-handler] o.a.k.controller.FeatureControlManager   : [QuorumController id=0] Replayed a FeatureLevelRecord setting metadata version to 3.6-IV2
2025-10-05T14:14:34.173-04:00  INFO 50881 --- [0-event-handler] o.a.k.controller.OffsetControlManager    : [QuorumController id=0] Replayed EndTransactionRecord() at offset 4.
2025-10-05T14:14:34.173-04:00  INFO 50881 --- [-kit-executor-3] kafka.server.BrokerServer                : [BrokerServer id=0] Waiting for controller quorum voters future
2025-10-05T14:14:34.173-04:00  INFO 50881 --- [-kit-executor-3] kafka.server.BrokerServer                : [BrokerServer id=0] Finished waiting for controller quorum voters future
2025-10-05T14:14:34.182-04:00  INFO 50881 --- [channel-manager] k.s.BrokerToControllerRequestThread      : [broker-0-to-controller-forwarding-channel-manager]: Starting
2025-10-05T14:14:34.183-04:00  INFO 50881 --- [channel-manager] k.s.BrokerToControllerRequestThread      : [broker-0-to-controller-forwarding-channel-manager]: Recorded new controller, from now on will use node localhost:64549 (id: 0 rack: null)
2025-10-05T14:14:34.186-04:00  INFO 50881 --- [per-0-AlterAcls] perationPurgatory$ExpiredOperationReaper : [ExpirationReaper-0-AlterAcls]: Starting
2025-10-05T14:14:34.194-04:00  INFO 50881 --- [r-event-handler] o.a.kafka.image.loader.MetadataLoader    : [MetadataLoader id=0] initializeNewPublishers: The loader finished catching up to the current high water mark of 1
2025-10-05T14:14:34.211-04:00  INFO 50881 --- [r-event-handler] o.a.kafka.image.loader.MetadataLoader    : [MetadataLoader id=0] InitializeNewPublishers: initializing SnapshotGenerator with a snapshot at offset 0
2025-10-05T14:14:34.239-04:00  INFO 50881 --- [-kit-executor-2] kafka.server.ControllerServer            : [ControllerServer id=0] Waiting for the controller metadata publishers to be installed
2025-10-05T14:14:34.242-04:00  INFO 50881 --- [r-event-handler] o.a.kafka.image.loader.MetadataLoader    : [MetadataLoader id=0] InitializeNewPublishers: initializing FeaturesPublisher with a snapshot at offset 4
2025-10-05T14:14:34.245-04:00  INFO 50881 --- [r-event-handler] o.a.kafka.image.loader.MetadataLoader    : [MetadataLoader id=0] InitializeNewPublishers: initializing DynamicConfigPublisher controller id=0 with a snapshot at offset 4
2025-10-05T14:14:34.247-04:00  INFO 50881 --- [r-event-handler] o.a.kafka.image.loader.MetadataLoader    : [MetadataLoader id=0] InitializeNewPublishers: initializing DynamicClientQuotaPublisher controller id=0 with a snapshot at offset 4
2025-10-05T14:14:34.249-04:00  INFO 50881 --- [r-event-handler] o.a.kafka.image.loader.MetadataLoader    : [MetadataLoader id=0] InitializeNewPublishers: initializing ScramPublisher controller id=0 with a snapshot at offset 4
2025-10-05T14:14:34.249-04:00  INFO 50881 --- [-kit-executor-2] kafka.server.ControllerServer            : [ControllerServer id=0] Finished waiting for the controller metadata publishers to be installed
2025-10-05T14:14:34.250-04:00  INFO 50881 --- [-kit-executor-2] kafka.network.SocketServer               : [SocketServer listenerType=CONTROLLER, nodeId=0] Enabling request processing.
2025-10-05T14:14:34.258-04:00  INFO 50881 --- [r-event-handler] o.a.kafka.image.loader.MetadataLoader    : [MetadataLoader id=0] InitializeNewPublishers: initializing DelegationTokenPublisher controller id=0 with a snapshot at offset 4
2025-10-05T14:14:34.263-04:00  INFO 50881 --- [r-event-handler] o.a.kafka.image.loader.MetadataLoader    : [MetadataLoader id=0] InitializeNewPublishers: initializing ControllerMetadataMetricsPublisher with a snapshot at offset 4
2025-10-05T14:14:34.264-04:00  INFO 50881 --- [r-event-handler] o.a.kafka.image.loader.MetadataLoader    : [MetadataLoader id=0] InitializeNewPublishers: initializing AclPublisher controller id=0 with a snapshot at offset 4
2025-10-05T14:14:34.272-04:00  INFO 50881 --- [-kit-executor-3] kafka.network.ConnectionQuotas           : Updated connection-accept-rate max connection creation rate to 2147483647
2025-10-05T14:14:34.273-04:00  INFO 50881 --- [-kit-executor-3] kafka.network.DataPlaneAcceptor          : Awaiting socket connections on localhost:64550.
2025-10-05T14:14:34.274-04:00  INFO 50881 --- [-kit-executor-3] kafka.network.DataPlaneAcceptor          : Opened wildcard endpoint localhost:64550
2025-10-05T14:14:34.274-04:00  INFO 50881 --- [-kit-executor-2] kafka.server.ControllerServer            : [ControllerServer id=0] Waiting for all of the authorizer futures to be completed
2025-10-05T14:14:34.275-04:00  INFO 50881 --- [-kit-executor-2] kafka.server.ControllerServer            : [ControllerServer id=0] Finished waiting for all of the authorizer futures to be completed
2025-10-05T14:14:34.275-04:00  INFO 50881 --- [-kit-executor-2] kafka.server.ControllerServer            : [ControllerServer id=0] Waiting for all of the SocketServer Acceptors to be started
2025-10-05T14:14:34.276-04:00  INFO 50881 --- [-kit-executor-2] kafka.server.ControllerServer            : [ControllerServer id=0] Finished waiting for all of the SocketServer Acceptors to be started
2025-10-05T14:14:34.281-04:00  INFO 50881 --- [-kit-executor-3] kafka.network.SocketServer               : [SocketServer listenerType=BROKER, nodeId=0] Created data-plane acceptor and processors for endpoint : ListenerName(EXTERNAL)
2025-10-05T14:14:34.293-04:00  INFO 50881 --- [channel-manager] k.s.BrokerToControllerRequestThread      : [broker-0-to-controller-alter-partition-channel-manager]: Starting
2025-10-05T14:14:34.294-04:00  INFO 50881 --- [channel-manager] k.s.BrokerToControllerRequestThread      : [broker-0-to-controller-alter-partition-channel-manager]: Recorded new controller, from now on will use node localhost:64549 (id: 0 rack: null)
2025-10-05T14:14:34.322-04:00  INFO 50881 --- [eaper-0-Produce] perationPurgatory$ExpiredOperationReaper : [ExpirationReaper-0-Produce]: Starting
2025-10-05T14:14:34.323-04:00  INFO 50881 --- [nReaper-0-Fetch] perationPurgatory$ExpiredOperationReaper : [ExpirationReaper-0-Fetch]: Starting
2025-10-05T14:14:34.324-04:00  INFO 50881 --- [0-DeleteRecords] perationPurgatory$ExpiredOperationReaper : [ExpirationReaper-0-DeleteRecords]: Starting
2025-10-05T14:14:34.327-04:00  INFO 50881 --- [r-0-ElectLeader] perationPurgatory$ExpiredOperationReaper : [ExpirationReaper-0-ElectLeader]: Starting
2025-10-05T14:14:34.328-04:00  INFO 50881 --- [r-0-RemoteFetch] perationPurgatory$ExpiredOperationReaper : [ExpirationReaper-0-RemoteFetch]: Starting
2025-10-05T14:14:34.366-04:00  INFO 50881 --- [per-0-Heartbeat] perationPurgatory$ExpiredOperationReaper : [ExpirationReaper-0-Heartbeat]: Starting
2025-10-05T14:14:34.366-04:00  INFO 50881 --- [per-0-Rebalance] perationPurgatory$ExpiredOperationReaper : [ExpirationReaper-0-Rebalance]: Starting
2025-10-05T14:14:34.417-04:00  INFO 50881 --- [channel-manager] k.s.BrokerToControllerRequestThread      : [broker-0-to-controller-heartbeat-channel-manager]: Starting
2025-10-05T14:14:34.419-04:00  INFO 50881 --- [channel-manager] k.s.BrokerToControllerRequestThread      : [broker-0-to-controller-heartbeat-channel-manager]: Recorded new controller, from now on will use node localhost:64549 (id: 0 rack: null)
2025-10-05T14:14:34.426-04:00  INFO 50881 --- [r-event-handler] kafka.server.BrokerLifecycleManager      : [BrokerLifecycleManager id=0] Incarnation suR3_CUvR0quAu3odjW1-g of broker 0 in cluster CDGy8ZNpTSCRYldwwdIcVg is now STARTING.
2025-10-05T14:14:34.467-04:00  INFO 50881 --- [per-0-AlterAcls] perationPurgatory$ExpiredOperationReaper : [ExpirationReaper-0-AlterAcls]: Starting
2025-10-05T14:14:34.496-04:00  INFO 50881 --- [-kit-executor-3] kafka.server.BrokerServer                : [BrokerServer id=0] Waiting for the broker metadata publishers to be installed
2025-10-05T14:14:34.497-04:00  INFO 50881 --- [r-event-handler] o.a.kafka.image.loader.MetadataLoader    : [MetadataLoader id=0] InitializeNewPublishers: initializing BrokerMetadataPublisher with a snapshot at offset 4
2025-10-05T14:14:34.497-04:00  INFO 50881 --- [-kit-executor-3] kafka.server.BrokerServer                : [BrokerServer id=0] Finished waiting for the broker metadata publishers to be installed
2025-10-05T14:14:34.497-04:00  INFO 50881 --- [-kit-executor-3] kafka.server.BrokerServer                : [BrokerServer id=0] Waiting for the controller to acknowledge that we are caught up
2025-10-05T14:14:34.497-04:00  INFO 50881 --- [r-event-handler] k.s.metadata.BrokerMetadataPublisher     : [BrokerMetadataPublisher id=0] Publishing initial metadata at offset OffsetAndEpoch(offset=4, epoch=1) with metadata.version 3.6-IV2.
2025-10-05T14:14:34.499-04:00  INFO 50881 --- [r-event-handler] kafka.log.LogManager                     : Loading logs from log dirs ArraySeq(/var/folders/ss/jwjd4m2s3kn4_3p65f4z1gj40000gn/T/kafka-12505999679797277985/broker_0_data0)
2025-10-05T14:14:34.505-04:00  INFO 50881 --- [r-event-handler] kafka.log.LogManager                     : No logs found to be loaded in /var/folders/ss/jwjd4m2s3kn4_3p65f4z1gj40000gn/T/kafka-12505999679797277985/broker_0_data0
2025-10-05T14:14:34.519-04:00  INFO 50881 --- [r-event-handler] kafka.log.LogManager                     : Loaded 0 logs in 19ms
2025-10-05T14:14:34.519-04:00  INFO 50881 --- [r-event-handler] kafka.log.LogManager                     : Starting log cleanup with a period of 300000 ms.
2025-10-05T14:14:34.521-04:00  INFO 50881 --- [r-event-handler] kafka.log.LogManager                     : Starting log flusher with a default period of 9223372036854775807 ms.
2025-10-05T14:14:34.539-04:00  INFO 50881 --- [0-event-handler] o.a.k.controller.ClusterControlManager   : [QuorumController id=0] Replayed initial RegisterBrokerRecord for broker 0: RegisterBrokerRecord(brokerId=0, isMigratingZkBroker=false, incarnationId=suR3_CUvR0quAu3odjW1-g, brokerEpoch=5, endPoints=[BrokerEndpoint(name='EXTERNAL', host='localhost', port=64550, securityProtocol=0)], features=[BrokerFeature(name='metadata.version', minSupportedVersion=1, maxSupportedVersion=14)], rack=null, fenced=true, inControlledShutdown=false)
2025-10-05T14:14:34.542-04:00  INFO 50881 --- [r-event-handler] kafka.log.LogCleaner                     : Starting the log cleaner
2025-10-05T14:14:34.594-04:00  INFO 50881 --- [channel-manager] kafka.server.BrokerLifecycleManager      : [BrokerLifecycleManager id=0] Successfully registered broker 0 with broker epoch 5
2025-10-05T14:14:34.585-04:00  INFO 50881 --- [leaner-thread-0] kafka.log.LogCleaner$CleanerThread       : [kafka-log-cleaner-thread-0]: Starting
2025-10-05T14:14:34.650-04:00  INFO 50881 --- [rFailureHandler] k.s.ReplicaManager$LogDirFailureHandler  : [LogDirFailureHandler]: Starting
2025-10-05T14:14:34.655-04:00  INFO 50881 --- [r-event-handler] k.coordinator.group.GroupCoordinator     : [GroupCoordinator 0]: Starting up.
2025-10-05T14:14:34.656-04:00  INFO 50881 --- [nSenderThread-0] kafka.server.AddPartitionsToTxnManager   : [AddPartitionsToTxnSenderThread-0]: Starting
2025-10-05T14:14:34.665-04:00  INFO 50881 --- [r-event-handler] k.coordinator.group.GroupCoordinator     : [GroupCoordinator 0]: Startup complete.
2025-10-05T14:14:34.666-04:00  INFO 50881 --- [r-event-handler] k.c.transaction.TransactionCoordinator   : [TransactionCoordinator id=0] Starting up.
2025-10-05T14:14:34.680-04:00  INFO 50881 --- [rSenderThread-0] k.c.t.TransactionMarkerChannelManager    : [TxnMarkerSenderThread-0]: Starting
2025-10-05T14:14:34.680-04:00  INFO 50881 --- [r-event-handler] k.c.transaction.TransactionCoordinator   : [TransactionCoordinator id=0] Startup complete.
2025-10-05T14:14:34.682-04:00  INFO 50881 --- [r-event-handler] k.s.metadata.BrokerMetadataPublisher     : [BrokerMetadataPublisher id=0] Updating metadata.version to 14 at offset OffsetAndEpoch(offset=4, epoch=1).
2025-10-05T14:14:34.729-04:00  INFO 50881 --- [channel-manager] kafka.server.BrokerLifecycleManager      : [BrokerLifecycleManager id=0] The broker has caught up. Transitioning from STARTING to RECOVERY.
2025-10-05T14:14:34.736-04:00  INFO 50881 --- [-kit-executor-3] kafka.server.BrokerServer                : [BrokerServer id=0] Finished waiting for the controller to acknowledge that we are caught up
2025-10-05T14:14:34.736-04:00  INFO 50881 --- [-kit-executor-3] kafka.server.BrokerServer                : [BrokerServer id=0] Waiting for the initial broker metadata update to be published
2025-10-05T14:14:34.736-04:00  INFO 50881 --- [-kit-executor-3] kafka.server.BrokerServer                : [BrokerServer id=0] Finished waiting for the initial broker metadata update to be published
2025-10-05T14:14:34.739-04:00  INFO 50881 --- [-kit-executor-3] kafka.server.KafkaConfig                 : KafkaConfig values: 
	advertised.listeners = null
	alter.config.policy.class.name = null
	alter.log.dirs.replication.quota.window.num = 11
	alter.log.dirs.replication.quota.window.size.seconds = 1
	authorizer.class.name = 
	auto.create.topics.enable = true
	auto.include.jmx.reporter = true
	auto.leader.rebalance.enable = true
	background.threads = 10
	broker.heartbeat.interval.ms = 2000
	broker.id = 0
	broker.id.generation.enable = true
	broker.rack = null
	broker.session.timeout.ms = 9000
	client.quota.callback.class = null
	compression.type = producer
	connection.failed.authentication.delay.ms = 100
	connections.max.idle.ms = 600000
	connections.max.reauth.ms = 0
	control.plane.listener.name = null
	controlled.shutdown.enable = true
	controlled.shutdown.max.retries = 3
	controlled.shutdown.retry.backoff.ms = 5000
	controller.listener.names = CONTROLLER
	controller.quorum.append.linger.ms = 25
	controller.quorum.election.backoff.max.ms = 1000
	controller.quorum.election.timeout.ms = 1000
	controller.quorum.fetch.timeout.ms = 2000
	controller.quorum.request.timeout.ms = 2000
	controller.quorum.retry.backoff.ms = 20
	controller.quorum.voters = [0@0.0.0.0:0]
	controller.quota.window.num = 11
	controller.quota.window.size.seconds = 1
	controller.socket.timeout.ms = 30000
	create.topic.policy.class.name = null
	default.replication.factor = 1
	delegation.token.expiry.check.interval.ms = 3600000
	delegation.token.expiry.time.ms = 86400000
	delegation.token.master.key = null
	delegation.token.max.lifetime.ms = 604800000
	delegation.token.secret.key = null
	delete.records.purgatory.purge.interval.requests = 1
	delete.topic.enable = true
	early.start.listeners = null
	fetch.max.bytes = 57671680
	fetch.purgatory.purge.interval.requests = 1000
	group.consumer.assignors = [org.apache.kafka.coordinator.group.assignor.RangeAssignor]
	group.consumer.heartbeat.interval.ms = 5000
	group.consumer.max.heartbeat.interval.ms = 15000
	group.consumer.max.session.timeout.ms = 60000
	group.consumer.max.size = 2147483647
	group.consumer.min.heartbeat.interval.ms = 5000
	group.consumer.min.session.timeout.ms = 45000
	group.consumer.session.timeout.ms = 45000
	group.coordinator.new.enable = false
	group.coordinator.threads = 1
	group.initial.rebalance.delay.ms = 0
	group.max.session.timeout.ms = 1800000
	group.max.size = 2147483647
	group.min.session.timeout.ms = 6000
	initial.broker.registration.timeout.ms = 60000
	inter.broker.listener.name = EXTERNAL
	inter.broker.protocol.version = 3.6-IV2
	kafka.metrics.polling.interval.secs = 10
	kafka.metrics.reporters = []
	leader.imbalance.check.interval.seconds = 300
	leader.imbalance.per.broker.percentage = 10
	listener.security.protocol.map = EXTERNAL:PLAINTEXT,CONTROLLER:PLAINTEXT
	listeners = EXTERNAL://localhost:0,CONTROLLER://localhost:0
	log.cleaner.backoff.ms = 15000
	log.cleaner.dedupe.buffer.size = 2097152
	log.cleaner.delete.retention.ms = 86400000
	log.cleaner.enable = true
	log.cleaner.io.buffer.load.factor = 0.9
	log.cleaner.io.buffer.size = 524288
	log.cleaner.io.max.bytes.per.second = 1.7976931348623157E308
	log.cleaner.max.compaction.lag.ms = 9223372036854775807
	log.cleaner.min.cleanable.ratio = 0.5
	log.cleaner.min.compaction.lag.ms = 0
	log.cleaner.threads = 1
	log.cleanup.policy = [delete]
	log.dir = /tmp/kafka-logs
	log.dirs = /var/folders/ss/jwjd4m2s3kn4_3p65f4z1gj40000gn/T/kafka-12505999679797277985/broker_0_data0
	log.flush.interval.messages = 9223372036854775807
	log.flush.interval.ms = null
	log.flush.offset.checkpoint.interval.ms = 60000
	log.flush.scheduler.interval.ms = 9223372036854775807
	log.flush.start.offset.checkpoint.interval.ms = 60000
	log.index.interval.bytes = 4096
	log.index.size.max.bytes = 10485760
	log.local.retention.bytes = -2
	log.local.retention.ms = -2
	log.message.downconversion.enable = true
	log.message.format.version = 3.0-IV1
	log.message.timestamp.after.max.ms = 9223372036854775807
	log.message.timestamp.before.max.ms = 9223372036854775807
	log.message.timestamp.difference.max.ms = 9223372036854775807
	log.message.timestamp.type = CreateTime
	log.preallocate = false
	log.retention.bytes = -1
	log.retention.check.interval.ms = 300000
	log.retention.hours = 168
	log.retention.minutes = null
	log.retention.ms = null
	log.roll.hours = 168
	log.roll.jitter.hours = 0
	log.roll.jitter.ms = null
	log.roll.ms = null
	log.segment.bytes = 1073741824
	log.segment.delete.delay.ms = 60000
	max.connection.creation.rate = 2147483647
	max.connections = 2147483647
	max.connections.per.ip = 2147483647
	max.connections.per.ip.overrides = 
	max.incremental.fetch.session.cache.slots = 1000
	message.max.bytes = 1048588
	metadata.log.dir = /var/folders/ss/jwjd4m2s3kn4_3p65f4z1gj40000gn/T/kafka-12505999679797277985/controller_0
	metadata.log.max.record.bytes.between.snapshots = 20971520
	metadata.log.max.snapshot.interval.ms = 3600000
	metadata.log.segment.bytes = 1073741824
	metadata.log.segment.min.bytes = 8388608
	metadata.log.segment.ms = 604800000
	metadata.max.idle.interval.ms = 500
	metadata.max.retention.bytes = 104857600
	metadata.max.retention.ms = 604800000
	metric.reporters = []
	metrics.num.samples = 2
	metrics.recording.level = INFO
	metrics.sample.window.ms = 30000
	min.insync.replicas = 1
	node.id = 0
	num.io.threads = 8
	num.network.threads = 3
	num.partitions = 1
	num.recovery.threads.per.data.dir = 1
	num.replica.alter.log.dirs.threads = null
	num.replica.fetchers = 1
	offset.metadata.max.bytes = 4096
	offsets.commit.required.acks = -1
	offsets.commit.timeout.ms = 5000
	offsets.load.buffer.size = 5242880
	offsets.retention.check.interval.ms = 600000
	offsets.retention.minutes = 10080
	offsets.topic.compression.codec = 0
	offsets.topic.num.partitions = 50
	offsets.topic.replication.factor = 1
	offsets.topic.segment.bytes = 104857600
	password.encoder.cipher.algorithm = AES/CBC/PKCS5Padding
	password.encoder.iterations = 4096
	password.encoder.key.length = 128
	password.encoder.keyfactory.algorithm = null
	password.encoder.old.secret = null
	password.encoder.secret = null
	principal.builder.class = class org.apache.kafka.common.security.authenticator.DefaultKafkaPrincipalBuilder
	process.roles = [broker, controller]
	producer.id.expiration.check.interval.ms = 600000
	producer.id.expiration.ms = 86400000
	producer.purgatory.purge.interval.requests = 1000
	queued.max.request.bytes = -1
	queued.max.requests = 500
	quota.window.num = 11
	quota.window.size.seconds = 1
	remote.log.index.file.cache.total.size.bytes = 1073741824
	remote.log.manager.task.interval.ms = 30000
	remote.log.manager.task.retry.backoff.max.ms = 30000
	remote.log.manager.task.retry.backoff.ms = 500
	remote.log.manager.task.retry.jitter = 0.2
	remote.log.manager.thread.pool.size = 10
	remote.log.metadata.custom.metadata.max.bytes = 128
	remote.log.metadata.manager.class.name = org.apache.kafka.server.log.remote.metadata.storage.TopicBasedRemoteLogMetadataManager
	remote.log.metadata.manager.class.path = null
	remote.log.metadata.manager.impl.prefix = rlmm.config.
	remote.log.metadata.manager.listener.name = null
	remote.log.reader.max.pending.tasks = 100
	remote.log.reader.threads = 10
	remote.log.storage.manager.class.name = null
	remote.log.storage.manager.class.path = null
	remote.log.storage.manager.impl.prefix = rsm.config.
	remote.log.storage.system.enable = false
	replica.fetch.backoff.ms = 1000
	replica.fetch.max.bytes = 1048576
	replica.fetch.min.bytes = 1
	replica.fetch.response.max.bytes = 10485760
	replica.fetch.wait.max.ms = 500
	replica.high.watermark.checkpoint.interval.ms = 5000
	replica.lag.time.max.ms = 30000
	replica.selector.class = null
	replica.socket.receive.buffer.bytes = 65536
	replica.socket.timeout.ms = 30000
	replication.quota.window.num = 11
	replication.quota.window.size.seconds = 1
	request.timeout.ms = 30000
	reserved.broker.max.id = 1000
	sasl.client.callback.handler.class = null
	sasl.enabled.mechanisms = [GSSAPI]
	sasl.jaas.config = null
	sasl.kerberos.kinit.cmd = /usr/bin/kinit
	sasl.kerberos.min.time.before.relogin = 60000
	sasl.kerberos.principal.to.local.rules = [DEFAULT]
	sasl.kerberos.service.name = null
	sasl.kerberos.ticket.renew.jitter = 0.05
	sasl.kerberos.ticket.renew.window.factor = 0.8
	sasl.login.callback.handler.class = null
	sasl.login.class = null
	sasl.login.connect.timeout.ms = null
	sasl.login.read.timeout.ms = null
	sasl.login.refresh.buffer.seconds = 300
	sasl.login.refresh.min.period.seconds = 60
	sasl.login.refresh.window.factor = 0.8
	sasl.login.refresh.window.jitter = 0.05
	sasl.login.retry.backoff.max.ms = 10000
	sasl.login.retry.backoff.ms = 100
	sasl.mechanism.controller.protocol = GSSAPI
	sasl.mechanism.inter.broker.protocol = GSSAPI
	sasl.oauthbearer.clock.skew.seconds = 30
	sasl.oauthbearer.expected.audience = null
	sasl.oauthbearer.expected.issuer = null
	sasl.oauthbearer.jwks.endpoint.refresh.ms = 3600000
	sasl.oauthbearer.jwks.endpoint.retry.backoff.max.ms = 10000
	sasl.oauthbearer.jwks.endpoint.retry.backoff.ms = 100
	sasl.oauthbearer.jwks.endpoint.url = null
	sasl.oauthbearer.scope.claim.name = scope
	sasl.oauthbearer.sub.claim.name = sub
	sasl.oauthbearer.token.endpoint.url = null
	sasl.server.callback.handler.class = null
	sasl.server.max.receive.size = 524288
	security.inter.broker.protocol = PLAINTEXT
	security.providers = null
	server.max.startup.time.ms = 600000
	socket.connection.setup.timeout.max.ms = 30000
	socket.connection.setup.timeout.ms = 10000
	socket.listen.backlog.size = 50
	socket.receive.buffer.bytes = 102400
	socket.request.max.bytes = 104857600
	socket.send.buffer.bytes = 102400
	ssl.cipher.suites = []
	ssl.client.auth = none
	ssl.enabled.protocols = [TLSv1.2, TLSv1.3]
	ssl.endpoint.identification.algorithm = https
	ssl.engine.factory.class = null
	ssl.key.password = null
	ssl.keymanager.algorithm = SunX509
	ssl.keystore.certificate.chain = null
	ssl.keystore.key = null
	ssl.keystore.location = null
	ssl.keystore.password = null
	ssl.keystore.type = JKS
	ssl.principal.mapping.rules = DEFAULT
	ssl.protocol = TLSv1.3
	ssl.provider = null
	ssl.secure.random.implementation = null
	ssl.trustmanager.algorithm = PKIX
	ssl.truststore.certificates = null
	ssl.truststore.location = null
	ssl.truststore.password = null
	ssl.truststore.type = JKS
	transaction.abort.timed.out.transaction.cleanup.interval.ms = 10000
	transaction.max.timeout.ms = 900000
	transaction.partition.verification.enable = true
	transaction.remove.expired.transaction.cleanup.interval.ms = 3600000
	transaction.state.log.load.buffer.size = 5242880
	transaction.state.log.min.isr = 2
	transaction.state.log.num.partitions = 50
	transaction.state.log.replication.factor = 3
	transaction.state.log.segment.bytes = 104857600
	transactional.id.expiration.ms = 604800000
	unclean.leader.election.enable = false
	unstable.api.versions.enable = false
	zookeeper.clientCnxnSocket = null
	zookeeper.connect = null
	zookeeper.connection.timeout.ms = null
	zookeeper.max.in.flight.requests = 10
	zookeeper.metadata.migration.enable = false
	zookeeper.metadata.migration.min.batch.size = 200
	zookeeper.session.timeout.ms = 18000
	zookeeper.set.acl = false
	zookeeper.ssl.cipher.suites = null
	zookeeper.ssl.client.enable = false
	zookeeper.ssl.crl.enable = false
	zookeeper.ssl.enabled.protocols = null
	zookeeper.ssl.endpoint.identification.algorithm = HTTPS
	zookeeper.ssl.keystore.location = null
	zookeeper.ssl.keystore.password = null
	zookeeper.ssl.keystore.type = null
	zookeeper.ssl.ocsp.enable = false
	zookeeper.ssl.protocol = TLSv1.2
	zookeeper.ssl.truststore.location = null
	zookeeper.ssl.truststore.password = null
	zookeeper.ssl.truststore.type = null

2025-10-05T14:14:34.742-04:00  INFO 50881 --- [channel-manager] kafka.server.BrokerLifecycleManager      : [BrokerLifecycleManager id=0] The broker is in RECOVERY.
2025-10-05T14:14:34.770-04:00  INFO 50881 --- [-kit-executor-3] kafka.server.BrokerServer                : [BrokerServer id=0] Waiting for the broker to be unfenced
2025-10-05T14:14:34.772-04:00  INFO 50881 --- [0-event-handler] o.a.k.controller.BrokerHeartbeatManager  : [QuorumController id=0] The request from broker 0 to unfence has been granted because it has caught up with the offset of its register broker record 5.
2025-10-05T14:14:34.785-04:00  INFO 50881 --- [0-event-handler] o.a.k.controller.ClusterControlManager   : [QuorumController id=0] Replayed BrokerRegistrationChangeRecord modifying the registration for broker 0: BrokerRegistrationChangeRecord(brokerId=0, brokerEpoch=5, fenced=-1, inControlledShutdown=0)
2025-10-05T14:14:34.816-04:00  INFO 50881 --- [channel-manager] kafka.server.BrokerLifecycleManager      : [BrokerLifecycleManager id=0] The broker has been unfenced. Transitioning from RECOVERY to RUNNING.
2025-10-05T14:14:34.817-04:00  INFO 50881 --- [-kit-executor-3] kafka.server.BrokerServer                : [BrokerServer id=0] Finished waiting for the broker to be unfenced
2025-10-05T14:14:34.818-04:00  INFO 50881 --- [-kit-executor-3] o.a.k.s.network.EndpointReadyFutures     : authorizerStart completed for endpoint EXTERNAL. Endpoint is now READY.
2025-10-05T14:14:34.818-04:00  INFO 50881 --- [-kit-executor-3] kafka.network.SocketServer               : [SocketServer listenerType=BROKER, nodeId=0] Enabling request processing.
2025-10-05T14:14:34.820-04:00  INFO 50881 --- [-kit-executor-3] kafka.server.BrokerServer                : [BrokerServer id=0] Waiting for all of the authorizer futures to be completed
2025-10-05T14:14:34.820-04:00  INFO 50881 --- [-kit-executor-3] kafka.server.BrokerServer                : [BrokerServer id=0] Finished waiting for all of the authorizer futures to be completed
2025-10-05T14:14:34.820-04:00  INFO 50881 --- [-kit-executor-3] kafka.server.BrokerServer                : [BrokerServer id=0] Waiting for all of the SocketServer Acceptors to be started
2025-10-05T14:14:34.820-04:00  INFO 50881 --- [-kit-executor-3] kafka.server.BrokerServer                : [BrokerServer id=0] Finished waiting for all of the SocketServer Acceptors to be started
2025-10-05T14:14:34.821-04:00  INFO 50881 --- [-kit-executor-3] kafka.server.BrokerServer                : [BrokerServer id=0] Transition from STARTING to STARTED
2025-10-05T14:14:34.844-04:00  INFO 50881 --- [           main] o.a.k.clients.admin.AdminClientConfig    : AdminClientConfig values: 
	auto.include.jmx.reporter = true
	bootstrap.servers = [localhost:64550]
	client.dns.lookup = use_all_dns_ips
	client.id = 
	connections.max.idle.ms = 300000
	default.api.timeout.ms = 60000
	metadata.max.age.ms = 300000
	metric.reporters = []
	metrics.num.samples = 2
	metrics.recording.level = INFO
	metrics.sample.window.ms = 30000
	receive.buffer.bytes = 65536
	reconnect.backoff.max.ms = 1000
	reconnect.backoff.ms = 50
	request.timeout.ms = 30000
	retries = 2147483647
	retry.backoff.ms = 100
	sasl.client.callback.handler.class = null
	sasl.jaas.config = null
	sasl.kerberos.kinit.cmd = /usr/bin/kinit
	sasl.kerberos.min.time.before.relogin = 60000
	sasl.kerberos.service.name = null
	sasl.kerberos.ticket.renew.jitter = 0.05
	sasl.kerberos.ticket.renew.window.factor = 0.8
	sasl.login.callback.handler.class = null
	sasl.login.class = null
	sasl.login.connect.timeout.ms = null
	sasl.login.read.timeout.ms = null
	sasl.login.refresh.buffer.seconds = 300
	sasl.login.refresh.min.period.seconds = 60
	sasl.login.refresh.window.factor = 0.8
	sasl.login.refresh.window.jitter = 0.05
	sasl.login.retry.backoff.max.ms = 10000
	sasl.login.retry.backoff.ms = 100
	sasl.mechanism = GSSAPI
	sasl.oauthbearer.clock.skew.seconds = 30
	sasl.oauthbearer.expected.audience = null
	sasl.oauthbearer.expected.issuer = null
	sasl.oauthbearer.jwks.endpoint.refresh.ms = 3600000
	sasl.oauthbearer.jwks.endpoint.retry.backoff.max.ms = 10000
	sasl.oauthbearer.jwks.endpoint.retry.backoff.ms = 100
	sasl.oauthbearer.jwks.endpoint.url = null
	sasl.oauthbearer.scope.claim.name = scope
	sasl.oauthbearer.sub.claim.name = sub
	sasl.oauthbearer.token.endpoint.url = null
	security.protocol = PLAINTEXT
	security.providers = null
	send.buffer.bytes = 131072
	socket.connection.setup.timeout.max.ms = 30000
	socket.connection.setup.timeout.ms = 10000
	ssl.cipher.suites = null
	ssl.enabled.protocols = [TLSv1.2, TLSv1.3]
	ssl.endpoint.identification.algorithm = https
	ssl.engine.factory.class = null
	ssl.key.password = null
	ssl.keymanager.algorithm = SunX509
	ssl.keystore.certificate.chain = null
	ssl.keystore.key = null
	ssl.keystore.location = null
	ssl.keystore.password = null
	ssl.keystore.type = JKS
	ssl.protocol = TLSv1.3
	ssl.provider = null
	ssl.secure.random.implementation = null
	ssl.trustmanager.algorithm = PKIX
	ssl.truststore.certificates = null
	ssl.truststore.location = null
	ssl.truststore.password = null
	ssl.truststore.type = JKS

2025-10-05T14:14:34.884-04:00  INFO 50881 --- [           main] o.a.kafka.common.utils.AppInfoParser     : Kafka version: 3.6.2
2025-10-05T14:14:34.884-04:00  INFO 50881 --- [           main] o.a.kafka.common.utils.AppInfoParser     : Kafka commitId: c4deed513057c94e
2025-10-05T14:14:34.884-04:00  INFO 50881 --- [           main] o.a.kafka.common.utils.AppInfoParser     : Kafka startTimeMs: 1759688074883
2025-10-05T14:14:34.892-04:00  INFO 50881 --- [| adminclient-1] o.a.kafka.common.utils.AppInfoParser     : App info kafka.admin.client for adminclient-1 unregistered
2025-10-05T14:14:34.892-04:00  INFO 50881 --- [| adminclient-1] o.a.k.c.a.i.AdminMetadataManager         : [AdminClient clientId=adminclient-1] Metadata update failed

org.apache.kafka.common.errors.TimeoutException: Timed out waiting to send the call. Call: fetchMetadata

2025-10-05T14:14:34.897-04:00  INFO 50881 --- [| adminclient-1] o.a.k.clients.admin.KafkaAdminClient     : [AdminClient clientId=adminclient-1] Timed out 1 remaining operation(s) during close.
2025-10-05T14:14:34.905-04:00  INFO 50881 --- [| adminclient-1] o.apache.kafka.common.metrics.Metrics    : Metrics scheduler closed
2025-10-05T14:14:34.905-04:00  INFO 50881 --- [| adminclient-1] o.apache.kafka.common.metrics.Metrics    : Closing reporter org.apache.kafka.common.metrics.JmxReporter
2025-10-05T14:14:34.905-04:00  INFO 50881 --- [| adminclient-1] o.apache.kafka.common.metrics.Metrics    : Metrics reporters closed
2025-10-05T14:14:34.921-04:00  INFO 50881 --- [           main] com.jpmc.midascore.TaskTwoTests          : Starting TaskTwoTests using Java 17.0.12 with PID 50881 (started by admin in /Users/admin/Documents/GitHub/forage-midas)
2025-10-05T14:14:34.923-04:00  INFO 50881 --- [           main] com.jpmc.midascore.TaskTwoTests          : No active profile set, falling back to 1 default profile: "default"
2025-10-05T14:14:36.047-04:00  INFO 50881 --- [           main] .s.d.r.c.RepositoryConfigurationDelegate : Bootstrapping Spring Data JPA repositories in DEFAULT mode.
2025-10-05T14:14:36.153-04:00  INFO 50881 --- [           main] .s.d.r.c.RepositoryConfigurationDelegate : Finished Spring Data repository scanning in 93 ms. Found 1 JPA repository interface.
2025-10-05T14:14:36.939-04:00  INFO 50881 --- [           main] com.zaxxer.hikari.HikariDataSource       : HikariPool-1 - Starting...
2025-10-05T14:14:37.253-04:00  INFO 50881 --- [           main] com.zaxxer.hikari.pool.HikariPool        : HikariPool-1 - Added connection conn0: url=jdbc:h2:mem:52de82ff-446c-4a35-b793-779f6c88afe4 user=SA
2025-10-05T14:14:37.263-04:00  INFO 50881 --- [           main] com.zaxxer.hikari.HikariDataSource       : HikariPool-1 - Start completed.
2025-10-05T14:14:37.349-04:00  INFO 50881 --- [           main] o.hibernate.jpa.internal.util.LogHelper  : HHH000204: Processing PersistenceUnitInfo [name: default]
2025-10-05T14:14:37.452-04:00  INFO 50881 --- [           main] org.hibernate.Version                    : HHH000412: Hibernate ORM core version 6.4.4.Final
2025-10-05T14:14:37.507-04:00  INFO 50881 --- [           main] o.h.c.internal.RegionFactoryInitiator    : HHH000026: Second-level cache disabled
2025-10-05T14:14:37.896-04:00  INFO 50881 --- [           main] o.s.o.j.p.SpringPersistenceUnitInfo      : No LoadTimeWeaver setup: ignoring JPA class transformer
2025-10-05T14:14:39.117-04:00  INFO 50881 --- [           main] o.h.e.t.j.p.i.JtaPlatformInitiator       : HHH000489: No JTA platform available (set 'hibernate.transaction.jta.platform' to enable JTA platform integration)
2025-10-05T14:14:39.164-04:00  INFO 50881 --- [           main] j.LocalContainerEntityManagerFactoryBean : Initialized JPA EntityManagerFactory for persistence unit 'default'
2025-10-05T14:14:39.842-04:00  WARN 50881 --- [           main] JpaBaseConfiguration$JpaWebConfiguration : spring.jpa.open-in-view is enabled by default. Therefore, database queries may be performed during view rendering. Explicitly configure spring.jpa.open-in-view to disable this warning
2025-10-05T14:14:40.327-04:00  INFO 50881 --- [           main] o.a.k.clients.consumer.ConsumerConfig    : ConsumerConfig values: 
	allow.auto.create.topics = true
	auto.commit.interval.ms = 5000
	auto.include.jmx.reporter = true
	auto.offset.reset = earliest
	bootstrap.servers = [localhost:64550]
	check.crcs = true
	client.dns.lookup = use_all_dns_ips
	client.id = consumer-midas-core-1
	client.rack = 
	connections.max.idle.ms = 540000
	default.api.timeout.ms = 60000
	enable.auto.commit = false
	exclude.internal.topics = true
	fetch.max.bytes = 52428800
	fetch.max.wait.ms = 500
	fetch.min.bytes = 1
	group.id = midas-core
	group.instance.id = null
	heartbeat.interval.ms = 3000
	interceptor.classes = []
	internal.leave.group.on.close = true
	internal.throw.on.fetch.stable.offset.unsupported = false
	isolation.level = read_uncommitted
	key.deserializer = class org.apache.kafka.common.serialization.StringDeserializer
	max.partition.fetch.bytes = 1048576
	max.poll.interval.ms = 300000
	max.poll.records = 500
	metadata.max.age.ms = 300000
	metric.reporters = []
	metrics.num.samples = 2
	metrics.recording.level = INFO
	metrics.sample.window.ms = 30000
	partition.assignment.strategy = [class org.apache.kafka.clients.consumer.RangeAssignor, class org.apache.kafka.clients.consumer.CooperativeStickyAssignor]
	receive.buffer.bytes = 65536
	reconnect.backoff.max.ms = 1000
	reconnect.backoff.ms = 50
	request.timeout.ms = 30000
	retry.backoff.ms = 100
	sasl.client.callback.handler.class = null
	sasl.jaas.config = null
	sasl.kerberos.kinit.cmd = /usr/bin/kinit
	sasl.kerberos.min.time.before.relogin = 60000
	sasl.kerberos.service.name = null
	sasl.kerberos.ticket.renew.jitter = 0.05
	sasl.kerberos.ticket.renew.window.factor = 0.8
	sasl.login.callback.handler.class = null
	sasl.login.class = null
	sasl.login.connect.timeout.ms = null
	sasl.login.read.timeout.ms = null
	sasl.login.refresh.buffer.seconds = 300
	sasl.login.refresh.min.period.seconds = 60
	sasl.login.refresh.window.factor = 0.8
	sasl.login.refresh.window.jitter = 0.05
	sasl.login.retry.backoff.max.ms = 10000
	sasl.login.retry.backoff.ms = 100
	sasl.mechanism = GSSAPI
	sasl.oauthbearer.clock.skew.seconds = 30
	sasl.oauthbearer.expected.audience = null
	sasl.oauthbearer.expected.issuer = null
	sasl.oauthbearer.jwks.endpoint.refresh.ms = 3600000
	sasl.oauthbearer.jwks.endpoint.retry.backoff.max.ms = 10000
	sasl.oauthbearer.jwks.endpoint.retry.backoff.ms = 100
	sasl.oauthbearer.jwks.endpoint.url = null
	sasl.oauthbearer.scope.claim.name = scope
	sasl.oauthbearer.sub.claim.name = sub
	sasl.oauthbearer.token.endpoint.url = null
	security.protocol = PLAINTEXT
	security.providers = null
	send.buffer.bytes = 131072
	session.timeout.ms = 45000
	socket.connection.setup.timeout.max.ms = 30000
	socket.connection.setup.timeout.ms = 10000
	ssl.cipher.suites = null
	ssl.enabled.protocols = [TLSv1.2, TLSv1.3]
	ssl.endpoint.identification.algorithm = https
	ssl.engine.factory.class = null
	ssl.key.password = null
	ssl.keymanager.algorithm = SunX509
	ssl.keystore.certificate.chain = null
	ssl.keystore.key = null
	ssl.keystore.location = null
	ssl.keystore.password = null
	ssl.keystore.type = JKS
	ssl.protocol = TLSv1.3
	ssl.provider = null
	ssl.secure.random.implementation = null
	ssl.trustmanager.algorithm = PKIX
	ssl.truststore.certificates = null
	ssl.truststore.location = null
	ssl.truststore.password = null
	ssl.truststore.type = JKS
	value.deserializer = class org.springframework.kafka.support.serializer.JsonDeserializer

2025-10-05T14:14:40.421-04:00  INFO 50881 --- [           main] o.a.kafka.common.utils.AppInfoParser     : Kafka version: 3.6.2
2025-10-05T14:14:40.421-04:00  INFO 50881 --- [           main] o.a.kafka.common.utils.AppInfoParser     : Kafka commitId: c4deed513057c94e
2025-10-05T14:14:40.421-04:00  INFO 50881 --- [           main] o.a.kafka.common.utils.AppInfoParser     : Kafka startTimeMs: 1759688080421
2025-10-05T14:14:40.423-04:00  INFO 50881 --- [           main] fkaConsumerFactory$ExtendedKafkaConsumer : [Consumer clientId=consumer-midas-core-1, groupId=midas-core] Subscribed to topic(s): test-topic
2025-10-05T14:14:40.451-04:00  INFO 50881 --- [           main] com.jpmc.midascore.TaskTwoTests          : Started TaskTwoTests in 8.49 seconds (process running for 10.098)
2025-10-05T14:14:40.526-04:00  INFO 50881 --- [quest-handler-0] k.s.DefaultAutoTopicCreationManager      : Sent auto-creation request for Set(test-topic) to the active controller.
2025-10-05T14:14:40.566-04:00  INFO 50881 --- [quest-handler-7] k.s.DefaultAutoTopicCreationManager      : Sent auto-creation request for Set(__consumer_offsets) to the active controller.
2025-10-05T14:14:40.567-04:00  WARN 50881 --- [ntainer#0-0-C-1] org.apache.kafka.clients.NetworkClient   : [Consumer clientId=consumer-midas-core-1, groupId=midas-core] Error while fetching metadata with correlation id 2 : {test-topic=UNKNOWN_TOPIC_OR_PARTITION}
2025-10-05T14:14:40.574-04:00  INFO 50881 --- [ntainer#0-0-C-1] org.apache.kafka.clients.Metadata        : [Consumer clientId=consumer-midas-core-1, groupId=midas-core] Cluster ID: CDGy8ZNpTSCRYldwwdIcVg
2025-10-05T14:14:40.579-04:00  INFO 50881 --- [0-event-handler] o.a.k.c.ReplicationControlManager        : [QuorumController id=0] CreateTopics result(s): CreatableTopic(name='test-topic', numPartitions=1, replicationFactor=1, assignments=[], configs=[]): SUCCESS
2025-10-05T14:14:40.581-04:00  INFO 50881 --- [0-event-handler] o.a.k.c.ReplicationControlManager        : [QuorumController id=0] Replayed TopicRecord for topic test-topic with topic ID ebDSyiGXT3qfZt5l9-wuXA.
2025-10-05T14:14:40.582-04:00  INFO 50881 --- [0-event-handler] o.a.k.c.ReplicationControlManager        : [QuorumController id=0] Replayed PartitionRecord for new partition test-topic-0 with topic ID ebDSyiGXT3qfZt5l9-wuXA and PartitionRegistration(replicas=[0], isr=[0], removingReplicas=[], addingReplicas=[], leader=0, leaderRecoveryState=RECOVERED, leaderEpoch=0, partitionEpoch=0).
2025-10-05T14:14:40.627-04:00  INFO 50881 --- [r-event-handler] state.change.logger                      : [Broker id=0] Transitioning 1 partition(s) to local leaders.
2025-10-05T14:14:40.632-04:00  INFO 50881 --- [r-event-handler] kafka.server.ReplicaFetcherManager       : [ReplicaFetcherManager on broker 0] Removed fetcher for partitions Set(test-topic-0)
2025-10-05T14:14:40.635-04:00  INFO 50881 --- [r-event-handler] state.change.logger                      : [Broker id=0] Creating new partition test-topic-0 with topic id ebDSyiGXT3qfZt5l9-wuXA.
2025-10-05T14:14:40.635-04:00  INFO 50881 --- [0-event-handler] o.a.k.c.ReplicationControlManager        : [QuorumController id=0] CreateTopics result(s): CreatableTopic(name='__consumer_offsets', numPartitions=50, replicationFactor=1, assignments=[], configs=[CreateableTopicConfig(name='compression.type', value='producer'), CreateableTopicConfig(name='cleanup.policy', value='compact'), CreateableTopicConfig(name='segment.bytes', value='104857600')]): SUCCESS
2025-10-05T14:14:40.635-04:00  INFO 50881 --- [0-event-handler] o.a.k.c.ReplicationControlManager        : [QuorumController id=0] Replayed TopicRecord for topic __consumer_offsets with topic ID MfDJ1SpQRIaxyQGo6LVcpQ.
2025-10-05T14:14:40.636-04:00  INFO 50881 --- [0-event-handler] o.a.k.c.ConfigurationControlManager      : [QuorumController id=0] Replayed ConfigRecord for ConfigResource(type=TOPIC, name='__consumer_offsets') which set configuration compression.type to producer
2025-10-05T14:14:40.636-04:00  INFO 50881 --- [0-event-handler] o.a.k.c.ConfigurationControlManager      : [QuorumController id=0] Replayed ConfigRecord for ConfigResource(type=TOPIC, name='__consumer_offsets') which set configuration cleanup.policy to compact
2025-10-05T14:14:40.636-04:00  INFO 50881 --- [0-event-handler] o.a.k.c.ConfigurationControlManager      : [QuorumController id=0] Replayed ConfigRecord for ConfigResource(type=TOPIC, name='__consumer_offsets') which set configuration segment.bytes to 104857600
2025-10-05T14:14:40.637-04:00  INFO 50881 --- [0-event-handler] o.a.k.c.ReplicationControlManager        : [QuorumController id=0] Replayed PartitionRecord for new partition __consumer_offsets-0 with topic ID MfDJ1SpQRIaxyQGo6LVcpQ and PartitionRegistration(replicas=[0], isr=[0], removingReplicas=[], addingReplicas=[], leader=0, leaderRecoveryState=RECOVERED, leaderEpoch=0, partitionEpoch=0).
2025-10-05T14:14:40.637-04:00  INFO 50881 --- [0-event-handler] o.a.k.c.ReplicationControlManager        : [QuorumController id=0] Replayed PartitionRecord for new partition __consumer_offsets-1 with topic ID MfDJ1SpQRIaxyQGo6LVcpQ and PartitionRegistration(replicas=[0], isr=[0], removingReplicas=[], addingReplicas=[], leader=0, leaderRecoveryState=RECOVERED, leaderEpoch=0, partitionEpoch=0).
2025-10-05T14:14:40.637-04:00  INFO 50881 --- [0-event-handler] o.a.k.c.ReplicationControlManager        : [QuorumController id=0] Replayed PartitionRecord for new partition __consumer_offsets-2 with topic ID MfDJ1SpQRIaxyQGo6LVcpQ and PartitionRegistration(replicas=[0], isr=[0], removingReplicas=[], addingReplicas=[], leader=0, leaderRecoveryState=RECOVERED, leaderEpoch=0, partitionEpoch=0).
2025-10-05T14:14:40.638-04:00  INFO 50881 --- [0-event-handler] o.a.k.c.ReplicationControlManager        : [QuorumController id=0] Replayed PartitionRecord for new partition __consumer_offsets-3 with topic ID MfDJ1SpQRIaxyQGo6LVcpQ and PartitionRegistration(replicas=[0], isr=[0], removingReplicas=[], addingReplicas=[], leader=0, leaderRecoveryState=RECOVERED, leaderEpoch=0, partitionEpoch=0).
2025-10-05T14:14:40.638-04:00  INFO 50881 --- [0-event-handler] o.a.k.c.ReplicationControlManager        : [QuorumController id=0] Replayed PartitionRecord for new partition __consumer_offsets-4 with topic ID MfDJ1SpQRIaxyQGo6LVcpQ and PartitionRegistration(replicas=[0], isr=[0], removingReplicas=[], addingReplicas=[], leader=0, leaderRecoveryState=RECOVERED, leaderEpoch=0, partitionEpoch=0).
2025-10-05T14:14:40.638-04:00  INFO 50881 --- [0-event-handler] o.a.k.c.ReplicationControlManager        : [QuorumController id=0] Replayed PartitionRecord for new partition __consumer_offsets-5 with topic ID MfDJ1SpQRIaxyQGo6LVcpQ and PartitionRegistration(replicas=[0], isr=[0], removingReplicas=[], addingReplicas=[], leader=0, leaderRecoveryState=RECOVERED, leaderEpoch=0, partitionEpoch=0).
2025-10-05T14:14:40.639-04:00  INFO 50881 --- [0-event-handler] o.a.k.c.ReplicationControlManager        : [QuorumController id=0] Replayed PartitionRecord for new partition __consumer_offsets-6 with topic ID MfDJ1SpQRIaxyQGo6LVcpQ and PartitionRegistration(replicas=[0], isr=[0], removingReplicas=[], addingReplicas=[], leader=0, leaderRecoveryState=RECOVERED, leaderEpoch=0, partitionEpoch=0).
2025-10-05T14:14:40.639-04:00  INFO 50881 --- [0-event-handler] o.a.k.c.ReplicationControlManager        : [QuorumController id=0] Replayed PartitionRecord for new partition __consumer_offsets-7 with topic ID MfDJ1SpQRIaxyQGo6LVcpQ and PartitionRegistration(replicas=[0], isr=[0], removingReplicas=[], addingReplicas=[], leader=0, leaderRecoveryState=RECOVERED, leaderEpoch=0, partitionEpoch=0).
2025-10-05T14:14:40.639-04:00  INFO 50881 --- [0-event-handler] o.a.k.c.ReplicationControlManager        : [QuorumController id=0] Replayed PartitionRecord for new partition __consumer_offsets-8 with topic ID MfDJ1SpQRIaxyQGo6LVcpQ and PartitionRegistration(replicas=[0], isr=[0], removingReplicas=[], addingReplicas=[], leader=0, leaderRecoveryState=RECOVERED, leaderEpoch=0, partitionEpoch=0).
2025-10-05T14:14:40.640-04:00  INFO 50881 --- [0-event-handler] o.a.k.c.ReplicationControlManager        : [QuorumController id=0] Replayed PartitionRecord for new partition __consumer_offsets-9 with topic ID MfDJ1SpQRIaxyQGo6LVcpQ and PartitionRegistration(replicas=[0], isr=[0], removingReplicas=[], addingReplicas=[], leader=0, leaderRecoveryState=RECOVERED, leaderEpoch=0, partitionEpoch=0).
2025-10-05T14:14:40.640-04:00  INFO 50881 --- [0-event-handler] o.a.k.c.ReplicationControlManager        : [QuorumController id=0] Replayed PartitionRecord for new partition __consumer_offsets-10 with topic ID MfDJ1SpQRIaxyQGo6LVcpQ and PartitionRegistration(replicas=[0], isr=[0], removingReplicas=[], addingReplicas=[], leader=0, leaderRecoveryState=RECOVERED, leaderEpoch=0, partitionEpoch=0).
2025-10-05T14:14:40.640-04:00  INFO 50881 --- [0-event-handler] o.a.k.c.ReplicationControlManager        : [QuorumController id=0] Replayed PartitionRecord for new partition __consumer_offsets-11 with topic ID MfDJ1SpQRIaxyQGo6LVcpQ and PartitionRegistration(replicas=[0], isr=[0], removingReplicas=[], addingReplicas=[], leader=0, leaderRecoveryState=RECOVERED, leaderEpoch=0, partitionEpoch=0).
2025-10-05T14:14:40.641-04:00  INFO 50881 --- [0-event-handler] o.a.k.c.ReplicationControlManager        : [QuorumController id=0] Replayed PartitionRecord for new partition __consumer_offsets-12 with topic ID MfDJ1SpQRIaxyQGo6LVcpQ and PartitionRegistration(replicas=[0], isr=[0], removingReplicas=[], addingReplicas=[], leader=0, leaderRecoveryState=RECOVERED, leaderEpoch=0, partitionEpoch=0).
2025-10-05T14:14:40.641-04:00  INFO 50881 --- [0-event-handler] o.a.k.c.ReplicationControlManager        : [QuorumController id=0] Replayed PartitionRecord for new partition __consumer_offsets-13 with topic ID MfDJ1SpQRIaxyQGo6LVcpQ and PartitionRegistration(replicas=[0], isr=[0], removingReplicas=[], addingReplicas=[], leader=0, leaderRecoveryState=RECOVERED, leaderEpoch=0, partitionEpoch=0).
2025-10-05T14:14:40.642-04:00  INFO 50881 --- [0-event-handler] o.a.k.c.ReplicationControlManager        : [QuorumController id=0] Replayed PartitionRecord for new partition __consumer_offsets-14 with topic ID MfDJ1SpQRIaxyQGo6LVcpQ and PartitionRegistration(replicas=[0], isr=[0], removingReplicas=[], addingReplicas=[], leader=0, leaderRecoveryState=RECOVERED, leaderEpoch=0, partitionEpoch=0).
2025-10-05T14:14:40.642-04:00  INFO 50881 --- [0-event-handler] o.a.k.c.ReplicationControlManager        : [QuorumController id=0] Replayed PartitionRecord for new partition __consumer_offsets-15 with topic ID MfDJ1SpQRIaxyQGo6LVcpQ and PartitionRegistration(replicas=[0], isr=[0], removingReplicas=[], addingReplicas=[], leader=0, leaderRecoveryState=RECOVERED, leaderEpoch=0, partitionEpoch=0).
2025-10-05T14:14:40.642-04:00  INFO 50881 --- [0-event-handler] o.a.k.c.ReplicationControlManager        : [QuorumController id=0] Replayed PartitionRecord for new partition __consumer_offsets-16 with topic ID MfDJ1SpQRIaxyQGo6LVcpQ and PartitionRegistration(replicas=[0], isr=[0], removingReplicas=[], addingReplicas=[], leader=0, leaderRecoveryState=RECOVERED, leaderEpoch=0, partitionEpoch=0).
2025-10-05T14:14:40.642-04:00  INFO 50881 --- [0-event-handler] o.a.k.c.ReplicationControlManager        : [QuorumController id=0] Replayed PartitionRecord for new partition __consumer_offsets-17 with topic ID MfDJ1SpQRIaxyQGo6LVcpQ and PartitionRegistration(replicas=[0], isr=[0], removingReplicas=[], addingReplicas=[], leader=0, leaderRecoveryState=RECOVERED, leaderEpoch=0, partitionEpoch=0).
2025-10-05T14:14:40.643-04:00  INFO 50881 --- [0-event-handler] o.a.k.c.ReplicationControlManager        : [QuorumController id=0] Replayed PartitionRecord for new partition __consumer_offsets-18 with topic ID MfDJ1SpQRIaxyQGo6LVcpQ and PartitionRegistration(replicas=[0], isr=[0], removingReplicas=[], addingReplicas=[], leader=0, leaderRecoveryState=RECOVERED, leaderEpoch=0, partitionEpoch=0).
2025-10-05T14:14:40.643-04:00  INFO 50881 --- [0-event-handler] o.a.k.c.ReplicationControlManager        : [QuorumController id=0] Replayed PartitionRecord for new partition __consumer_offsets-19 with topic ID MfDJ1SpQRIaxyQGo6LVcpQ and PartitionRegistration(replicas=[0], isr=[0], removingReplicas=[], addingReplicas=[], leader=0, leaderRecoveryState=RECOVERED, leaderEpoch=0, partitionEpoch=0).
2025-10-05T14:14:40.644-04:00  INFO 50881 --- [0-event-handler] o.a.k.c.ReplicationControlManager        : [QuorumController id=0] Replayed PartitionRecord for new partition __consumer_offsets-20 with topic ID MfDJ1SpQRIaxyQGo6LVcpQ and PartitionRegistration(replicas=[0], isr=[0], removingReplicas=[], addingReplicas=[], leader=0, leaderRecoveryState=RECOVERED, leaderEpoch=0, partitionEpoch=0).
2025-10-05T14:14:40.644-04:00  INFO 50881 --- [0-event-handler] o.a.k.c.ReplicationControlManager        : [QuorumController id=0] Replayed PartitionRecord for new partition __consumer_offsets-21 with topic ID MfDJ1SpQRIaxyQGo6LVcpQ and PartitionRegistration(replicas=[0], isr=[0], removingReplicas=[], addingReplicas=[], leader=0, leaderRecoveryState=RECOVERED, leaderEpoch=0, partitionEpoch=0).
2025-10-05T14:14:40.644-04:00  INFO 50881 --- [0-event-handler] o.a.k.c.ReplicationControlManager        : [QuorumController id=0] Replayed PartitionRecord for new partition __consumer_offsets-22 with topic ID MfDJ1SpQRIaxyQGo6LVcpQ and PartitionRegistration(replicas=[0], isr=[0], removingReplicas=[], addingReplicas=[], leader=0, leaderRecoveryState=RECOVERED, leaderEpoch=0, partitionEpoch=0).
2025-10-05T14:14:40.644-04:00  INFO 50881 --- [0-event-handler] o.a.k.c.ReplicationControlManager        : [QuorumController id=0] Replayed PartitionRecord for new partition __consumer_offsets-23 with topic ID MfDJ1SpQRIaxyQGo6LVcpQ and PartitionRegistration(replicas=[0], isr=[0], removingReplicas=[], addingReplicas=[], leader=0, leaderRecoveryState=RECOVERED, leaderEpoch=0, partitionEpoch=0).
2025-10-05T14:14:40.645-04:00  INFO 50881 --- [0-event-handler] o.a.k.c.ReplicationControlManager        : [QuorumController id=0] Replayed PartitionRecord for new partition __consumer_offsets-24 with topic ID MfDJ1SpQRIaxyQGo6LVcpQ and PartitionRegistration(replicas=[0], isr=[0], removingReplicas=[], addingReplicas=[], leader=0, leaderRecoveryState=RECOVERED, leaderEpoch=0, partitionEpoch=0).
2025-10-05T14:14:40.646-04:00  INFO 50881 --- [0-event-handler] o.a.k.c.ReplicationControlManager        : [QuorumController id=0] Replayed PartitionRecord for new partition __consumer_offsets-25 with topic ID MfDJ1SpQRIaxyQGo6LVcpQ and PartitionRegistration(replicas=[0], isr=[0], removingReplicas=[], addingReplicas=[], leader=0, leaderRecoveryState=RECOVERED, leaderEpoch=0, partitionEpoch=0).
2025-10-05T14:14:40.647-04:00  INFO 50881 --- [0-event-handler] o.a.k.c.ReplicationControlManager        : [QuorumController id=0] Replayed PartitionRecord for new partition __consumer_offsets-26 with topic ID MfDJ1SpQRIaxyQGo6LVcpQ and PartitionRegistration(replicas=[0], isr=[0], removingReplicas=[], addingReplicas=[], leader=0, leaderRecoveryState=RECOVERED, leaderEpoch=0, partitionEpoch=0).
2025-10-05T14:14:40.647-04:00  INFO 50881 --- [0-event-handler] o.a.k.c.ReplicationControlManager        : [QuorumController id=0] Replayed PartitionRecord for new partition __consumer_offsets-27 with topic ID MfDJ1SpQRIaxyQGo6LVcpQ and PartitionRegistration(replicas=[0], isr=[0], removingReplicas=[], addingReplicas=[], leader=0, leaderRecoveryState=RECOVERED, leaderEpoch=0, partitionEpoch=0).
2025-10-05T14:14:40.647-04:00  INFO 50881 --- [0-event-handler] o.a.k.c.ReplicationControlManager        : [QuorumController id=0] Replayed PartitionRecord for new partition __consumer_offsets-28 with topic ID MfDJ1SpQRIaxyQGo6LVcpQ and PartitionRegistration(replicas=[0], isr=[0], removingReplicas=[], addingReplicas=[], leader=0, leaderRecoveryState=RECOVERED, leaderEpoch=0, partitionEpoch=0).
2025-10-05T14:14:40.648-04:00  INFO 50881 --- [0-event-handler] o.a.k.c.ReplicationControlManager        : [QuorumController id=0] Replayed PartitionRecord for new partition __consumer_offsets-29 with topic ID MfDJ1SpQRIaxyQGo6LVcpQ and PartitionRegistration(replicas=[0], isr=[0], removingReplicas=[], addingReplicas=[], leader=0, leaderRecoveryState=RECOVERED, leaderEpoch=0, partitionEpoch=0).
2025-10-05T14:14:40.648-04:00  INFO 50881 --- [0-event-handler] o.a.k.c.ReplicationControlManager        : [QuorumController id=0] Replayed PartitionRecord for new partition __consumer_offsets-30 with topic ID MfDJ1SpQRIaxyQGo6LVcpQ and PartitionRegistration(replicas=[0], isr=[0], removingReplicas=[], addingReplicas=[], leader=0, leaderRecoveryState=RECOVERED, leaderEpoch=0, partitionEpoch=0).
2025-10-05T14:14:40.648-04:00  INFO 50881 --- [0-event-handler] o.a.k.c.ReplicationControlManager        : [QuorumController id=0] Replayed PartitionRecord for new partition __consumer_offsets-31 with topic ID MfDJ1SpQRIaxyQGo6LVcpQ and PartitionRegistration(replicas=[0], isr=[0], removingReplicas=[], addingReplicas=[], leader=0, leaderRecoveryState=RECOVERED, leaderEpoch=0, partitionEpoch=0).
2025-10-05T14:14:40.649-04:00  INFO 50881 --- [0-event-handler] o.a.k.c.ReplicationControlManager        : [QuorumController id=0] Replayed PartitionRecord for new partition __consumer_offsets-32 with topic ID MfDJ1SpQRIaxyQGo6LVcpQ and PartitionRegistration(replicas=[0], isr=[0], removingReplicas=[], addingReplicas=[], leader=0, leaderRecoveryState=RECOVERED, leaderEpoch=0, partitionEpoch=0).
2025-10-05T14:14:40.649-04:00  INFO 50881 --- [0-event-handler] o.a.k.c.ReplicationControlManager        : [QuorumController id=0] Replayed PartitionRecord for new partition __consumer_offsets-33 with topic ID MfDJ1SpQRIaxyQGo6LVcpQ and PartitionRegistration(replicas=[0], isr=[0], removingReplicas=[], addingReplicas=[], leader=0, leaderRecoveryState=RECOVERED, leaderEpoch=0, partitionEpoch=0).
2025-10-05T14:14:40.649-04:00  INFO 50881 --- [0-event-handler] o.a.k.c.ReplicationControlManager        : [QuorumController id=0] Replayed PartitionRecord for new partition __consumer_offsets-34 with topic ID MfDJ1SpQRIaxyQGo6LVcpQ and PartitionRegistration(replicas=[0], isr=[0], removingReplicas=[], addingReplicas=[], leader=0, leaderRecoveryState=RECOVERED, leaderEpoch=0, partitionEpoch=0).
2025-10-05T14:14:40.650-04:00  INFO 50881 --- [0-event-handler] o.a.k.c.ReplicationControlManager        : [QuorumController id=0] Replayed PartitionRecord for new partition __consumer_offsets-35 with topic ID MfDJ1SpQRIaxyQGo6LVcpQ and PartitionRegistration(replicas=[0], isr=[0], removingReplicas=[], addingReplicas=[], leader=0, leaderRecoveryState=RECOVERED, leaderEpoch=0, partitionEpoch=0).
2025-10-05T14:14:40.650-04:00  INFO 50881 --- [0-event-handler] o.a.k.c.ReplicationControlManager        : [QuorumController id=0] Replayed PartitionRecord for new partition __consumer_offsets-36 with topic ID MfDJ1SpQRIaxyQGo6LVcpQ and PartitionRegistration(replicas=[0], isr=[0], removingReplicas=[], addingReplicas=[], leader=0, leaderRecoveryState=RECOVERED, leaderEpoch=0, partitionEpoch=0).
2025-10-05T14:14:40.650-04:00  INFO 50881 --- [0-event-handler] o.a.k.c.ReplicationControlManager        : [QuorumController id=0] Replayed PartitionRecord for new partition __consumer_offsets-37 with topic ID MfDJ1SpQRIaxyQGo6LVcpQ and PartitionRegistration(replicas=[0], isr=[0], removingReplicas=[], addingReplicas=[], leader=0, leaderRecoveryState=RECOVERED, leaderEpoch=0, partitionEpoch=0).
2025-10-05T14:14:40.651-04:00  INFO 50881 --- [0-event-handler] o.a.k.c.ReplicationControlManager        : [QuorumController id=0] Replayed PartitionRecord for new partition __consumer_offsets-38 with topic ID MfDJ1SpQRIaxyQGo6LVcpQ and PartitionRegistration(replicas=[0], isr=[0], removingReplicas=[], addingReplicas=[], leader=0, leaderRecoveryState=RECOVERED, leaderEpoch=0, partitionEpoch=0).
2025-10-05T14:14:40.651-04:00  INFO 50881 --- [0-event-handler] o.a.k.c.ReplicationControlManager        : [QuorumController id=0] Replayed PartitionRecord for new partition __consumer_offsets-39 with topic ID MfDJ1SpQRIaxyQGo6LVcpQ and PartitionRegistration(replicas=[0], isr=[0], removingReplicas=[], addingReplicas=[], leader=0, leaderRecoveryState=RECOVERED, leaderEpoch=0, partitionEpoch=0).
2025-10-05T14:14:40.651-04:00  INFO 50881 --- [0-event-handler] o.a.k.c.ReplicationControlManager        : [QuorumController id=0] Replayed PartitionRecord for new partition __consumer_offsets-40 with topic ID MfDJ1SpQRIaxyQGo6LVcpQ and PartitionRegistration(replicas=[0], isr=[0], removingReplicas=[], addingReplicas=[], leader=0, leaderRecoveryState=RECOVERED, leaderEpoch=0, partitionEpoch=0).
2025-10-05T14:14:40.652-04:00  INFO 50881 --- [0-event-handler] o.a.k.c.ReplicationControlManager        : [QuorumController id=0] Replayed PartitionRecord for new partition __consumer_offsets-41 with topic ID MfDJ1SpQRIaxyQGo6LVcpQ and PartitionRegistration(replicas=[0], isr=[0], removingReplicas=[], addingReplicas=[], leader=0, leaderRecoveryState=RECOVERED, leaderEpoch=0, partitionEpoch=0).
2025-10-05T14:14:40.652-04:00  INFO 50881 --- [0-event-handler] o.a.k.c.ReplicationControlManager        : [QuorumController id=0] Replayed PartitionRecord for new partition __consumer_offsets-42 with topic ID MfDJ1SpQRIaxyQGo6LVcpQ and PartitionRegistration(replicas=[0], isr=[0], removingReplicas=[], addingReplicas=[], leader=0, leaderRecoveryState=RECOVERED, leaderEpoch=0, partitionEpoch=0).
2025-10-05T14:14:40.652-04:00  INFO 50881 --- [0-event-handler] o.a.k.c.ReplicationControlManager        : [QuorumController id=0] Replayed PartitionRecord for new partition __consumer_offsets-43 with topic ID MfDJ1SpQRIaxyQGo6LVcpQ and PartitionRegistration(replicas=[0], isr=[0], removingReplicas=[], addingReplicas=[], leader=0, leaderRecoveryState=RECOVERED, leaderEpoch=0, partitionEpoch=0).
2025-10-05T14:14:40.653-04:00  INFO 50881 --- [0-event-handler] o.a.k.c.ReplicationControlManager        : [QuorumController id=0] Replayed PartitionRecord for new partition __consumer_offsets-44 with topic ID MfDJ1SpQRIaxyQGo6LVcpQ and PartitionRegistration(replicas=[0], isr=[0], removingReplicas=[], addingReplicas=[], leader=0, leaderRecoveryState=RECOVERED, leaderEpoch=0, partitionEpoch=0).
2025-10-05T14:14:40.653-04:00  INFO 50881 --- [0-event-handler] o.a.k.c.ReplicationControlManager        : [QuorumController id=0] Replayed PartitionRecord for new partition __consumer_offsets-45 with topic ID MfDJ1SpQRIaxyQGo6LVcpQ and PartitionRegistration(replicas=[0], isr=[0], removingReplicas=[], addingReplicas=[], leader=0, leaderRecoveryState=RECOVERED, leaderEpoch=0, partitionEpoch=0).
2025-10-05T14:14:40.653-04:00  INFO 50881 --- [0-event-handler] o.a.k.c.ReplicationControlManager        : [QuorumController id=0] Replayed PartitionRecord for new partition __consumer_offsets-46 with topic ID MfDJ1SpQRIaxyQGo6LVcpQ and PartitionRegistration(replicas=[0], isr=[0], removingReplicas=[], addingReplicas=[], leader=0, leaderRecoveryState=RECOVERED, leaderEpoch=0, partitionEpoch=0).
2025-10-05T14:14:40.655-04:00  INFO 50881 --- [0-event-handler] o.a.k.c.ReplicationControlManager        : [QuorumController id=0] Replayed PartitionRecord for new partition __consumer_offsets-47 with topic ID MfDJ1SpQRIaxyQGo6LVcpQ and PartitionRegistration(replicas=[0], isr=[0], removingReplicas=[], addingReplicas=[], leader=0, leaderRecoveryState=RECOVERED, leaderEpoch=0, partitionEpoch=0).
2025-10-05T14:14:40.655-04:00  INFO 50881 --- [0-event-handler] o.a.k.c.ReplicationControlManager        : [QuorumController id=0] Replayed PartitionRecord for new partition __consumer_offsets-48 with topic ID MfDJ1SpQRIaxyQGo6LVcpQ and PartitionRegistration(replicas=[0], isr=[0], removingReplicas=[], addingReplicas=[], leader=0, leaderRecoveryState=RECOVERED, leaderEpoch=0, partitionEpoch=0).
2025-10-05T14:14:40.655-04:00  INFO 50881 --- [0-event-handler] o.a.k.c.ReplicationControlManager        : [QuorumController id=0] Replayed PartitionRecord for new partition __consumer_offsets-49 with topic ID MfDJ1SpQRIaxyQGo6LVcpQ and PartitionRegistration(replicas=[0], isr=[0], removingReplicas=[], addingReplicas=[], leader=0, leaderRecoveryState=RECOVERED, leaderEpoch=0, partitionEpoch=0).
2025-10-05T14:14:40.671-04:00  INFO 50881 --- [r-event-handler] kafka.log.UnifiedLog$                    : [LogLoader partition=test-topic-0, dir=/var/folders/ss/jwjd4m2s3kn4_3p65f4z1gj40000gn/T/kafka-12505999679797277985/broker_0_data0] Loading producer state till offset 0 with message format version 2
2025-10-05T14:14:40.675-04:00  INFO 50881 --- [r-event-handler] kafka.log.LogManager                     : Created log for partition test-topic-0 in /var/folders/ss/jwjd4m2s3kn4_3p65f4z1gj40000gn/T/kafka-12505999679797277985/broker_0_data0/test-topic-0 with properties {}
2025-10-05T14:14:40.679-04:00  INFO 50881 --- [r-event-handler] kafka.cluster.Partition                  : [Partition test-topic-0 broker=0] No checkpointed highwatermark is found for partition test-topic-0
2025-10-05T14:14:40.685-04:00  INFO 50881 --- [r-event-handler] kafka.cluster.Partition                  : [Partition test-topic-0 broker=0] Log loaded for partition test-topic-0 with initial high watermark 0
2025-10-05T14:14:40.696-04:00  INFO 50881 --- [r-event-handler] state.change.logger                      : [Broker id=0] Leader test-topic-0 with topic id Some(ebDSyiGXT3qfZt5l9-wuXA) starts at leader epoch 0 from offset 0 with partition epoch 0, high watermark 0, ISR [0], adding replicas [] and removing replicas [] . Previous leader None and previous leader epoch was -1.
2025-10-05T14:14:40.718-04:00  INFO 50881 --- [r-event-handler] state.change.logger                      : [Broker id=0] Transitioning 50 partition(s) to local leaders.
2025-10-05T14:14:40.719-04:00  INFO 50881 --- [r-event-handler] kafka.server.ReplicaFetcherManager       : [ReplicaFetcherManager on broker 0] Removed fetcher for partitions Set(__consumer_offsets-13, __consumer_offsets-46, __consumer_offsets-9, __consumer_offsets-42, __consumer_offsets-21, __consumer_offsets-17, __consumer_offsets-30, __consumer_offsets-26, __consumer_offsets-5, __consumer_offsets-38, __consumer_offsets-1, __consumer_offsets-34, __consumer_offsets-16, __consumer_offsets-45, __consumer_offsets-12, __consumer_offsets-41, __consumer_offsets-24, __consumer_offsets-20, __consumer_offsets-49, __consumer_offsets-0, __consumer_offsets-29, __consumer_offsets-25, __consumer_offsets-8, __consumer_offsets-37, __consumer_offsets-4, __consumer_offsets-33, __consumer_offsets-15, __consumer_offsets-48, __consumer_offsets-11, __consumer_offsets-44, __consumer_offsets-23, __consumer_offsets-19, __consumer_offsets-32, __consumer_offsets-28, __consumer_offsets-7, __consumer_offsets-40, __consumer_offsets-3, __consumer_offsets-36, __consumer_offsets-47, __consumer_offsets-14, __consumer_offsets-43, __consumer_offsets-10, __consumer_offsets-22, __consumer_offsets-18, __consumer_offsets-31, __consumer_offsets-27, __consumer_offsets-39, __consumer_offsets-6, __consumer_offsets-35, __consumer_offsets-2)
2025-10-05T14:14:40.719-04:00  INFO 50881 --- [r-event-handler] state.change.logger                      : [Broker id=0] Creating new partition __consumer_offsets-13 with topic id MfDJ1SpQRIaxyQGo6LVcpQ.
2025-10-05T14:14:40.729-04:00  INFO 50881 --- [r-event-handler] kafka.log.UnifiedLog$                    : [LogLoader partition=__consumer_offsets-13, dir=/var/folders/ss/jwjd4m2s3kn4_3p65f4z1gj40000gn/T/kafka-12505999679797277985/broker_0_data0] Loading producer state till offset 0 with message format version 2
2025-10-05T14:14:40.730-04:00  INFO 50881 --- [r-event-handler] kafka.log.LogManager                     : Created log for partition __consumer_offsets-13 in /var/folders/ss/jwjd4m2s3kn4_3p65f4z1gj40000gn/T/kafka-12505999679797277985/broker_0_data0/__consumer_offsets-13 with properties {cleanup.policy=compact, compression.type="producer", segment.bytes=104857600}
2025-10-05T14:14:40.731-04:00  INFO 50881 --- [r-event-handler] kafka.cluster.Partition                  : [Partition __consumer_offsets-13 broker=0] No checkpointed highwatermark is found for partition __consumer_offsets-13
2025-10-05T14:14:40.731-04:00  INFO 50881 --- [r-event-handler] kafka.cluster.Partition                  : [Partition __consumer_offsets-13 broker=0] Log loaded for partition __consumer_offsets-13 with initial high watermark 0
2025-10-05T14:14:40.732-04:00  INFO 50881 --- [r-event-handler] state.change.logger                      : [Broker id=0] Leader __consumer_offsets-13 with topic id Some(MfDJ1SpQRIaxyQGo6LVcpQ) starts at leader epoch 0 from offset 0 with partition epoch 0, high watermark 0, ISR [0], adding replicas [] and removing replicas [] . Previous leader None and previous leader epoch was -1.
2025-10-05T14:14:40.751-04:00  INFO 50881 --- [r-event-handler] state.change.logger                      : [Broker id=0] Creating new partition __consumer_offsets-46 with topic id MfDJ1SpQRIaxyQGo6LVcpQ.
2025-10-05T14:14:40.758-04:00  INFO 50881 --- [r-event-handler] kafka.log.UnifiedLog$                    : [LogLoader partition=__consumer_offsets-46, dir=/var/folders/ss/jwjd4m2s3kn4_3p65f4z1gj40000gn/T/kafka-12505999679797277985/broker_0_data0] Loading producer state till offset 0 with message format version 2
2025-10-05T14:14:40.759-04:00  INFO 50881 --- [r-event-handler] kafka.log.LogManager                     : Created log for partition __consumer_offsets-46 in /var/folders/ss/jwjd4m2s3kn4_3p65f4z1gj40000gn/T/kafka-12505999679797277985/broker_0_data0/__consumer_offsets-46 with properties {cleanup.policy=compact, compression.type="producer", segment.bytes=104857600}
2025-10-05T14:14:40.759-04:00  INFO 50881 --- [r-event-handler] kafka.cluster.Partition                  : [Partition __consumer_offsets-46 broker=0] No checkpointed highwatermark is found for partition __consumer_offsets-46
2025-10-05T14:14:40.759-04:00  INFO 50881 --- [r-event-handler] kafka.cluster.Partition                  : [Partition __consumer_offsets-46 broker=0] Log loaded for partition __consumer_offsets-46 with initial high watermark 0
2025-10-05T14:14:40.760-04:00  INFO 50881 --- [r-event-handler] state.change.logger                      : [Broker id=0] Leader __consumer_offsets-46 with topic id Some(MfDJ1SpQRIaxyQGo6LVcpQ) starts at leader epoch 0 from offset 0 with partition epoch 0, high watermark 0, ISR [0], adding replicas [] and removing replicas [] . Previous leader None and previous leader epoch was -1.
2025-10-05T14:14:40.790-04:00  INFO 50881 --- [ntainer#0-0-C-1] o.a.k.c.c.internals.ConsumerCoordinator  : [Consumer clientId=consumer-midas-core-1, groupId=midas-core] Discovered group coordinator localhost:64550 (id: 2147483647 rack: null)
2025-10-05T14:14:40.792-04:00  INFO 50881 --- [ntainer#0-0-C-1] o.a.k.c.c.internals.ConsumerCoordinator  : [Consumer clientId=consumer-midas-core-1, groupId=midas-core] (Re-)joining group
2025-10-05T14:14:40.801-04:00  INFO 50881 --- [r-event-handler] state.change.logger                      : [Broker id=0] Creating new partition __consumer_offsets-9 with topic id MfDJ1SpQRIaxyQGo6LVcpQ.
2025-10-05T14:14:40.817-04:00  INFO 50881 --- [r-event-handler] kafka.log.UnifiedLog$                    : [LogLoader partition=__consumer_offsets-9, dir=/var/folders/ss/jwjd4m2s3kn4_3p65f4z1gj40000gn/T/kafka-12505999679797277985/broker_0_data0] Loading producer state till offset 0 with message format version 2
2025-10-05T14:14:40.821-04:00  INFO 50881 --- [r-event-handler] kafka.log.LogManager                     : Created log for partition __consumer_offsets-9 in /var/folders/ss/jwjd4m2s3kn4_3p65f4z1gj40000gn/T/kafka-12505999679797277985/broker_0_data0/__consumer_offsets-9 with properties {cleanup.policy=compact, compression.type="producer", segment.bytes=104857600}
2025-10-05T14:14:40.822-04:00  INFO 50881 --- [r-event-handler] kafka.cluster.Partition                  : [Partition __consumer_offsets-9 broker=0] No checkpointed highwatermark is found for partition __consumer_offsets-9
2025-10-05T14:14:40.822-04:00  INFO 50881 --- [r-event-handler] kafka.cluster.Partition                  : [Partition __consumer_offsets-9 broker=0] Log loaded for partition __consumer_offsets-9 with initial high watermark 0
2025-10-05T14:14:40.822-04:00  INFO 50881 --- [r-event-handler] state.change.logger                      : [Broker id=0] Leader __consumer_offsets-9 with topic id Some(MfDJ1SpQRIaxyQGo6LVcpQ) starts at leader epoch 0 from offset 0 with partition epoch 0, high watermark 0, ISR [0], adding replicas [] and removing replicas [] . Previous leader None and previous leader epoch was -1.
2025-10-05T14:14:40.829-04:00  INFO 50881 --- [ntainer#0-0-C-1] o.a.k.c.c.internals.ConsumerCoordinator  : [Consumer clientId=consumer-midas-core-1, groupId=midas-core] Group coordinator localhost:64550 (id: 2147483647 rack: null) is unavailable or invalid due to cause: error response NOT_COORDINATOR. isDisconnected: false. Rediscovery will be attempted.
2025-10-05T14:14:40.830-04:00  INFO 50881 --- [ntainer#0-0-C-1] o.a.k.c.c.internals.ConsumerCoordinator  : [Consumer clientId=consumer-midas-core-1, groupId=midas-core] Requesting disconnect from last known coordinator localhost:64550 (id: 2147483647 rack: null)
2025-10-05T14:14:40.830-04:00  INFO 50881 --- [ntainer#0-0-C-1] o.a.k.c.c.internals.ConsumerCoordinator  : [Consumer clientId=consumer-midas-core-1, groupId=midas-core] JoinGroup failed: This is not the correct coordinator. Marking coordinator unknown. Sent generation was Generation{generationId=-1, memberId='', protocol='null'}
2025-10-05T14:14:40.831-04:00  INFO 50881 --- [ntainer#0-0-C-1] org.apache.kafka.clients.NetworkClient   : [Consumer clientId=consumer-midas-core-1, groupId=midas-core] Client requested disconnect from node 2147483647
2025-10-05T14:14:40.835-04:00  INFO 50881 --- [ntainer#0-0-C-1] o.a.k.c.c.internals.ConsumerCoordinator  : [Consumer clientId=consumer-midas-core-1, groupId=midas-core] Discovered group coordinator localhost:64550 (id: 2147483647 rack: null)
2025-10-05T14:14:40.835-04:00  INFO 50881 --- [ntainer#0-0-C-1] o.a.k.c.c.internals.ConsumerCoordinator  : [Consumer clientId=consumer-midas-core-1, groupId=midas-core] Group coordinator localhost:64550 (id: 2147483647 rack: null) is unavailable or invalid due to cause: coordinator unavailable. isDisconnected: false. Rediscovery will be attempted.
2025-10-05T14:14:40.835-04:00  INFO 50881 --- [ntainer#0-0-C-1] o.a.k.c.c.internals.ConsumerCoordinator  : [Consumer clientId=consumer-midas-core-1, groupId=midas-core] Requesting disconnect from last known coordinator localhost:64550 (id: 2147483647 rack: null)
2025-10-05T14:14:40.840-04:00  INFO 50881 --- [r-event-handler] state.change.logger                      : [Broker id=0] Creating new partition __consumer_offsets-42 with topic id MfDJ1SpQRIaxyQGo6LVcpQ.
2025-10-05T14:14:40.846-04:00  INFO 50881 --- [r-event-handler] kafka.log.UnifiedLog$                    : [LogLoader partition=__consumer_offsets-42, dir=/var/folders/ss/jwjd4m2s3kn4_3p65f4z1gj40000gn/T/kafka-12505999679797277985/broker_0_data0] Loading producer state till offset 0 with message format version 2
2025-10-05T14:14:40.848-04:00  INFO 50881 --- [r-event-handler] kafka.log.LogManager                     : Created log for partition __consumer_offsets-42 in /var/folders/ss/jwjd4m2s3kn4_3p65f4z1gj40000gn/T/kafka-12505999679797277985/broker_0_data0/__consumer_offsets-42 with properties {cleanup.policy=compact, compression.type="producer", segment.bytes=104857600}
2025-10-05T14:14:40.848-04:00  INFO 50881 --- [r-event-handler] kafka.cluster.Partition                  : [Partition __consumer_offsets-42 broker=0] No checkpointed highwatermark is found for partition __consumer_offsets-42
2025-10-05T14:14:40.848-04:00  INFO 50881 --- [r-event-handler] kafka.cluster.Partition                  : [Partition __consumer_offsets-42 broker=0] Log loaded for partition __consumer_offsets-42 with initial high watermark 0
2025-10-05T14:14:40.848-04:00  INFO 50881 --- [r-event-handler] state.change.logger                      : [Broker id=0] Leader __consumer_offsets-42 with topic id Some(MfDJ1SpQRIaxyQGo6LVcpQ) starts at leader epoch 0 from offset 0 with partition epoch 0, high watermark 0, ISR [0], adding replicas [] and removing replicas [] . Previous leader None and previous leader epoch was -1.
2025-10-05T14:14:40.869-04:00  INFO 50881 --- [r-event-handler] state.change.logger                      : [Broker id=0] Creating new partition __consumer_offsets-21 with topic id MfDJ1SpQRIaxyQGo6LVcpQ.
2025-10-05T14:14:40.877-04:00  INFO 50881 --- [r-event-handler] kafka.log.UnifiedLog$                    : [LogLoader partition=__consumer_offsets-21, dir=/var/folders/ss/jwjd4m2s3kn4_3p65f4z1gj40000gn/T/kafka-12505999679797277985/broker_0_data0] Loading producer state till offset 0 with message format version 2
2025-10-05T14:14:40.885-04:00  INFO 50881 --- [r-event-handler] kafka.log.LogManager                     : Created log for partition __consumer_offsets-21 in /var/folders/ss/jwjd4m2s3kn4_3p65f4z1gj40000gn/T/kafka-12505999679797277985/broker_0_data0/__consumer_offsets-21 with properties {cleanup.policy=compact, compression.type="producer", segment.bytes=104857600}
2025-10-05T14:14:40.886-04:00  INFO 50881 --- [r-event-handler] kafka.cluster.Partition                  : [Partition __consumer_offsets-21 broker=0] No checkpointed highwatermark is found for partition __consumer_offsets-21
2025-10-05T14:14:40.886-04:00  INFO 50881 --- [r-event-handler] kafka.cluster.Partition                  : [Partition __consumer_offsets-21 broker=0] Log loaded for partition __consumer_offsets-21 with initial high watermark 0
2025-10-05T14:14:40.886-04:00  INFO 50881 --- [r-event-handler] state.change.logger                      : [Broker id=0] Leader __consumer_offsets-21 with topic id Some(MfDJ1SpQRIaxyQGo6LVcpQ) starts at leader epoch 0 from offset 0 with partition epoch 0, high watermark 0, ISR [0], adding replicas [] and removing replicas [] . Previous leader None and previous leader epoch was -1.
2025-10-05T14:14:40.906-04:00  INFO 50881 --- [r-event-handler] state.change.logger                      : [Broker id=0] Creating new partition __consumer_offsets-17 with topic id MfDJ1SpQRIaxyQGo6LVcpQ.
2025-10-05T14:14:40.915-04:00  INFO 50881 --- [r-event-handler] kafka.log.UnifiedLog$                    : [LogLoader partition=__consumer_offsets-17, dir=/var/folders/ss/jwjd4m2s3kn4_3p65f4z1gj40000gn/T/kafka-12505999679797277985/broker_0_data0] Loading producer state till offset 0 with message format version 2
2025-10-05T14:14:40.918-04:00  INFO 50881 --- [r-event-handler] kafka.log.LogManager                     : Created log for partition __consumer_offsets-17 in /var/folders/ss/jwjd4m2s3kn4_3p65f4z1gj40000gn/T/kafka-12505999679797277985/broker_0_data0/__consumer_offsets-17 with properties {cleanup.policy=compact, compression.type="producer", segment.bytes=104857600}
2025-10-05T14:14:40.919-04:00  INFO 50881 --- [r-event-handler] kafka.cluster.Partition                  : [Partition __consumer_offsets-17 broker=0] No checkpointed highwatermark is found for partition __consumer_offsets-17
2025-10-05T14:14:40.919-04:00  INFO 50881 --- [r-event-handler] kafka.cluster.Partition                  : [Partition __consumer_offsets-17 broker=0] Log loaded for partition __consumer_offsets-17 with initial high watermark 0
2025-10-05T14:14:40.919-04:00  INFO 50881 --- [r-event-handler] state.change.logger                      : [Broker id=0] Leader __consumer_offsets-17 with topic id Some(MfDJ1SpQRIaxyQGo6LVcpQ) starts at leader epoch 0 from offset 0 with partition epoch 0, high watermark 0, ISR [0], adding replicas [] and removing replicas [] . Previous leader None and previous leader epoch was -1.
2025-10-05T14:14:40.938-04:00  INFO 50881 --- [r-event-handler] state.change.logger                      : [Broker id=0] Creating new partition __consumer_offsets-30 with topic id MfDJ1SpQRIaxyQGo6LVcpQ.
2025-10-05T14:14:40.939-04:00  INFO 50881 --- [ntainer#0-0-C-1] o.a.k.c.c.internals.ConsumerCoordinator  : [Consumer clientId=consumer-midas-core-1, groupId=midas-core] Discovered group coordinator localhost:64550 (id: 2147483647 rack: null)
2025-10-05T14:14:40.941-04:00  INFO 50881 --- [ntainer#0-0-C-1] o.a.k.c.c.internals.ConsumerCoordinator  : [Consumer clientId=consumer-midas-core-1, groupId=midas-core] Request joining group due to: rebalance failed due to 'This is not the correct coordinator.' (NotCoordinatorException)
2025-10-05T14:14:40.942-04:00  INFO 50881 --- [ntainer#0-0-C-1] o.a.k.c.c.internals.ConsumerCoordinator  : [Consumer clientId=consumer-midas-core-1, groupId=midas-core] (Re-)joining group
2025-10-05T14:14:40.946-04:00  INFO 50881 --- [ntainer#0-0-C-1] o.a.k.c.c.internals.ConsumerCoordinator  : [Consumer clientId=consumer-midas-core-1, groupId=midas-core] Group coordinator localhost:64550 (id: 2147483647 rack: null) is unavailable or invalid due to cause: error response NOT_COORDINATOR. isDisconnected: false. Rediscovery will be attempted.
2025-10-05T14:14:40.946-04:00  INFO 50881 --- [ntainer#0-0-C-1] o.a.k.c.c.internals.ConsumerCoordinator  : [Consumer clientId=consumer-midas-core-1, groupId=midas-core] Requesting disconnect from last known coordinator localhost:64550 (id: 2147483647 rack: null)
2025-10-05T14:14:40.947-04:00  INFO 50881 --- [ntainer#0-0-C-1] o.a.k.c.c.internals.ConsumerCoordinator  : [Consumer clientId=consumer-midas-core-1, groupId=midas-core] JoinGroup failed: This is not the correct coordinator. Marking coordinator unknown. Sent generation was Generation{generationId=-1, memberId='', protocol='null'}
2025-10-05T14:14:40.947-04:00  INFO 50881 --- [ntainer#0-0-C-1] org.apache.kafka.clients.NetworkClient   : [Consumer clientId=consumer-midas-core-1, groupId=midas-core] Client requested disconnect from node 2147483647
2025-10-05T14:14:40.950-04:00  INFO 50881 --- [ntainer#0-0-C-1] o.a.k.c.c.internals.ConsumerCoordinator  : [Consumer clientId=consumer-midas-core-1, groupId=midas-core] Discovered group coordinator localhost:64550 (id: 2147483647 rack: null)
2025-10-05T14:14:40.951-04:00  INFO 50881 --- [ntainer#0-0-C-1] o.a.k.c.c.internals.ConsumerCoordinator  : [Consumer clientId=consumer-midas-core-1, groupId=midas-core] Group coordinator localhost:64550 (id: 2147483647 rack: null) is unavailable or invalid due to cause: coordinator unavailable. isDisconnected: false. Rediscovery will be attempted.
2025-10-05T14:14:40.950-04:00  INFO 50881 --- [r-event-handler] kafka.log.UnifiedLog$                    : [LogLoader partition=__consumer_offsets-30, dir=/var/folders/ss/jwjd4m2s3kn4_3p65f4z1gj40000gn/T/kafka-12505999679797277985/broker_0_data0] Loading producer state till offset 0 with message format version 2
2025-10-05T14:14:40.951-04:00  INFO 50881 --- [ntainer#0-0-C-1] o.a.k.c.c.internals.ConsumerCoordinator  : [Consumer clientId=consumer-midas-core-1, groupId=midas-core] Requesting disconnect from last known coordinator localhost:64550 (id: 2147483647 rack: null)
2025-10-05T14:14:40.954-04:00  INFO 50881 --- [r-event-handler] kafka.log.LogManager                     : Created log for partition __consumer_offsets-30 in /var/folders/ss/jwjd4m2s3kn4_3p65f4z1gj40000gn/T/kafka-12505999679797277985/broker_0_data0/__consumer_offsets-30 with properties {cleanup.policy=compact, compression.type="producer", segment.bytes=104857600}
2025-10-05T14:14:40.955-04:00  INFO 50881 --- [r-event-handler] kafka.cluster.Partition                  : [Partition __consumer_offsets-30 broker=0] No checkpointed highwatermark is found for partition __consumer_offsets-30
2025-10-05T14:14:40.955-04:00  INFO 50881 --- [r-event-handler] kafka.cluster.Partition                  : [Partition __consumer_offsets-30 broker=0] Log loaded for partition __consumer_offsets-30 with initial high watermark 0
2025-10-05T14:14:40.957-04:00  INFO 50881 --- [r-event-handler] state.change.logger                      : [Broker id=0] Leader __consumer_offsets-30 with topic id Some(MfDJ1SpQRIaxyQGo6LVcpQ) starts at leader epoch 0 from offset 0 with partition epoch 0, high watermark 0, ISR [0], adding replicas [] and removing replicas [] . Previous leader None and previous leader epoch was -1.
2025-10-05T14:14:40.974-04:00  INFO 50881 --- [r-event-handler] state.change.logger                      : [Broker id=0] Creating new partition __consumer_offsets-26 with topic id MfDJ1SpQRIaxyQGo6LVcpQ.
2025-10-05T14:14:40.986-04:00  INFO 50881 --- [r-event-handler] kafka.log.UnifiedLog$                    : [LogLoader partition=__consumer_offsets-26, dir=/var/folders/ss/jwjd4m2s3kn4_3p65f4z1gj40000gn/T/kafka-12505999679797277985/broker_0_data0] Loading producer state till offset 0 with message format version 2
2025-10-05T14:14:40.987-04:00  INFO 50881 --- [r-event-handler] kafka.log.LogManager                     : Created log for partition __consumer_offsets-26 in /var/folders/ss/jwjd4m2s3kn4_3p65f4z1gj40000gn/T/kafka-12505999679797277985/broker_0_data0/__consumer_offsets-26 with properties {cleanup.policy=compact, compression.type="producer", segment.bytes=104857600}
2025-10-05T14:14:40.987-04:00  INFO 50881 --- [r-event-handler] kafka.cluster.Partition                  : [Partition __consumer_offsets-26 broker=0] No checkpointed highwatermark is found for partition __consumer_offsets-26
2025-10-05T14:14:40.987-04:00  INFO 50881 --- [r-event-handler] kafka.cluster.Partition                  : [Partition __consumer_offsets-26 broker=0] Log loaded for partition __consumer_offsets-26 with initial high watermark 0
2025-10-05T14:14:40.987-04:00  INFO 50881 --- [r-event-handler] state.change.logger                      : [Broker id=0] Leader __consumer_offsets-26 with topic id Some(MfDJ1SpQRIaxyQGo6LVcpQ) starts at leader epoch 0 from offset 0 with partition epoch 0, high watermark 0, ISR [0], adding replicas [] and removing replicas [] . Previous leader None and previous leader epoch was -1.
2025-10-05T14:14:41.009-04:00  INFO 50881 --- [r-event-handler] state.change.logger                      : [Broker id=0] Creating new partition __consumer_offsets-5 with topic id MfDJ1SpQRIaxyQGo6LVcpQ.
2025-10-05T14:14:41.017-04:00  INFO 50881 --- [r-event-handler] kafka.log.UnifiedLog$                    : [LogLoader partition=__consumer_offsets-5, dir=/var/folders/ss/jwjd4m2s3kn4_3p65f4z1gj40000gn/T/kafka-12505999679797277985/broker_0_data0] Loading producer state till offset 0 with message format version 2
2025-10-05T14:14:41.019-04:00  INFO 50881 --- [r-event-handler] kafka.log.LogManager                     : Created log for partition __consumer_offsets-5 in /var/folders/ss/jwjd4m2s3kn4_3p65f4z1gj40000gn/T/kafka-12505999679797277985/broker_0_data0/__consumer_offsets-5 with properties {cleanup.policy=compact, compression.type="producer", segment.bytes=104857600}
2025-10-05T14:14:41.020-04:00  INFO 50881 --- [r-event-handler] kafka.cluster.Partition                  : [Partition __consumer_offsets-5 broker=0] No checkpointed highwatermark is found for partition __consumer_offsets-5
2025-10-05T14:14:41.021-04:00  INFO 50881 --- [r-event-handler] kafka.cluster.Partition                  : [Partition __consumer_offsets-5 broker=0] Log loaded for partition __consumer_offsets-5 with initial high watermark 0
2025-10-05T14:14:41.021-04:00  INFO 50881 --- [r-event-handler] state.change.logger                      : [Broker id=0] Leader __consumer_offsets-5 with topic id Some(MfDJ1SpQRIaxyQGo6LVcpQ) starts at leader epoch 0 from offset 0 with partition epoch 0, high watermark 0, ISR [0], adding replicas [] and removing replicas [] . Previous leader None and previous leader epoch was -1.
2025-10-05T14:14:41.040-04:00  INFO 50881 --- [r-event-handler] state.change.logger                      : [Broker id=0] Creating new partition __consumer_offsets-38 with topic id MfDJ1SpQRIaxyQGo6LVcpQ.
2025-10-05T14:14:41.047-04:00  INFO 50881 --- [r-event-handler] kafka.log.UnifiedLog$                    : [LogLoader partition=__consumer_offsets-38, dir=/var/folders/ss/jwjd4m2s3kn4_3p65f4z1gj40000gn/T/kafka-12505999679797277985/broker_0_data0] Loading producer state till offset 0 with message format version 2
2025-10-05T14:14:41.049-04:00  INFO 50881 --- [r-event-handler] kafka.log.LogManager                     : Created log for partition __consumer_offsets-38 in /var/folders/ss/jwjd4m2s3kn4_3p65f4z1gj40000gn/T/kafka-12505999679797277985/broker_0_data0/__consumer_offsets-38 with properties {cleanup.policy=compact, compression.type="producer", segment.bytes=104857600}
2025-10-05T14:14:41.049-04:00  INFO 50881 --- [r-event-handler] kafka.cluster.Partition                  : [Partition __consumer_offsets-38 broker=0] No checkpointed highwatermark is found for partition __consumer_offsets-38
2025-10-05T14:14:41.049-04:00  INFO 50881 --- [r-event-handler] kafka.cluster.Partition                  : [Partition __consumer_offsets-38 broker=0] Log loaded for partition __consumer_offsets-38 with initial high watermark 0
2025-10-05T14:14:41.050-04:00  INFO 50881 --- [r-event-handler] state.change.logger                      : [Broker id=0] Leader __consumer_offsets-38 with topic id Some(MfDJ1SpQRIaxyQGo6LVcpQ) starts at leader epoch 0 from offset 0 with partition epoch 0, high watermark 0, ISR [0], adding replicas [] and removing replicas [] . Previous leader None and previous leader epoch was -1.
2025-10-05T14:14:41.055-04:00  INFO 50881 --- [ntainer#0-0-C-1] o.a.k.c.c.internals.ConsumerCoordinator  : [Consumer clientId=consumer-midas-core-1, groupId=midas-core] Discovered group coordinator localhost:64550 (id: 2147483647 rack: null)
2025-10-05T14:14:41.056-04:00  INFO 50881 --- [ntainer#0-0-C-1] o.a.k.c.c.internals.ConsumerCoordinator  : [Consumer clientId=consumer-midas-core-1, groupId=midas-core] Request joining group due to: rebalance failed due to 'This is not the correct coordinator.' (NotCoordinatorException)
2025-10-05T14:14:41.057-04:00  INFO 50881 --- [ntainer#0-0-C-1] o.a.k.c.c.internals.ConsumerCoordinator  : [Consumer clientId=consumer-midas-core-1, groupId=midas-core] (Re-)joining group
2025-10-05T14:14:41.061-04:00  INFO 50881 --- [ntainer#0-0-C-1] o.a.k.c.c.internals.ConsumerCoordinator  : [Consumer clientId=consumer-midas-core-1, groupId=midas-core] Group coordinator localhost:64550 (id: 2147483647 rack: null) is unavailable or invalid due to cause: error response NOT_COORDINATOR. isDisconnected: false. Rediscovery will be attempted.
2025-10-05T14:14:41.061-04:00  INFO 50881 --- [ntainer#0-0-C-1] o.a.k.c.c.internals.ConsumerCoordinator  : [Consumer clientId=consumer-midas-core-1, groupId=midas-core] Requesting disconnect from last known coordinator localhost:64550 (id: 2147483647 rack: null)
2025-10-05T14:14:41.061-04:00  INFO 50881 --- [ntainer#0-0-C-1] o.a.k.c.c.internals.ConsumerCoordinator  : [Consumer clientId=consumer-midas-core-1, groupId=midas-core] JoinGroup failed: This is not the correct coordinator. Marking coordinator unknown. Sent generation was Generation{generationId=-1, memberId='', protocol='null'}
2025-10-05T14:14:41.061-04:00  INFO 50881 --- [ntainer#0-0-C-1] org.apache.kafka.clients.NetworkClient   : [Consumer clientId=consumer-midas-core-1, groupId=midas-core] Client requested disconnect from node 2147483647
2025-10-05T14:14:41.064-04:00  INFO 50881 --- [ntainer#0-0-C-1] o.a.k.c.c.internals.ConsumerCoordinator  : [Consumer clientId=consumer-midas-core-1, groupId=midas-core] Discovered group coordinator localhost:64550 (id: 2147483647 rack: null)
2025-10-05T14:14:41.064-04:00  INFO 50881 --- [ntainer#0-0-C-1] o.a.k.c.c.internals.ConsumerCoordinator  : [Consumer clientId=consumer-midas-core-1, groupId=midas-core] Group coordinator localhost:64550 (id: 2147483647 rack: null) is unavailable or invalid due to cause: coordinator unavailable. isDisconnected: false. Rediscovery will be attempted.
2025-10-05T14:14:41.064-04:00  INFO 50881 --- [ntainer#0-0-C-1] o.a.k.c.c.internals.ConsumerCoordinator  : [Consumer clientId=consumer-midas-core-1, groupId=midas-core] Requesting disconnect from last known coordinator localhost:64550 (id: 2147483647 rack: null)
2025-10-05T14:14:41.068-04:00  INFO 50881 --- [r-event-handler] state.change.logger                      : [Broker id=0] Creating new partition __consumer_offsets-1 with topic id MfDJ1SpQRIaxyQGo6LVcpQ.
2025-10-05T14:14:41.075-04:00  INFO 50881 --- [r-event-handler] kafka.log.UnifiedLog$                    : [LogLoader partition=__consumer_offsets-1, dir=/var/folders/ss/jwjd4m2s3kn4_3p65f4z1gj40000gn/T/kafka-12505999679797277985/broker_0_data0] Loading producer state till offset 0 with message format version 2
2025-10-05T14:14:41.076-04:00  INFO 50881 --- [r-event-handler] kafka.log.LogManager                     : Created log for partition __consumer_offsets-1 in /var/folders/ss/jwjd4m2s3kn4_3p65f4z1gj40000gn/T/kafka-12505999679797277985/broker_0_data0/__consumer_offsets-1 with properties {cleanup.policy=compact, compression.type="producer", segment.bytes=104857600}
2025-10-05T14:14:41.076-04:00  INFO 50881 --- [r-event-handler] kafka.cluster.Partition                  : [Partition __consumer_offsets-1 broker=0] No checkpointed highwatermark is found for partition __consumer_offsets-1
2025-10-05T14:14:41.076-04:00  INFO 50881 --- [r-event-handler] kafka.cluster.Partition                  : [Partition __consumer_offsets-1 broker=0] Log loaded for partition __consumer_offsets-1 with initial high watermark 0
2025-10-05T14:14:41.080-04:00  INFO 50881 --- [r-event-handler] state.change.logger                      : [Broker id=0] Leader __consumer_offsets-1 with topic id Some(MfDJ1SpQRIaxyQGo6LVcpQ) starts at leader epoch 0 from offset 0 with partition epoch 0, high watermark 0, ISR [0], adding replicas [] and removing replicas [] . Previous leader None and previous leader epoch was -1.
2025-10-05T14:14:41.099-04:00  INFO 50881 --- [r-event-handler] state.change.logger                      : [Broker id=0] Creating new partition __consumer_offsets-34 with topic id MfDJ1SpQRIaxyQGo6LVcpQ.
2025-10-05T14:14:41.105-04:00  INFO 50881 --- [r-event-handler] kafka.log.UnifiedLog$                    : [LogLoader partition=__consumer_offsets-34, dir=/var/folders/ss/jwjd4m2s3kn4_3p65f4z1gj40000gn/T/kafka-12505999679797277985/broker_0_data0] Loading producer state till offset 0 with message format version 2
2025-10-05T14:14:41.106-04:00  INFO 50881 --- [r-event-handler] kafka.log.LogManager                     : Created log for partition __consumer_offsets-34 in /var/folders/ss/jwjd4m2s3kn4_3p65f4z1gj40000gn/T/kafka-12505999679797277985/broker_0_data0/__consumer_offsets-34 with properties {cleanup.policy=compact, compression.type="producer", segment.bytes=104857600}
2025-10-05T14:14:41.106-04:00  INFO 50881 --- [r-event-handler] kafka.cluster.Partition                  : [Partition __consumer_offsets-34 broker=0] No checkpointed highwatermark is found for partition __consumer_offsets-34
2025-10-05T14:14:41.106-04:00  INFO 50881 --- [r-event-handler] kafka.cluster.Partition                  : [Partition __consumer_offsets-34 broker=0] Log loaded for partition __consumer_offsets-34 with initial high watermark 0
2025-10-05T14:14:41.106-04:00  INFO 50881 --- [r-event-handler] state.change.logger                      : [Broker id=0] Leader __consumer_offsets-34 with topic id Some(MfDJ1SpQRIaxyQGo6LVcpQ) starts at leader epoch 0 from offset 0 with partition epoch 0, high watermark 0, ISR [0], adding replicas [] and removing replicas [] . Previous leader None and previous leader epoch was -1.
2025-10-05T14:14:41.123-04:00  INFO 50881 --- [r-event-handler] state.change.logger                      : [Broker id=0] Creating new partition __consumer_offsets-16 with topic id MfDJ1SpQRIaxyQGo6LVcpQ.
2025-10-05T14:14:41.129-04:00  INFO 50881 --- [r-event-handler] kafka.log.UnifiedLog$                    : [LogLoader partition=__consumer_offsets-16, dir=/var/folders/ss/jwjd4m2s3kn4_3p65f4z1gj40000gn/T/kafka-12505999679797277985/broker_0_data0] Loading producer state till offset 0 with message format version 2
2025-10-05T14:14:41.131-04:00  INFO 50881 --- [r-event-handler] kafka.log.LogManager                     : Created log for partition __consumer_offsets-16 in /var/folders/ss/jwjd4m2s3kn4_3p65f4z1gj40000gn/T/kafka-12505999679797277985/broker_0_data0/__consumer_offsets-16 with properties {cleanup.policy=compact, compression.type="producer", segment.bytes=104857600}
2025-10-05T14:14:41.131-04:00  INFO 50881 --- [r-event-handler] kafka.cluster.Partition                  : [Partition __consumer_offsets-16 broker=0] No checkpointed highwatermark is found for partition __consumer_offsets-16
2025-10-05T14:14:41.131-04:00  INFO 50881 --- [r-event-handler] kafka.cluster.Partition                  : [Partition __consumer_offsets-16 broker=0] Log loaded for partition __consumer_offsets-16 with initial high watermark 0
2025-10-05T14:14:41.131-04:00  INFO 50881 --- [r-event-handler] state.change.logger                      : [Broker id=0] Leader __consumer_offsets-16 with topic id Some(MfDJ1SpQRIaxyQGo6LVcpQ) starts at leader epoch 0 from offset 0 with partition epoch 0, high watermark 0, ISR [0], adding replicas [] and removing replicas [] . Previous leader None and previous leader epoch was -1.
2025-10-05T14:14:41.153-04:00  INFO 50881 --- [r-event-handler] state.change.logger                      : [Broker id=0] Creating new partition __consumer_offsets-45 with topic id MfDJ1SpQRIaxyQGo6LVcpQ.
2025-10-05T14:14:41.160-04:00  INFO 50881 --- [r-event-handler] kafka.log.UnifiedLog$                    : [LogLoader partition=__consumer_offsets-45, dir=/var/folders/ss/jwjd4m2s3kn4_3p65f4z1gj40000gn/T/kafka-12505999679797277985/broker_0_data0] Loading producer state till offset 0 with message format version 2
2025-10-05T14:14:41.161-04:00  INFO 50881 --- [r-event-handler] kafka.log.LogManager                     : Created log for partition __consumer_offsets-45 in /var/folders/ss/jwjd4m2s3kn4_3p65f4z1gj40000gn/T/kafka-12505999679797277985/broker_0_data0/__consumer_offsets-45 with properties {cleanup.policy=compact, compression.type="producer", segment.bytes=104857600}
2025-10-05T14:14:41.162-04:00  INFO 50881 --- [r-event-handler] kafka.cluster.Partition                  : [Partition __consumer_offsets-45 broker=0] No checkpointed highwatermark is found for partition __consumer_offsets-45
2025-10-05T14:14:41.162-04:00  INFO 50881 --- [r-event-handler] kafka.cluster.Partition                  : [Partition __consumer_offsets-45 broker=0] Log loaded for partition __consumer_offsets-45 with initial high watermark 0
2025-10-05T14:14:41.162-04:00  INFO 50881 --- [r-event-handler] state.change.logger                      : [Broker id=0] Leader __consumer_offsets-45 with topic id Some(MfDJ1SpQRIaxyQGo6LVcpQ) starts at leader epoch 0 from offset 0 with partition epoch 0, high watermark 0, ISR [0], adding replicas [] and removing replicas [] . Previous leader None and previous leader epoch was -1.
2025-10-05T14:14:41.173-04:00  INFO 50881 --- [ntainer#0-0-C-1] o.a.k.c.c.internals.ConsumerCoordinator  : [Consumer clientId=consumer-midas-core-1, groupId=midas-core] Discovered group coordinator localhost:64550 (id: 2147483647 rack: null)
2025-10-05T14:14:41.174-04:00  INFO 50881 --- [ntainer#0-0-C-1] o.a.k.c.c.internals.ConsumerCoordinator  : [Consumer clientId=consumer-midas-core-1, groupId=midas-core] Request joining group due to: rebalance failed due to 'This is not the correct coordinator.' (NotCoordinatorException)
2025-10-05T14:14:41.175-04:00  INFO 50881 --- [r-event-handler] state.change.logger                      : [Broker id=0] Creating new partition __consumer_offsets-12 with topic id MfDJ1SpQRIaxyQGo6LVcpQ.
2025-10-05T14:14:41.175-04:00  INFO 50881 --- [ntainer#0-0-C-1] o.a.k.c.c.internals.ConsumerCoordinator  : [Consumer clientId=consumer-midas-core-1, groupId=midas-core] (Re-)joining group
2025-10-05T14:14:41.191-04:00  INFO 50881 --- [r-event-handler] kafka.log.UnifiedLog$                    : [LogLoader partition=__consumer_offsets-12, dir=/var/folders/ss/jwjd4m2s3kn4_3p65f4z1gj40000gn/T/kafka-12505999679797277985/broker_0_data0] Loading producer state till offset 0 with message format version 2
2025-10-05T14:14:41.193-04:00  INFO 50881 --- [r-event-handler] kafka.log.LogManager                     : Created log for partition __consumer_offsets-12 in /var/folders/ss/jwjd4m2s3kn4_3p65f4z1gj40000gn/T/kafka-12505999679797277985/broker_0_data0/__consumer_offsets-12 with properties {cleanup.policy=compact, compression.type="producer", segment.bytes=104857600}
2025-10-05T14:14:41.193-04:00  INFO 50881 --- [r-event-handler] kafka.cluster.Partition                  : [Partition __consumer_offsets-12 broker=0] No checkpointed highwatermark is found for partition __consumer_offsets-12
2025-10-05T14:14:41.193-04:00  INFO 50881 --- [r-event-handler] kafka.cluster.Partition                  : [Partition __consumer_offsets-12 broker=0] Log loaded for partition __consumer_offsets-12 with initial high watermark 0
2025-10-05T14:14:41.193-04:00  INFO 50881 --- [r-event-handler] state.change.logger                      : [Broker id=0] Leader __consumer_offsets-12 with topic id Some(MfDJ1SpQRIaxyQGo6LVcpQ) starts at leader epoch 0 from offset 0 with partition epoch 0, high watermark 0, ISR [0], adding replicas [] and removing replicas [] . Previous leader None and previous leader epoch was -1.
2025-10-05T14:14:41.290-04:00  INFO 50881 --- [ntainer#0-0-C-1] o.a.k.c.c.internals.ConsumerCoordinator  : [Consumer clientId=consumer-midas-core-1, groupId=midas-core] Group coordinator localhost:64550 (id: 2147483647 rack: null) is unavailable or invalid due to cause: error response NOT_COORDINATOR. isDisconnected: false. Rediscovery will be attempted.
2025-10-05T14:14:41.290-04:00  INFO 50881 --- [ntainer#0-0-C-1] o.a.k.c.c.internals.ConsumerCoordinator  : [Consumer clientId=consumer-midas-core-1, groupId=midas-core] Requesting disconnect from last known coordinator localhost:64550 (id: 2147483647 rack: null)
2025-10-05T14:14:41.290-04:00  INFO 50881 --- [ntainer#0-0-C-1] o.a.k.c.c.internals.ConsumerCoordinator  : [Consumer clientId=consumer-midas-core-1, groupId=midas-core] JoinGroup failed: This is not the correct coordinator. Marking coordinator unknown. Sent generation was Generation{generationId=-1, memberId='', protocol='null'}
2025-10-05T14:14:41.291-04:00  INFO 50881 --- [ntainer#0-0-C-1] org.apache.kafka.clients.NetworkClient   : [Consumer clientId=consumer-midas-core-1, groupId=midas-core] Client requested disconnect from node 2147483647
2025-10-05T14:14:41.301-04:00  INFO 50881 --- [ntainer#0-0-C-1] o.a.k.c.c.internals.ConsumerCoordinator  : [Consumer clientId=consumer-midas-core-1, groupId=midas-core] Discovered group coordinator localhost:64550 (id: 2147483647 rack: null)
2025-10-05T14:14:41.301-04:00  INFO 50881 --- [ntainer#0-0-C-1] o.a.k.c.c.internals.ConsumerCoordinator  : [Consumer clientId=consumer-midas-core-1, groupId=midas-core] Group coordinator localhost:64550 (id: 2147483647 rack: null) is unavailable or invalid due to cause: coordinator unavailable. isDisconnected: false. Rediscovery will be attempted.
2025-10-05T14:14:41.301-04:00  INFO 50881 --- [ntainer#0-0-C-1] o.a.k.c.c.internals.ConsumerCoordinator  : [Consumer clientId=consumer-midas-core-1, groupId=midas-core] Requesting disconnect from last known coordinator localhost:64550 (id: 2147483647 rack: null)
2025-10-05T14:14:41.330-04:00  INFO 50881 --- [r-event-handler] state.change.logger                      : [Broker id=0] Creating new partition __consumer_offsets-41 with topic id MfDJ1SpQRIaxyQGo6LVcpQ.
2025-10-05T14:14:41.338-04:00  INFO 50881 --- [r-event-handler] kafka.log.UnifiedLog$                    : [LogLoader partition=__consumer_offsets-41, dir=/var/folders/ss/jwjd4m2s3kn4_3p65f4z1gj40000gn/T/kafka-12505999679797277985/broker_0_data0] Loading producer state till offset 0 with message format version 2
2025-10-05T14:14:41.339-04:00  INFO 50881 --- [r-event-handler] kafka.log.LogManager                     : Created log for partition __consumer_offsets-41 in /var/folders/ss/jwjd4m2s3kn4_3p65f4z1gj40000gn/T/kafka-12505999679797277985/broker_0_data0/__consumer_offsets-41 with properties {cleanup.policy=compact, compression.type="producer", segment.bytes=104857600}
2025-10-05T14:14:41.340-04:00  INFO 50881 --- [r-event-handler] kafka.cluster.Partition                  : [Partition __consumer_offsets-41 broker=0] No checkpointed highwatermark is found for partition __consumer_offsets-41
2025-10-05T14:14:41.340-04:00  INFO 50881 --- [r-event-handler] kafka.cluster.Partition                  : [Partition __consumer_offsets-41 broker=0] Log loaded for partition __consumer_offsets-41 with initial high watermark 0
2025-10-05T14:14:41.340-04:00  INFO 50881 --- [r-event-handler] state.change.logger                      : [Broker id=0] Leader __consumer_offsets-41 with topic id Some(MfDJ1SpQRIaxyQGo6LVcpQ) starts at leader epoch 0 from offset 0 with partition epoch 0, high watermark 0, ISR [0], adding replicas [] and removing replicas [] . Previous leader None and previous leader epoch was -1.
2025-10-05T14:14:41.360-04:00  INFO 50881 --- [r-event-handler] state.change.logger                      : [Broker id=0] Creating new partition __consumer_offsets-24 with topic id MfDJ1SpQRIaxyQGo6LVcpQ.
2025-10-05T14:14:41.366-04:00  INFO 50881 --- [r-event-handler] kafka.log.UnifiedLog$                    : [LogLoader partition=__consumer_offsets-24, dir=/var/folders/ss/jwjd4m2s3kn4_3p65f4z1gj40000gn/T/kafka-12505999679797277985/broker_0_data0] Loading producer state till offset 0 with message format version 2
2025-10-05T14:14:41.367-04:00  INFO 50881 --- [r-event-handler] kafka.log.LogManager                     : Created log for partition __consumer_offsets-24 in /var/folders/ss/jwjd4m2s3kn4_3p65f4z1gj40000gn/T/kafka-12505999679797277985/broker_0_data0/__consumer_offsets-24 with properties {cleanup.policy=compact, compression.type="producer", segment.bytes=104857600}
2025-10-05T14:14:41.367-04:00  INFO 50881 --- [r-event-handler] kafka.cluster.Partition                  : [Partition __consumer_offsets-24 broker=0] No checkpointed highwatermark is found for partition __consumer_offsets-24
2025-10-05T14:14:41.367-04:00  INFO 50881 --- [r-event-handler] kafka.cluster.Partition                  : [Partition __consumer_offsets-24 broker=0] Log loaded for partition __consumer_offsets-24 with initial high watermark 0
2025-10-05T14:14:41.367-04:00  INFO 50881 --- [r-event-handler] state.change.logger                      : [Broker id=0] Leader __consumer_offsets-24 with topic id Some(MfDJ1SpQRIaxyQGo6LVcpQ) starts at leader epoch 0 from offset 0 with partition epoch 0, high watermark 0, ISR [0], adding replicas [] and removing replicas [] . Previous leader None and previous leader epoch was -1.
2025-10-05T14:14:41.390-04:00  INFO 50881 --- [r-event-handler] state.change.logger                      : [Broker id=0] Creating new partition __consumer_offsets-20 with topic id MfDJ1SpQRIaxyQGo6LVcpQ.
2025-10-05T14:14:41.394-04:00  INFO 50881 --- [r-event-handler] kafka.log.UnifiedLog$                    : [LogLoader partition=__consumer_offsets-20, dir=/var/folders/ss/jwjd4m2s3kn4_3p65f4z1gj40000gn/T/kafka-12505999679797277985/broker_0_data0] Loading producer state till offset 0 with message format version 2
2025-10-05T14:14:41.395-04:00  INFO 50881 --- [r-event-handler] kafka.log.LogManager                     : Created log for partition __consumer_offsets-20 in /var/folders/ss/jwjd4m2s3kn4_3p65f4z1gj40000gn/T/kafka-12505999679797277985/broker_0_data0/__consumer_offsets-20 with properties {cleanup.policy=compact, compression.type="producer", segment.bytes=104857600}
2025-10-05T14:14:41.395-04:00  INFO 50881 --- [r-event-handler] kafka.cluster.Partition                  : [Partition __consumer_offsets-20 broker=0] No checkpointed highwatermark is found for partition __consumer_offsets-20
2025-10-05T14:14:41.395-04:00  INFO 50881 --- [r-event-handler] kafka.cluster.Partition                  : [Partition __consumer_offsets-20 broker=0] Log loaded for partition __consumer_offsets-20 with initial high watermark 0
2025-10-05T14:14:41.395-04:00  INFO 50881 --- [r-event-handler] state.change.logger                      : [Broker id=0] Leader __consumer_offsets-20 with topic id Some(MfDJ1SpQRIaxyQGo6LVcpQ) starts at leader epoch 0 from offset 0 with partition epoch 0, high watermark 0, ISR [0], adding replicas [] and removing replicas [] . Previous leader None and previous leader epoch was -1.
2025-10-05T14:14:41.404-04:00  INFO 50881 --- [ntainer#0-0-C-1] o.a.k.c.c.internals.ConsumerCoordinator  : [Consumer clientId=consumer-midas-core-1, groupId=midas-core] Discovered group coordinator localhost:64550 (id: 2147483647 rack: null)
2025-10-05T14:14:41.405-04:00  INFO 50881 --- [ntainer#0-0-C-1] o.a.k.c.c.internals.ConsumerCoordinator  : [Consumer clientId=consumer-midas-core-1, groupId=midas-core] Request joining group due to: rebalance failed due to 'This is not the correct coordinator.' (NotCoordinatorException)
2025-10-05T14:14:41.406-04:00  INFO 50881 --- [ntainer#0-0-C-1] o.a.k.c.c.internals.ConsumerCoordinator  : [Consumer clientId=consumer-midas-core-1, groupId=midas-core] (Re-)joining group
2025-10-05T14:14:41.409-04:00  INFO 50881 --- [ntainer#0-0-C-1] o.a.k.c.c.internals.ConsumerCoordinator  : [Consumer clientId=consumer-midas-core-1, groupId=midas-core] Group coordinator localhost:64550 (id: 2147483647 rack: null) is unavailable or invalid due to cause: error response NOT_COORDINATOR. isDisconnected: false. Rediscovery will be attempted.
2025-10-05T14:14:41.409-04:00  INFO 50881 --- [ntainer#0-0-C-1] o.a.k.c.c.internals.ConsumerCoordinator  : [Consumer clientId=consumer-midas-core-1, groupId=midas-core] Requesting disconnect from last known coordinator localhost:64550 (id: 2147483647 rack: null)
2025-10-05T14:14:41.410-04:00  INFO 50881 --- [ntainer#0-0-C-1] o.a.k.c.c.internals.ConsumerCoordinator  : [Consumer clientId=consumer-midas-core-1, groupId=midas-core] JoinGroup failed: This is not the correct coordinator. Marking coordinator unknown. Sent generation was Generation{generationId=-1, memberId='', protocol='null'}
2025-10-05T14:14:41.410-04:00  INFO 50881 --- [ntainer#0-0-C-1] org.apache.kafka.clients.NetworkClient   : [Consumer clientId=consumer-midas-core-1, groupId=midas-core] Client requested disconnect from node 2147483647
2025-10-05T14:14:41.413-04:00  INFO 50881 --- [ntainer#0-0-C-1] o.a.k.c.c.internals.ConsumerCoordinator  : [Consumer clientId=consumer-midas-core-1, groupId=midas-core] Discovered group coordinator localhost:64550 (id: 2147483647 rack: null)
2025-10-05T14:14:41.413-04:00  INFO 50881 --- [ntainer#0-0-C-1] o.a.k.c.c.internals.ConsumerCoordinator  : [Consumer clientId=consumer-midas-core-1, groupId=midas-core] Group coordinator localhost:64550 (id: 2147483647 rack: null) is unavailable or invalid due to cause: coordinator unavailable. isDisconnected: false. Rediscovery will be attempted.
2025-10-05T14:14:41.413-04:00  INFO 50881 --- [ntainer#0-0-C-1] o.a.k.c.c.internals.ConsumerCoordinator  : [Consumer clientId=consumer-midas-core-1, groupId=midas-core] Requesting disconnect from last known coordinator localhost:64550 (id: 2147483647 rack: null)
2025-10-05T14:14:41.415-04:00  INFO 50881 --- [r-event-handler] state.change.logger                      : [Broker id=0] Creating new partition __consumer_offsets-49 with topic id MfDJ1SpQRIaxyQGo6LVcpQ.
2025-10-05T14:14:41.423-04:00  INFO 50881 --- [r-event-handler] kafka.log.UnifiedLog$                    : [LogLoader partition=__consumer_offsets-49, dir=/var/folders/ss/jwjd4m2s3kn4_3p65f4z1gj40000gn/T/kafka-12505999679797277985/broker_0_data0] Loading producer state till offset 0 with message format version 2
2025-10-05T14:14:41.425-04:00  INFO 50881 --- [r-event-handler] kafka.log.LogManager                     : Created log for partition __consumer_offsets-49 in /var/folders/ss/jwjd4m2s3kn4_3p65f4z1gj40000gn/T/kafka-12505999679797277985/broker_0_data0/__consumer_offsets-49 with properties {cleanup.policy=compact, compression.type="producer", segment.bytes=104857600}
2025-10-05T14:14:41.425-04:00  INFO 50881 --- [r-event-handler] kafka.cluster.Partition                  : [Partition __consumer_offsets-49 broker=0] No checkpointed highwatermark is found for partition __consumer_offsets-49
2025-10-05T14:14:41.425-04:00  INFO 50881 --- [r-event-handler] kafka.cluster.Partition                  : [Partition __consumer_offsets-49 broker=0] Log loaded for partition __consumer_offsets-49 with initial high watermark 0
2025-10-05T14:14:41.425-04:00  INFO 50881 --- [r-event-handler] state.change.logger                      : [Broker id=0] Leader __consumer_offsets-49 with topic id Some(MfDJ1SpQRIaxyQGo6LVcpQ) starts at leader epoch 0 from offset 0 with partition epoch 0, high watermark 0, ISR [0], adding replicas [] and removing replicas [] . Previous leader None and previous leader epoch was -1.
2025-10-05T14:14:41.445-04:00  INFO 50881 --- [r-event-handler] state.change.logger                      : [Broker id=0] Creating new partition __consumer_offsets-0 with topic id MfDJ1SpQRIaxyQGo6LVcpQ.
2025-10-05T14:14:41.450-04:00  INFO 50881 --- [r-event-handler] kafka.log.UnifiedLog$                    : [LogLoader partition=__consumer_offsets-0, dir=/var/folders/ss/jwjd4m2s3kn4_3p65f4z1gj40000gn/T/kafka-12505999679797277985/broker_0_data0] Loading producer state till offset 0 with message format version 2
2025-10-05T14:14:41.452-04:00  INFO 50881 --- [r-event-handler] kafka.log.LogManager                     : Created log for partition __consumer_offsets-0 in /var/folders/ss/jwjd4m2s3kn4_3p65f4z1gj40000gn/T/kafka-12505999679797277985/broker_0_data0/__consumer_offsets-0 with properties {cleanup.policy=compact, compression.type="producer", segment.bytes=104857600}
2025-10-05T14:14:41.452-04:00  INFO 50881 --- [r-event-handler] kafka.cluster.Partition                  : [Partition __consumer_offsets-0 broker=0] No checkpointed highwatermark is found for partition __consumer_offsets-0
2025-10-05T14:14:41.453-04:00  INFO 50881 --- [r-event-handler] kafka.cluster.Partition                  : [Partition __consumer_offsets-0 broker=0] Log loaded for partition __consumer_offsets-0 with initial high watermark 0
2025-10-05T14:14:41.453-04:00  INFO 50881 --- [r-event-handler] state.change.logger                      : [Broker id=0] Leader __consumer_offsets-0 with topic id Some(MfDJ1SpQRIaxyQGo6LVcpQ) starts at leader epoch 0 from offset 0 with partition epoch 0, high watermark 0, ISR [0], adding replicas [] and removing replicas [] . Previous leader None and previous leader epoch was -1.
2025-10-05T14:14:41.471-04:00  INFO 50881 --- [r-event-handler] state.change.logger                      : [Broker id=0] Creating new partition __consumer_offsets-29 with topic id MfDJ1SpQRIaxyQGo6LVcpQ.
2025-10-05T14:14:41.479-04:00  INFO 50881 --- [r-event-handler] kafka.log.UnifiedLog$                    : [LogLoader partition=__consumer_offsets-29, dir=/var/folders/ss/jwjd4m2s3kn4_3p65f4z1gj40000gn/T/kafka-12505999679797277985/broker_0_data0] Loading producer state till offset 0 with message format version 2
2025-10-05T14:14:41.481-04:00  INFO 50881 --- [r-event-handler] kafka.log.LogManager                     : Created log for partition __consumer_offsets-29 in /var/folders/ss/jwjd4m2s3kn4_3p65f4z1gj40000gn/T/kafka-12505999679797277985/broker_0_data0/__consumer_offsets-29 with properties {cleanup.policy=compact, compression.type="producer", segment.bytes=104857600}
2025-10-05T14:14:41.481-04:00  INFO 50881 --- [r-event-handler] kafka.cluster.Partition                  : [Partition __consumer_offsets-29 broker=0] No checkpointed highwatermark is found for partition __consumer_offsets-29
2025-10-05T14:14:41.481-04:00  INFO 50881 --- [r-event-handler] kafka.cluster.Partition                  : [Partition __consumer_offsets-29 broker=0] Log loaded for partition __consumer_offsets-29 with initial high watermark 0
2025-10-05T14:14:41.482-04:00  INFO 50881 --- [r-event-handler] state.change.logger                      : [Broker id=0] Leader __consumer_offsets-29 with topic id Some(MfDJ1SpQRIaxyQGo6LVcpQ) starts at leader epoch 0 from offset 0 with partition epoch 0, high watermark 0, ISR [0], adding replicas [] and removing replicas [] . Previous leader None and previous leader epoch was -1.
2025-10-05T14:14:41.505-04:00  INFO 50881 --- [r-event-handler] state.change.logger                      : [Broker id=0] Creating new partition __consumer_offsets-25 with topic id MfDJ1SpQRIaxyQGo6LVcpQ.
2025-10-05T14:14:41.527-04:00  INFO 50881 --- [r-event-handler] kafka.log.UnifiedLog$                    : [LogLoader partition=__consumer_offsets-25, dir=/var/folders/ss/jwjd4m2s3kn4_3p65f4z1gj40000gn/T/kafka-12505999679797277985/broker_0_data0] Loading producer state till offset 0 with message format version 2
2025-10-05T14:14:41.528-04:00  INFO 50881 --- [r-event-handler] kafka.log.LogManager                     : Created log for partition __consumer_offsets-25 in /var/folders/ss/jwjd4m2s3kn4_3p65f4z1gj40000gn/T/kafka-12505999679797277985/broker_0_data0/__consumer_offsets-25 with properties {cleanup.policy=compact, compression.type="producer", segment.bytes=104857600}
2025-10-05T14:14:41.528-04:00  INFO 50881 --- [r-event-handler] kafka.cluster.Partition                  : [Partition __consumer_offsets-25 broker=0] No checkpointed highwatermark is found for partition __consumer_offsets-25
2025-10-05T14:14:41.529-04:00  INFO 50881 --- [r-event-handler] kafka.cluster.Partition                  : [Partition __consumer_offsets-25 broker=0] Log loaded for partition __consumer_offsets-25 with initial high watermark 0
2025-10-05T14:14:41.529-04:00  INFO 50881 --- [r-event-handler] state.change.logger                      : [Broker id=0] Leader __consumer_offsets-25 with topic id Some(MfDJ1SpQRIaxyQGo6LVcpQ) starts at leader epoch 0 from offset 0 with partition epoch 0, high watermark 0, ISR [0], adding replicas [] and removing replicas [] . Previous leader None and previous leader epoch was -1.
2025-10-05T14:14:41.535-04:00  INFO 50881 --- [ntainer#0-0-C-1] o.a.k.c.c.internals.ConsumerCoordinator  : [Consumer clientId=consumer-midas-core-1, groupId=midas-core] Discovered group coordinator localhost:64550 (id: 2147483647 rack: null)
2025-10-05T14:14:41.536-04:00  INFO 50881 --- [ntainer#0-0-C-1] o.a.k.c.c.internals.ConsumerCoordinator  : [Consumer clientId=consumer-midas-core-1, groupId=midas-core] Request joining group due to: rebalance failed due to 'This is not the correct coordinator.' (NotCoordinatorException)
2025-10-05T14:14:41.537-04:00  INFO 50881 --- [ntainer#0-0-C-1] o.a.k.c.c.internals.ConsumerCoordinator  : [Consumer clientId=consumer-midas-core-1, groupId=midas-core] (Re-)joining group
2025-10-05T14:14:41.545-04:00  INFO 50881 --- [r-event-handler] state.change.logger                      : [Broker id=0] Creating new partition __consumer_offsets-8 with topic id MfDJ1SpQRIaxyQGo6LVcpQ.
2025-10-05T14:14:41.545-04:00  INFO 50881 --- [ntainer#0-0-C-1] o.a.k.c.c.internals.ConsumerCoordinator  : [Consumer clientId=consumer-midas-core-1, groupId=midas-core] Group coordinator localhost:64550 (id: 2147483647 rack: null) is unavailable or invalid due to cause: error response NOT_COORDINATOR. isDisconnected: false. Rediscovery will be attempted.
2025-10-05T14:14:41.545-04:00  INFO 50881 --- [ntainer#0-0-C-1] o.a.k.c.c.internals.ConsumerCoordinator  : [Consumer clientId=consumer-midas-core-1, groupId=midas-core] Requesting disconnect from last known coordinator localhost:64550 (id: 2147483647 rack: null)
2025-10-05T14:14:41.545-04:00  INFO 50881 --- [ntainer#0-0-C-1] o.a.k.c.c.internals.ConsumerCoordinator  : [Consumer clientId=consumer-midas-core-1, groupId=midas-core] JoinGroup failed: This is not the correct coordinator. Marking coordinator unknown. Sent generation was Generation{generationId=-1, memberId='', protocol='null'}
2025-10-05T14:14:41.545-04:00  INFO 50881 --- [ntainer#0-0-C-1] org.apache.kafka.clients.NetworkClient   : [Consumer clientId=consumer-midas-core-1, groupId=midas-core] Client requested disconnect from node 2147483647
2025-10-05T14:14:41.550-04:00  INFO 50881 --- [ntainer#0-0-C-1] o.a.k.c.c.internals.ConsumerCoordinator  : [Consumer clientId=consumer-midas-core-1, groupId=midas-core] Discovered group coordinator localhost:64550 (id: 2147483647 rack: null)
2025-10-05T14:14:41.550-04:00  INFO 50881 --- [ntainer#0-0-C-1] o.a.k.c.c.internals.ConsumerCoordinator  : [Consumer clientId=consumer-midas-core-1, groupId=midas-core] Group coordinator localhost:64550 (id: 2147483647 rack: null) is unavailable or invalid due to cause: coordinator unavailable. isDisconnected: false. Rediscovery will be attempted.
2025-10-05T14:14:41.550-04:00  INFO 50881 --- [ntainer#0-0-C-1] o.a.k.c.c.internals.ConsumerCoordinator  : [Consumer clientId=consumer-midas-core-1, groupId=midas-core] Requesting disconnect from last known coordinator localhost:64550 (id: 2147483647 rack: null)
2025-10-05T14:14:41.555-04:00  INFO 50881 --- [r-event-handler] kafka.log.UnifiedLog$                    : [LogLoader partition=__consumer_offsets-8, dir=/var/folders/ss/jwjd4m2s3kn4_3p65f4z1gj40000gn/T/kafka-12505999679797277985/broker_0_data0] Loading producer state till offset 0 with message format version 2
2025-10-05T14:14:41.557-04:00  INFO 50881 --- [r-event-handler] kafka.log.LogManager                     : Created log for partition __consumer_offsets-8 in /var/folders/ss/jwjd4m2s3kn4_3p65f4z1gj40000gn/T/kafka-12505999679797277985/broker_0_data0/__consumer_offsets-8 with properties {cleanup.policy=compact, compression.type="producer", segment.bytes=104857600}
2025-10-05T14:14:41.557-04:00  INFO 50881 --- [r-event-handler] kafka.cluster.Partition                  : [Partition __consumer_offsets-8 broker=0] No checkpointed highwatermark is found for partition __consumer_offsets-8
2025-10-05T14:14:41.558-04:00  INFO 50881 --- [r-event-handler] kafka.cluster.Partition                  : [Partition __consumer_offsets-8 broker=0] Log loaded for partition __consumer_offsets-8 with initial high watermark 0
2025-10-05T14:14:41.558-04:00  INFO 50881 --- [r-event-handler] state.change.logger                      : [Broker id=0] Leader __consumer_offsets-8 with topic id Some(MfDJ1SpQRIaxyQGo6LVcpQ) starts at leader epoch 0 from offset 0 with partition epoch 0, high watermark 0, ISR [0], adding replicas [] and removing replicas [] . Previous leader None and previous leader epoch was -1.
2025-10-05T14:14:41.578-04:00  INFO 50881 --- [r-event-handler] state.change.logger                      : [Broker id=0] Creating new partition __consumer_offsets-37 with topic id MfDJ1SpQRIaxyQGo6LVcpQ.
2025-10-05T14:14:41.594-04:00  INFO 50881 --- [r-event-handler] kafka.log.UnifiedLog$                    : [LogLoader partition=__consumer_offsets-37, dir=/var/folders/ss/jwjd4m2s3kn4_3p65f4z1gj40000gn/T/kafka-12505999679797277985/broker_0_data0] Loading producer state till offset 0 with message format version 2
2025-10-05T14:14:41.599-04:00  INFO 50881 --- [r-event-handler] kafka.log.LogManager                     : Created log for partition __consumer_offsets-37 in /var/folders/ss/jwjd4m2s3kn4_3p65f4z1gj40000gn/T/kafka-12505999679797277985/broker_0_data0/__consumer_offsets-37 with properties {cleanup.policy=compact, compression.type="producer", segment.bytes=104857600}
2025-10-05T14:14:41.599-04:00  INFO 50881 --- [r-event-handler] kafka.cluster.Partition                  : [Partition __consumer_offsets-37 broker=0] No checkpointed highwatermark is found for partition __consumer_offsets-37
2025-10-05T14:14:41.599-04:00  INFO 50881 --- [r-event-handler] kafka.cluster.Partition                  : [Partition __consumer_offsets-37 broker=0] Log loaded for partition __consumer_offsets-37 with initial high watermark 0
2025-10-05T14:14:41.600-04:00  INFO 50881 --- [r-event-handler] state.change.logger                      : [Broker id=0] Leader __consumer_offsets-37 with topic id Some(MfDJ1SpQRIaxyQGo6LVcpQ) starts at leader epoch 0 from offset 0 with partition epoch 0, high watermark 0, ISR [0], adding replicas [] and removing replicas [] . Previous leader None and previous leader epoch was -1.
2025-10-05T14:14:41.617-04:00  INFO 50881 --- [r-event-handler] state.change.logger                      : [Broker id=0] Creating new partition __consumer_offsets-4 with topic id MfDJ1SpQRIaxyQGo6LVcpQ.
2025-10-05T14:14:41.624-04:00  INFO 50881 --- [r-event-handler] kafka.log.UnifiedLog$                    : [LogLoader partition=__consumer_offsets-4, dir=/var/folders/ss/jwjd4m2s3kn4_3p65f4z1gj40000gn/T/kafka-12505999679797277985/broker_0_data0] Loading producer state till offset 0 with message format version 2
2025-10-05T14:14:41.626-04:00  INFO 50881 --- [r-event-handler] kafka.log.LogManager                     : Created log for partition __consumer_offsets-4 in /var/folders/ss/jwjd4m2s3kn4_3p65f4z1gj40000gn/T/kafka-12505999679797277985/broker_0_data0/__consumer_offsets-4 with properties {cleanup.policy=compact, compression.type="producer", segment.bytes=104857600}
2025-10-05T14:14:41.626-04:00  INFO 50881 --- [r-event-handler] kafka.cluster.Partition                  : [Partition __consumer_offsets-4 broker=0] No checkpointed highwatermark is found for partition __consumer_offsets-4
2025-10-05T14:14:41.626-04:00  INFO 50881 --- [r-event-handler] kafka.cluster.Partition                  : [Partition __consumer_offsets-4 broker=0] Log loaded for partition __consumer_offsets-4 with initial high watermark 0
2025-10-05T14:14:41.626-04:00  INFO 50881 --- [r-event-handler] state.change.logger                      : [Broker id=0] Leader __consumer_offsets-4 with topic id Some(MfDJ1SpQRIaxyQGo6LVcpQ) starts at leader epoch 0 from offset 0 with partition epoch 0, high watermark 0, ISR [0], adding replicas [] and removing replicas [] . Previous leader None and previous leader epoch was -1.
2025-10-05T14:14:41.647-04:00  INFO 50881 --- [r-event-handler] state.change.logger                      : [Broker id=0] Creating new partition __consumer_offsets-33 with topic id MfDJ1SpQRIaxyQGo6LVcpQ.
2025-10-05T14:14:41.661-04:00  INFO 50881 --- [r-event-handler] kafka.log.UnifiedLog$                    : [LogLoader partition=__consumer_offsets-33, dir=/var/folders/ss/jwjd4m2s3kn4_3p65f4z1gj40000gn/T/kafka-12505999679797277985/broker_0_data0] Loading producer state till offset 0 with message format version 2
2025-10-05T14:14:41.662-04:00  INFO 50881 --- [r-event-handler] kafka.log.LogManager                     : Created log for partition __consumer_offsets-33 in /var/folders/ss/jwjd4m2s3kn4_3p65f4z1gj40000gn/T/kafka-12505999679797277985/broker_0_data0/__consumer_offsets-33 with properties {cleanup.policy=compact, compression.type="producer", segment.bytes=104857600}
2025-10-05T14:14:41.663-04:00  INFO 50881 --- [r-event-handler] kafka.cluster.Partition                  : [Partition __consumer_offsets-33 broker=0] No checkpointed highwatermark is found for partition __consumer_offsets-33
2025-10-05T14:14:41.663-04:00  INFO 50881 --- [r-event-handler] kafka.cluster.Partition                  : [Partition __consumer_offsets-33 broker=0] Log loaded for partition __consumer_offsets-33 with initial high watermark 0
2025-10-05T14:14:41.663-04:00  INFO 50881 --- [r-event-handler] state.change.logger                      : [Broker id=0] Leader __consumer_offsets-33 with topic id Some(MfDJ1SpQRIaxyQGo6LVcpQ) starts at leader epoch 0 from offset 0 with partition epoch 0, high watermark 0, ISR [0], adding replicas [] and removing replicas [] . Previous leader None and previous leader epoch was -1.
2025-10-05T14:14:41.665-04:00  INFO 50881 --- [ntainer#0-0-C-1] o.a.k.c.c.internals.ConsumerCoordinator  : [Consumer clientId=consumer-midas-core-1, groupId=midas-core] Discovered group coordinator localhost:64550 (id: 2147483647 rack: null)
2025-10-05T14:14:41.666-04:00  INFO 50881 --- [ntainer#0-0-C-1] o.a.k.c.c.internals.ConsumerCoordinator  : [Consumer clientId=consumer-midas-core-1, groupId=midas-core] Request joining group due to: rebalance failed due to 'This is not the correct coordinator.' (NotCoordinatorException)
2025-10-05T14:14:41.667-04:00  INFO 50881 --- [ntainer#0-0-C-1] o.a.k.c.c.internals.ConsumerCoordinator  : [Consumer clientId=consumer-midas-core-1, groupId=midas-core] (Re-)joining group
2025-10-05T14:14:41.671-04:00  INFO 50881 --- [ntainer#0-0-C-1] o.a.k.c.c.internals.ConsumerCoordinator  : [Consumer clientId=consumer-midas-core-1, groupId=midas-core] Group coordinator localhost:64550 (id: 2147483647 rack: null) is unavailable or invalid due to cause: error response NOT_COORDINATOR. isDisconnected: false. Rediscovery will be attempted.
2025-10-05T14:14:41.671-04:00  INFO 50881 --- [ntainer#0-0-C-1] o.a.k.c.c.internals.ConsumerCoordinator  : [Consumer clientId=consumer-midas-core-1, groupId=midas-core] Requesting disconnect from last known coordinator localhost:64550 (id: 2147483647 rack: null)
2025-10-05T14:14:41.671-04:00  INFO 50881 --- [ntainer#0-0-C-1] o.a.k.c.c.internals.ConsumerCoordinator  : [Consumer clientId=consumer-midas-core-1, groupId=midas-core] JoinGroup failed: This is not the correct coordinator. Marking coordinator unknown. Sent generation was Generation{generationId=-1, memberId='', protocol='null'}
2025-10-05T14:14:41.672-04:00  INFO 50881 --- [ntainer#0-0-C-1] org.apache.kafka.clients.NetworkClient   : [Consumer clientId=consumer-midas-core-1, groupId=midas-core] Client requested disconnect from node 2147483647
2025-10-05T14:14:41.675-04:00  INFO 50881 --- [ntainer#0-0-C-1] o.a.k.c.c.internals.ConsumerCoordinator  : [Consumer clientId=consumer-midas-core-1, groupId=midas-core] Discovered group coordinator localhost:64550 (id: 2147483647 rack: null)
2025-10-05T14:14:41.675-04:00  INFO 50881 --- [ntainer#0-0-C-1] o.a.k.c.c.internals.ConsumerCoordinator  : [Consumer clientId=consumer-midas-core-1, groupId=midas-core] Group coordinator localhost:64550 (id: 2147483647 rack: null) is unavailable or invalid due to cause: coordinator unavailable. isDisconnected: false. Rediscovery will be attempted.
2025-10-05T14:14:41.675-04:00  INFO 50881 --- [ntainer#0-0-C-1] o.a.k.c.c.internals.ConsumerCoordinator  : [Consumer clientId=consumer-midas-core-1, groupId=midas-core] Requesting disconnect from last known coordinator localhost:64550 (id: 2147483647 rack: null)
2025-10-05T14:14:41.684-04:00  INFO 50881 --- [r-event-handler] state.change.logger                      : [Broker id=0] Creating new partition __consumer_offsets-15 with topic id MfDJ1SpQRIaxyQGo6LVcpQ.
2025-10-05T14:14:41.697-04:00  INFO 50881 --- [r-event-handler] kafka.log.UnifiedLog$                    : [LogLoader partition=__consumer_offsets-15, dir=/var/folders/ss/jwjd4m2s3kn4_3p65f4z1gj40000gn/T/kafka-12505999679797277985/broker_0_data0] Loading producer state till offset 0 with message format version 2
2025-10-05T14:14:41.699-04:00  INFO 50881 --- [r-event-handler] kafka.log.LogManager                     : Created log for partition __consumer_offsets-15 in /var/folders/ss/jwjd4m2s3kn4_3p65f4z1gj40000gn/T/kafka-12505999679797277985/broker_0_data0/__consumer_offsets-15 with properties {cleanup.policy=compact, compression.type="producer", segment.bytes=104857600}
2025-10-05T14:14:41.700-04:00  INFO 50881 --- [r-event-handler] kafka.cluster.Partition                  : [Partition __consumer_offsets-15 broker=0] No checkpointed highwatermark is found for partition __consumer_offsets-15
2025-10-05T14:14:41.700-04:00  INFO 50881 --- [r-event-handler] kafka.cluster.Partition                  : [Partition __consumer_offsets-15 broker=0] Log loaded for partition __consumer_offsets-15 with initial high watermark 0
2025-10-05T14:14:41.700-04:00  INFO 50881 --- [r-event-handler] state.change.logger                      : [Broker id=0] Leader __consumer_offsets-15 with topic id Some(MfDJ1SpQRIaxyQGo6LVcpQ) starts at leader epoch 0 from offset 0 with partition epoch 0, high watermark 0, ISR [0], adding replicas [] and removing replicas [] . Previous leader None and previous leader epoch was -1.
2025-10-05T14:14:41.722-04:00  INFO 50881 --- [r-event-handler] state.change.logger                      : [Broker id=0] Creating new partition __consumer_offsets-48 with topic id MfDJ1SpQRIaxyQGo6LVcpQ.
2025-10-05T14:14:41.734-04:00  INFO 50881 --- [r-event-handler] kafka.log.UnifiedLog$                    : [LogLoader partition=__consumer_offsets-48, dir=/var/folders/ss/jwjd4m2s3kn4_3p65f4z1gj40000gn/T/kafka-12505999679797277985/broker_0_data0] Loading producer state till offset 0 with message format version 2
2025-10-05T14:14:41.735-04:00  INFO 50881 --- [r-event-handler] kafka.log.LogManager                     : Created log for partition __consumer_offsets-48 in /var/folders/ss/jwjd4m2s3kn4_3p65f4z1gj40000gn/T/kafka-12505999679797277985/broker_0_data0/__consumer_offsets-48 with properties {cleanup.policy=compact, compression.type="producer", segment.bytes=104857600}
2025-10-05T14:14:41.735-04:00  INFO 50881 --- [r-event-handler] kafka.cluster.Partition                  : [Partition __consumer_offsets-48 broker=0] No checkpointed highwatermark is found for partition __consumer_offsets-48
2025-10-05T14:14:41.735-04:00  INFO 50881 --- [r-event-handler] kafka.cluster.Partition                  : [Partition __consumer_offsets-48 broker=0] Log loaded for partition __consumer_offsets-48 with initial high watermark 0
2025-10-05T14:14:41.736-04:00  INFO 50881 --- [r-event-handler] state.change.logger                      : [Broker id=0] Leader __consumer_offsets-48 with topic id Some(MfDJ1SpQRIaxyQGo6LVcpQ) starts at leader epoch 0 from offset 0 with partition epoch 0, high watermark 0, ISR [0], adding replicas [] and removing replicas [] . Previous leader None and previous leader epoch was -1.
2025-10-05T14:14:41.746-04:00  INFO 50881 --- [r-event-handler] state.change.logger                      : [Broker id=0] Creating new partition __consumer_offsets-11 with topic id MfDJ1SpQRIaxyQGo6LVcpQ.
2025-10-05T14:14:41.752-04:00  INFO 50881 --- [r-event-handler] kafka.log.UnifiedLog$                    : [LogLoader partition=__consumer_offsets-11, dir=/var/folders/ss/jwjd4m2s3kn4_3p65f4z1gj40000gn/T/kafka-12505999679797277985/broker_0_data0] Loading producer state till offset 0 with message format version 2
2025-10-05T14:14:41.754-04:00  INFO 50881 --- [r-event-handler] kafka.log.LogManager                     : Created log for partition __consumer_offsets-11 in /var/folders/ss/jwjd4m2s3kn4_3p65f4z1gj40000gn/T/kafka-12505999679797277985/broker_0_data0/__consumer_offsets-11 with properties {cleanup.policy=compact, compression.type="producer", segment.bytes=104857600}
2025-10-05T14:14:41.754-04:00  INFO 50881 --- [r-event-handler] kafka.cluster.Partition                  : [Partition __consumer_offsets-11 broker=0] No checkpointed highwatermark is found for partition __consumer_offsets-11
2025-10-05T14:14:41.754-04:00  INFO 50881 --- [r-event-handler] kafka.cluster.Partition                  : [Partition __consumer_offsets-11 broker=0] Log loaded for partition __consumer_offsets-11 with initial high watermark 0
2025-10-05T14:14:41.754-04:00  INFO 50881 --- [r-event-handler] state.change.logger                      : [Broker id=0] Leader __consumer_offsets-11 with topic id Some(MfDJ1SpQRIaxyQGo6LVcpQ) starts at leader epoch 0 from offset 0 with partition epoch 0, high watermark 0, ISR [0], adding replicas [] and removing replicas [] . Previous leader None and previous leader epoch was -1.
2025-10-05T14:14:41.775-04:00  INFO 50881 --- [r-event-handler] state.change.logger                      : [Broker id=0] Creating new partition __consumer_offsets-44 with topic id MfDJ1SpQRIaxyQGo6LVcpQ.
2025-10-05T14:14:41.790-04:00  INFO 50881 --- [ntainer#0-0-C-1] o.a.k.c.c.internals.ConsumerCoordinator  : [Consumer clientId=consumer-midas-core-1, groupId=midas-core] Discovered group coordinator localhost:64550 (id: 2147483647 rack: null)
2025-10-05T14:14:41.791-04:00  INFO 50881 --- [ntainer#0-0-C-1] o.a.k.c.c.internals.ConsumerCoordinator  : [Consumer clientId=consumer-midas-core-1, groupId=midas-core] Request joining group due to: rebalance failed due to 'This is not the correct coordinator.' (NotCoordinatorException)
2025-10-05T14:14:41.791-04:00  INFO 50881 --- [ntainer#0-0-C-1] o.a.k.c.c.internals.ConsumerCoordinator  : [Consumer clientId=consumer-midas-core-1, groupId=midas-core] (Re-)joining group
2025-10-05T14:14:41.794-04:00  INFO 50881 --- [r-event-handler] kafka.log.UnifiedLog$                    : [LogLoader partition=__consumer_offsets-44, dir=/var/folders/ss/jwjd4m2s3kn4_3p65f4z1gj40000gn/T/kafka-12505999679797277985/broker_0_data0] Loading producer state till offset 0 with message format version 2
2025-10-05T14:14:41.798-04:00  INFO 50881 --- [r-event-handler] kafka.log.LogManager                     : Created log for partition __consumer_offsets-44 in /var/folders/ss/jwjd4m2s3kn4_3p65f4z1gj40000gn/T/kafka-12505999679797277985/broker_0_data0/__consumer_offsets-44 with properties {cleanup.policy=compact, compression.type="producer", segment.bytes=104857600}
2025-10-05T14:14:41.798-04:00  INFO 50881 --- [r-event-handler] kafka.cluster.Partition                  : [Partition __consumer_offsets-44 broker=0] No checkpointed highwatermark is found for partition __consumer_offsets-44
2025-10-05T14:14:41.799-04:00  INFO 50881 --- [r-event-handler] kafka.cluster.Partition                  : [Partition __consumer_offsets-44 broker=0] Log loaded for partition __consumer_offsets-44 with initial high watermark 0
2025-10-05T14:14:41.799-04:00  INFO 50881 --- [r-event-handler] state.change.logger                      : [Broker id=0] Leader __consumer_offsets-44 with topic id Some(MfDJ1SpQRIaxyQGo6LVcpQ) starts at leader epoch 0 from offset 0 with partition epoch 0, high watermark 0, ISR [0], adding replicas [] and removing replicas [] . Previous leader None and previous leader epoch was -1.
2025-10-05T14:14:41.811-04:00  INFO 50881 --- [ntainer#0-0-C-1] o.a.k.c.c.internals.ConsumerCoordinator  : [Consumer clientId=consumer-midas-core-1, groupId=midas-core] Group coordinator localhost:64550 (id: 2147483647 rack: null) is unavailable or invalid due to cause: error response NOT_COORDINATOR. isDisconnected: false. Rediscovery will be attempted.
2025-10-05T14:14:41.812-04:00  INFO 50881 --- [ntainer#0-0-C-1] o.a.k.c.c.internals.ConsumerCoordinator  : [Consumer clientId=consumer-midas-core-1, groupId=midas-core] Requesting disconnect from last known coordinator localhost:64550 (id: 2147483647 rack: null)
2025-10-05T14:14:41.818-04:00  INFO 50881 --- [ntainer#0-0-C-1] o.a.k.c.c.internals.ConsumerCoordinator  : [Consumer clientId=consumer-midas-core-1, groupId=midas-core] JoinGroup failed: This is not the correct coordinator. Marking coordinator unknown. Sent generation was Generation{generationId=-1, memberId='', protocol='null'}
2025-10-05T14:14:41.819-04:00  INFO 50881 --- [ntainer#0-0-C-1] org.apache.kafka.clients.NetworkClient   : [Consumer clientId=consumer-midas-core-1, groupId=midas-core] Client requested disconnect from node 2147483647
2025-10-05T14:14:41.825-04:00  INFO 50881 --- [r-event-handler] state.change.logger                      : [Broker id=0] Creating new partition __consumer_offsets-23 with topic id MfDJ1SpQRIaxyQGo6LVcpQ.
2025-10-05T14:14:41.834-04:00  INFO 50881 --- [ntainer#0-0-C-1] o.a.k.c.c.internals.ConsumerCoordinator  : [Consumer clientId=consumer-midas-core-1, groupId=midas-core] Discovered group coordinator localhost:64550 (id: 2147483647 rack: null)
2025-10-05T14:14:41.834-04:00  INFO 50881 --- [ntainer#0-0-C-1] o.a.k.c.c.internals.ConsumerCoordinator  : [Consumer clientId=consumer-midas-core-1, groupId=midas-core] Group coordinator localhost:64550 (id: 2147483647 rack: null) is unavailable or invalid due to cause: coordinator unavailable. isDisconnected: false. Rediscovery will be attempted.
2025-10-05T14:14:41.835-04:00  INFO 50881 --- [ntainer#0-0-C-1] o.a.k.c.c.internals.ConsumerCoordinator  : [Consumer clientId=consumer-midas-core-1, groupId=midas-core] Requesting disconnect from last known coordinator localhost:64550 (id: 2147483647 rack: null)
2025-10-05T14:14:41.839-04:00  INFO 50881 --- [r-event-handler] kafka.log.UnifiedLog$                    : [LogLoader partition=__consumer_offsets-23, dir=/var/folders/ss/jwjd4m2s3kn4_3p65f4z1gj40000gn/T/kafka-12505999679797277985/broker_0_data0] Loading producer state till offset 0 with message format version 2
2025-10-05T14:14:41.841-04:00  INFO 50881 --- [r-event-handler] kafka.log.LogManager                     : Created log for partition __consumer_offsets-23 in /var/folders/ss/jwjd4m2s3kn4_3p65f4z1gj40000gn/T/kafka-12505999679797277985/broker_0_data0/__consumer_offsets-23 with properties {cleanup.policy=compact, compression.type="producer", segment.bytes=104857600}
2025-10-05T14:14:41.841-04:00  INFO 50881 --- [r-event-handler] kafka.cluster.Partition                  : [Partition __consumer_offsets-23 broker=0] No checkpointed highwatermark is found for partition __consumer_offsets-23
2025-10-05T14:14:41.841-04:00  INFO 50881 --- [r-event-handler] kafka.cluster.Partition                  : [Partition __consumer_offsets-23 broker=0] Log loaded for partition __consumer_offsets-23 with initial high watermark 0
2025-10-05T14:14:41.841-04:00  INFO 50881 --- [r-event-handler] state.change.logger                      : [Broker id=0] Leader __consumer_offsets-23 with topic id Some(MfDJ1SpQRIaxyQGo6LVcpQ) starts at leader epoch 0 from offset 0 with partition epoch 0, high watermark 0, ISR [0], adding replicas [] and removing replicas [] . Previous leader None and previous leader epoch was -1.
2025-10-05T14:14:41.860-04:00  INFO 50881 --- [r-event-handler] state.change.logger                      : [Broker id=0] Creating new partition __consumer_offsets-19 with topic id MfDJ1SpQRIaxyQGo6LVcpQ.
2025-10-05T14:14:41.868-04:00  INFO 50881 --- [r-event-handler] kafka.log.UnifiedLog$                    : [LogLoader partition=__consumer_offsets-19, dir=/var/folders/ss/jwjd4m2s3kn4_3p65f4z1gj40000gn/T/kafka-12505999679797277985/broker_0_data0] Loading producer state till offset 0 with message format version 2
2025-10-05T14:14:41.869-04:00  INFO 50881 --- [r-event-handler] kafka.log.LogManager                     : Created log for partition __consumer_offsets-19 in /var/folders/ss/jwjd4m2s3kn4_3p65f4z1gj40000gn/T/kafka-12505999679797277985/broker_0_data0/__consumer_offsets-19 with properties {cleanup.policy=compact, compression.type="producer", segment.bytes=104857600}
2025-10-05T14:14:41.869-04:00  INFO 50881 --- [r-event-handler] kafka.cluster.Partition                  : [Partition __consumer_offsets-19 broker=0] No checkpointed highwatermark is found for partition __consumer_offsets-19
2025-10-05T14:14:41.869-04:00  INFO 50881 --- [r-event-handler] kafka.cluster.Partition                  : [Partition __consumer_offsets-19 broker=0] Log loaded for partition __consumer_offsets-19 with initial high watermark 0
2025-10-05T14:14:41.870-04:00  INFO 50881 --- [r-event-handler] state.change.logger                      : [Broker id=0] Leader __consumer_offsets-19 with topic id Some(MfDJ1SpQRIaxyQGo6LVcpQ) starts at leader epoch 0 from offset 0 with partition epoch 0, high watermark 0, ISR [0], adding replicas [] and removing replicas [] . Previous leader None and previous leader epoch was -1.
2025-10-05T14:14:41.887-04:00  INFO 50881 --- [r-event-handler] state.change.logger                      : [Broker id=0] Creating new partition __consumer_offsets-32 with topic id MfDJ1SpQRIaxyQGo6LVcpQ.
2025-10-05T14:14:41.900-04:00  INFO 50881 --- [r-event-handler] kafka.log.UnifiedLog$                    : [LogLoader partition=__consumer_offsets-32, dir=/var/folders/ss/jwjd4m2s3kn4_3p65f4z1gj40000gn/T/kafka-12505999679797277985/broker_0_data0] Loading producer state till offset 0 with message format version 2
2025-10-05T14:14:41.902-04:00  INFO 50881 --- [r-event-handler] kafka.log.LogManager                     : Created log for partition __consumer_offsets-32 in /var/folders/ss/jwjd4m2s3kn4_3p65f4z1gj40000gn/T/kafka-12505999679797277985/broker_0_data0/__consumer_offsets-32 with properties {cleanup.policy=compact, compression.type="producer", segment.bytes=104857600}
2025-10-05T14:14:41.902-04:00  INFO 50881 --- [r-event-handler] kafka.cluster.Partition                  : [Partition __consumer_offsets-32 broker=0] No checkpointed highwatermark is found for partition __consumer_offsets-32
2025-10-05T14:14:41.903-04:00  INFO 50881 --- [r-event-handler] kafka.cluster.Partition                  : [Partition __consumer_offsets-32 broker=0] Log loaded for partition __consumer_offsets-32 with initial high watermark 0
2025-10-05T14:14:41.903-04:00  INFO 50881 --- [r-event-handler] state.change.logger                      : [Broker id=0] Leader __consumer_offsets-32 with topic id Some(MfDJ1SpQRIaxyQGo6LVcpQ) starts at leader epoch 0 from offset 0 with partition epoch 0, high watermark 0, ISR [0], adding replicas [] and removing replicas [] . Previous leader None and previous leader epoch was -1.
2025-10-05T14:14:41.926-04:00  INFO 50881 --- [r-event-handler] state.change.logger                      : [Broker id=0] Creating new partition __consumer_offsets-28 with topic id MfDJ1SpQRIaxyQGo6LVcpQ.
2025-10-05T14:14:41.934-04:00  INFO 50881 --- [r-event-handler] kafka.log.UnifiedLog$                    : [LogLoader partition=__consumer_offsets-28, dir=/var/folders/ss/jwjd4m2s3kn4_3p65f4z1gj40000gn/T/kafka-12505999679797277985/broker_0_data0] Loading producer state till offset 0 with message format version 2
2025-10-05T14:14:41.935-04:00  INFO 50881 --- [r-event-handler] kafka.log.LogManager                     : Created log for partition __consumer_offsets-28 in /var/folders/ss/jwjd4m2s3kn4_3p65f4z1gj40000gn/T/kafka-12505999679797277985/broker_0_data0/__consumer_offsets-28 with properties {cleanup.policy=compact, compression.type="producer", segment.bytes=104857600}
2025-10-05T14:14:41.936-04:00  INFO 50881 --- [r-event-handler] kafka.cluster.Partition                  : [Partition __consumer_offsets-28 broker=0] No checkpointed highwatermark is found for partition __consumer_offsets-28
2025-10-05T14:14:41.936-04:00  INFO 50881 --- [r-event-handler] kafka.cluster.Partition                  : [Partition __consumer_offsets-28 broker=0] Log loaded for partition __consumer_offsets-28 with initial high watermark 0
2025-10-05T14:14:41.936-04:00  INFO 50881 --- [r-event-handler] state.change.logger                      : [Broker id=0] Leader __consumer_offsets-28 with topic id Some(MfDJ1SpQRIaxyQGo6LVcpQ) starts at leader epoch 0 from offset 0 with partition epoch 0, high watermark 0, ISR [0], adding replicas [] and removing replicas [] . Previous leader None and previous leader epoch was -1.
2025-10-05T14:14:41.939-04:00  INFO 50881 --- [ntainer#0-0-C-1] o.a.k.c.c.internals.ConsumerCoordinator  : [Consumer clientId=consumer-midas-core-1, groupId=midas-core] Discovered group coordinator localhost:64550 (id: 2147483647 rack: null)
2025-10-05T14:14:41.940-04:00  INFO 50881 --- [ntainer#0-0-C-1] o.a.k.c.c.internals.ConsumerCoordinator  : [Consumer clientId=consumer-midas-core-1, groupId=midas-core] Request joining group due to: rebalance failed due to 'This is not the correct coordinator.' (NotCoordinatorException)
2025-10-05T14:14:41.941-04:00  INFO 50881 --- [ntainer#0-0-C-1] o.a.k.c.c.internals.ConsumerCoordinator  : [Consumer clientId=consumer-midas-core-1, groupId=midas-core] (Re-)joining group
2025-10-05T14:14:41.944-04:00  INFO 50881 --- [ntainer#0-0-C-1] o.a.k.c.c.internals.ConsumerCoordinator  : [Consumer clientId=consumer-midas-core-1, groupId=midas-core] Group coordinator localhost:64550 (id: 2147483647 rack: null) is unavailable or invalid due to cause: error response NOT_COORDINATOR. isDisconnected: false. Rediscovery will be attempted.
2025-10-05T14:14:41.944-04:00  INFO 50881 --- [ntainer#0-0-C-1] o.a.k.c.c.internals.ConsumerCoordinator  : [Consumer clientId=consumer-midas-core-1, groupId=midas-core] Requesting disconnect from last known coordinator localhost:64550 (id: 2147483647 rack: null)
2025-10-05T14:14:41.945-04:00  INFO 50881 --- [ntainer#0-0-C-1] o.a.k.c.c.internals.ConsumerCoordinator  : [Consumer clientId=consumer-midas-core-1, groupId=midas-core] JoinGroup failed: This is not the correct coordinator. Marking coordinator unknown. Sent generation was Generation{generationId=-1, memberId='', protocol='null'}
2025-10-05T14:14:41.945-04:00  INFO 50881 --- [ntainer#0-0-C-1] org.apache.kafka.clients.NetworkClient   : [Consumer clientId=consumer-midas-core-1, groupId=midas-core] Client requested disconnect from node 2147483647
2025-10-05T14:14:41.948-04:00  INFO 50881 --- [ntainer#0-0-C-1] o.a.k.c.c.internals.ConsumerCoordinator  : [Consumer clientId=consumer-midas-core-1, groupId=midas-core] Discovered group coordinator localhost:64550 (id: 2147483647 rack: null)
2025-10-05T14:14:41.948-04:00  INFO 50881 --- [ntainer#0-0-C-1] o.a.k.c.c.internals.ConsumerCoordinator  : [Consumer clientId=consumer-midas-core-1, groupId=midas-core] Group coordinator localhost:64550 (id: 2147483647 rack: null) is unavailable or invalid due to cause: coordinator unavailable. isDisconnected: false. Rediscovery will be attempted.
2025-10-05T14:14:41.949-04:00  INFO 50881 --- [ntainer#0-0-C-1] o.a.k.c.c.internals.ConsumerCoordinator  : [Consumer clientId=consumer-midas-core-1, groupId=midas-core] Requesting disconnect from last known coordinator localhost:64550 (id: 2147483647 rack: null)
2025-10-05T14:14:41.959-04:00  INFO 50881 --- [r-event-handler] state.change.logger                      : [Broker id=0] Creating new partition __consumer_offsets-7 with topic id MfDJ1SpQRIaxyQGo6LVcpQ.
2025-10-05T14:14:41.966-04:00  INFO 50881 --- [r-event-handler] kafka.log.UnifiedLog$                    : [LogLoader partition=__consumer_offsets-7, dir=/var/folders/ss/jwjd4m2s3kn4_3p65f4z1gj40000gn/T/kafka-12505999679797277985/broker_0_data0] Loading producer state till offset 0 with message format version 2
2025-10-05T14:14:41.967-04:00  INFO 50881 --- [r-event-handler] kafka.log.LogManager                     : Created log for partition __consumer_offsets-7 in /var/folders/ss/jwjd4m2s3kn4_3p65f4z1gj40000gn/T/kafka-12505999679797277985/broker_0_data0/__consumer_offsets-7 with properties {cleanup.policy=compact, compression.type="producer", segment.bytes=104857600}
2025-10-05T14:14:41.967-04:00  INFO 50881 --- [r-event-handler] kafka.cluster.Partition                  : [Partition __consumer_offsets-7 broker=0] No checkpointed highwatermark is found for partition __consumer_offsets-7
2025-10-05T14:14:41.967-04:00  INFO 50881 --- [r-event-handler] kafka.cluster.Partition                  : [Partition __consumer_offsets-7 broker=0] Log loaded for partition __consumer_offsets-7 with initial high watermark 0
2025-10-05T14:14:41.967-04:00  INFO 50881 --- [r-event-handler] state.change.logger                      : [Broker id=0] Leader __consumer_offsets-7 with topic id Some(MfDJ1SpQRIaxyQGo6LVcpQ) starts at leader epoch 0 from offset 0 with partition epoch 0, high watermark 0, ISR [0], adding replicas [] and removing replicas [] . Previous leader None and previous leader epoch was -1.
2025-10-05T14:14:41.968-04:00  INFO 50881 --- [           main] o.a.k.clients.producer.ProducerConfig    : ProducerConfig values: 
	acks = -1
	auto.include.jmx.reporter = true
	batch.size = 16384
	bootstrap.servers = [localhost:64550]
	buffer.memory = 33554432
	client.dns.lookup = use_all_dns_ips
	client.id = producer-1
	compression.type = none
	connections.max.idle.ms = 540000
	delivery.timeout.ms = 120000
	enable.idempotence = true
	interceptor.classes = []
	key.serializer = class org.apache.kafka.common.serialization.StringSerializer
	linger.ms = 0
	max.block.ms = 60000
	max.in.flight.requests.per.connection = 5
	max.request.size = 1048576
	metadata.max.age.ms = 300000
	metadata.max.idle.ms = 300000
	metric.reporters = []
	metrics.num.samples = 2
	metrics.recording.level = INFO
	metrics.sample.window.ms = 30000
	partitioner.adaptive.partitioning.enable = true
	partitioner.availability.timeout.ms = 0
	partitioner.class = null
	partitioner.ignore.keys = false
	receive.buffer.bytes = 32768
	reconnect.backoff.max.ms = 1000
	reconnect.backoff.ms = 50
	request.timeout.ms = 30000
	retries = 2147483647
	retry.backoff.ms = 100
	sasl.client.callback.handler.class = null
	sasl.jaas.config = null
	sasl.kerberos.kinit.cmd = /usr/bin/kinit
	sasl.kerberos.min.time.before.relogin = 60000
	sasl.kerberos.service.name = null
	sasl.kerberos.ticket.renew.jitter = 0.05
	sasl.kerberos.ticket.renew.window.factor = 0.8
	sasl.login.callback.handler.class = null
	sasl.login.class = null
	sasl.login.connect.timeout.ms = null
	sasl.login.read.timeout.ms = null
	sasl.login.refresh.buffer.seconds = 300
	sasl.login.refresh.min.period.seconds = 60
	sasl.login.refresh.window.factor = 0.8
	sasl.login.refresh.window.jitter = 0.05
	sasl.login.retry.backoff.max.ms = 10000
	sasl.login.retry.backoff.ms = 100
	sasl.mechanism = GSSAPI
	sasl.oauthbearer.clock.skew.seconds = 30
	sasl.oauthbearer.expected.audience = null
	sasl.oauthbearer.expected.issuer = null
	sasl.oauthbearer.jwks.endpoint.refresh.ms = 3600000
	sasl.oauthbearer.jwks.endpoint.retry.backoff.max.ms = 10000
	sasl.oauthbearer.jwks.endpoint.retry.backoff.ms = 100
	sasl.oauthbearer.jwks.endpoint.url = null
	sasl.oauthbearer.scope.claim.name = scope
	sasl.oauthbearer.sub.claim.name = sub
	sasl.oauthbearer.token.endpoint.url = null
	security.protocol = PLAINTEXT
	security.providers = null
	send.buffer.bytes = 131072
	socket.connection.setup.timeout.max.ms = 30000
	socket.connection.setup.timeout.ms = 10000
	ssl.cipher.suites = null
	ssl.enabled.protocols = [TLSv1.2, TLSv1.3]
	ssl.endpoint.identification.algorithm = https
	ssl.engine.factory.class = null
	ssl.key.password = null
	ssl.keymanager.algorithm = SunX509
	ssl.keystore.certificate.chain = null
	ssl.keystore.key = null
	ssl.keystore.location = null
	ssl.keystore.password = null
	ssl.keystore.type = JKS
	ssl.protocol = TLSv1.3
	ssl.provider = null
	ssl.secure.random.implementation = null
	ssl.trustmanager.algorithm = PKIX
	ssl.truststore.certificates = null
	ssl.truststore.location = null
	ssl.truststore.password = null
	ssl.truststore.type = JKS
	transaction.timeout.ms = 60000
	transactional.id = null
	value.serializer = class org.springframework.kafka.support.serializer.JsonSerializer

2025-10-05T14:14:41.986-04:00  INFO 50881 --- [r-event-handler] state.change.logger                      : [Broker id=0] Creating new partition __consumer_offsets-40 with topic id MfDJ1SpQRIaxyQGo6LVcpQ.
2025-10-05T14:14:41.988-04:00  INFO 50881 --- [           main] o.a.k.clients.producer.KafkaProducer     : [Producer clientId=producer-1] Instantiated an idempotent producer.
2025-10-05T14:14:41.992-04:00  INFO 50881 --- [r-event-handler] kafka.log.UnifiedLog$                    : [LogLoader partition=__consumer_offsets-40, dir=/var/folders/ss/jwjd4m2s3kn4_3p65f4z1gj40000gn/T/kafka-12505999679797277985/broker_0_data0] Loading producer state till offset 0 with message format version 2
2025-10-05T14:14:41.993-04:00  INFO 50881 --- [r-event-handler] kafka.log.LogManager                     : Created log for partition __consumer_offsets-40 in /var/folders/ss/jwjd4m2s3kn4_3p65f4z1gj40000gn/T/kafka-12505999679797277985/broker_0_data0/__consumer_offsets-40 with properties {cleanup.policy=compact, compression.type="producer", segment.bytes=104857600}
2025-10-05T14:14:41.993-04:00  INFO 50881 --- [r-event-handler] kafka.cluster.Partition                  : [Partition __consumer_offsets-40 broker=0] No checkpointed highwatermark is found for partition __consumer_offsets-40
2025-10-05T14:14:41.993-04:00  INFO 50881 --- [r-event-handler] kafka.cluster.Partition                  : [Partition __consumer_offsets-40 broker=0] Log loaded for partition __consumer_offsets-40 with initial high watermark 0
2025-10-05T14:14:41.993-04:00  INFO 50881 --- [r-event-handler] state.change.logger                      : [Broker id=0] Leader __consumer_offsets-40 with topic id Some(MfDJ1SpQRIaxyQGo6LVcpQ) starts at leader epoch 0 from offset 0 with partition epoch 0, high watermark 0, ISR [0], adding replicas [] and removing replicas [] . Previous leader None and previous leader epoch was -1.
2025-10-05T14:14:42.007-04:00  INFO 50881 --- [           main] o.a.kafka.common.utils.AppInfoParser     : Kafka version: 3.6.2
2025-10-05T14:14:42.007-04:00  INFO 50881 --- [           main] o.a.kafka.common.utils.AppInfoParser     : Kafka commitId: c4deed513057c94e
2025-10-05T14:14:42.007-04:00  INFO 50881 --- [           main] o.a.kafka.common.utils.AppInfoParser     : Kafka startTimeMs: 1759688082007
2025-10-05T14:14:42.014-04:00  INFO 50881 --- [r-event-handler] state.change.logger                      : [Broker id=0] Creating new partition __consumer_offsets-3 with topic id MfDJ1SpQRIaxyQGo6LVcpQ.
2025-10-05T14:14:42.020-04:00  INFO 50881 --- [r-event-handler] kafka.log.UnifiedLog$                    : [LogLoader partition=__consumer_offsets-3, dir=/var/folders/ss/jwjd4m2s3kn4_3p65f4z1gj40000gn/T/kafka-12505999679797277985/broker_0_data0] Loading producer state till offset 0 with message format version 2
2025-10-05T14:14:42.021-04:00  INFO 50881 --- [ad | producer-1] org.apache.kafka.clients.Metadata        : [Producer clientId=producer-1] Cluster ID: CDGy8ZNpTSCRYldwwdIcVg
2025-10-05T14:14:42.021-04:00  INFO 50881 --- [r-event-handler] kafka.log.LogManager                     : Created log for partition __consumer_offsets-3 in /var/folders/ss/jwjd4m2s3kn4_3p65f4z1gj40000gn/T/kafka-12505999679797277985/broker_0_data0/__consumer_offsets-3 with properties {cleanup.policy=compact, compression.type="producer", segment.bytes=104857600}
2025-10-05T14:14:42.022-04:00  INFO 50881 --- [r-event-handler] kafka.cluster.Partition                  : [Partition __consumer_offsets-3 broker=0] No checkpointed highwatermark is found for partition __consumer_offsets-3
2025-10-05T14:14:42.022-04:00  INFO 50881 --- [r-event-handler] kafka.cluster.Partition                  : [Partition __consumer_offsets-3 broker=0] Log loaded for partition __consumer_offsets-3 with initial high watermark 0
2025-10-05T14:14:42.022-04:00  INFO 50881 --- [r-event-handler] state.change.logger                      : [Broker id=0] Leader __consumer_offsets-3 with topic id Some(MfDJ1SpQRIaxyQGo6LVcpQ) starts at leader epoch 0 from offset 0 with partition epoch 0, high watermark 0, ISR [0], adding replicas [] and removing replicas [] . Previous leader None and previous leader epoch was -1.
2025-10-05T14:14:42.026-04:00  INFO 50881 --- [0-event-handler] o.a.k.c.ProducerIdControlManager         : [QuorumController id=0] Replaying ProducerIdsRecord ProducerIdsRecord(brokerId=0, brokerEpoch=5, nextProducerId=1000)
2025-10-05T14:14:42.041-04:00  INFO 50881 --- [r-event-handler] state.change.logger                      : [Broker id=0] Creating new partition __consumer_offsets-36 with topic id MfDJ1SpQRIaxyQGo6LVcpQ.
2025-10-05T14:14:42.046-04:00  INFO 50881 --- [r-event-handler] kafka.log.UnifiedLog$                    : [LogLoader partition=__consumer_offsets-36, dir=/var/folders/ss/jwjd4m2s3kn4_3p65f4z1gj40000gn/T/kafka-12505999679797277985/broker_0_data0] Loading producer state till offset 0 with message format version 2
2025-10-05T14:14:42.047-04:00  INFO 50881 --- [r-event-handler] kafka.log.LogManager                     : Created log for partition __consumer_offsets-36 in /var/folders/ss/jwjd4m2s3kn4_3p65f4z1gj40000gn/T/kafka-12505999679797277985/broker_0_data0/__consumer_offsets-36 with properties {cleanup.policy=compact, compression.type="producer", segment.bytes=104857600}
2025-10-05T14:14:42.047-04:00  INFO 50881 --- [r-event-handler] kafka.cluster.Partition                  : [Partition __consumer_offsets-36 broker=0] No checkpointed highwatermark is found for partition __consumer_offsets-36
2025-10-05T14:14:42.047-04:00  INFO 50881 --- [r-event-handler] kafka.cluster.Partition                  : [Partition __consumer_offsets-36 broker=0] Log loaded for partition __consumer_offsets-36 with initial high watermark 0
2025-10-05T14:14:42.047-04:00  INFO 50881 --- [r-event-handler] state.change.logger                      : [Broker id=0] Leader __consumer_offsets-36 with topic id Some(MfDJ1SpQRIaxyQGo6LVcpQ) starts at leader epoch 0 from offset 0 with partition epoch 0, high watermark 0, ISR [0], adding replicas [] and removing replicas [] . Previous leader None and previous leader epoch was -1.
2025-10-05T14:14:42.053-04:00  INFO 50881 --- [ntainer#0-0-C-1] o.a.k.c.c.internals.ConsumerCoordinator  : [Consumer clientId=consumer-midas-core-1, groupId=midas-core] Discovered group coordinator localhost:64550 (id: 2147483647 rack: null)
2025-10-05T14:14:42.054-04:00  INFO 50881 --- [ntainer#0-0-C-1] o.a.k.c.c.internals.ConsumerCoordinator  : [Consumer clientId=consumer-midas-core-1, groupId=midas-core] Request joining group due to: rebalance failed due to 'This is not the correct coordinator.' (NotCoordinatorException)
2025-10-05T14:14:42.054-04:00  INFO 50881 --- [ntainer#0-0-C-1] o.a.k.c.c.internals.ConsumerCoordinator  : [Consumer clientId=consumer-midas-core-1, groupId=midas-core] (Re-)joining group
2025-10-05T14:14:42.058-04:00  INFO 50881 --- [ntainer#0-0-C-1] o.a.k.c.c.internals.ConsumerCoordinator  : [Consumer clientId=consumer-midas-core-1, groupId=midas-core] Group coordinator localhost:64550 (id: 2147483647 rack: null) is unavailable or invalid due to cause: error response NOT_COORDINATOR. isDisconnected: false. Rediscovery will be attempted.
2025-10-05T14:14:42.058-04:00  INFO 50881 --- [ntainer#0-0-C-1] o.a.k.c.c.internals.ConsumerCoordinator  : [Consumer clientId=consumer-midas-core-1, groupId=midas-core] Requesting disconnect from last known coordinator localhost:64550 (id: 2147483647 rack: null)
2025-10-05T14:14:42.058-04:00  INFO 50881 --- [ntainer#0-0-C-1] o.a.k.c.c.internals.ConsumerCoordinator  : [Consumer clientId=consumer-midas-core-1, groupId=midas-core] JoinGroup failed: This is not the correct coordinator. Marking coordinator unknown. Sent generation was Generation{generationId=-1, memberId='', protocol='null'}
2025-10-05T14:14:42.059-04:00  INFO 50881 --- [ntainer#0-0-C-1] org.apache.kafka.clients.NetworkClient   : [Consumer clientId=consumer-midas-core-1, groupId=midas-core] Client requested disconnect from node 2147483647
2025-10-05T14:14:42.061-04:00  INFO 50881 --- [ntainer#0-0-C-1] o.a.k.c.c.internals.ConsumerCoordinator  : [Consumer clientId=consumer-midas-core-1, groupId=midas-core] Discovered group coordinator localhost:64550 (id: 2147483647 rack: null)
2025-10-05T14:14:42.061-04:00  INFO 50881 --- [ntainer#0-0-C-1] o.a.k.c.c.internals.ConsumerCoordinator  : [Consumer clientId=consumer-midas-core-1, groupId=midas-core] Group coordinator localhost:64550 (id: 2147483647 rack: null) is unavailable or invalid due to cause: coordinator unavailable. isDisconnected: false. Rediscovery will be attempted.
2025-10-05T14:14:42.061-04:00  INFO 50881 --- [ntainer#0-0-C-1] o.a.k.c.c.internals.ConsumerCoordinator  : [Consumer clientId=consumer-midas-core-1, groupId=midas-core] Requesting disconnect from last known coordinator localhost:64550 (id: 2147483647 rack: null)
2025-10-05T14:14:42.067-04:00  INFO 50881 --- [r-event-handler] state.change.logger                      : [Broker id=0] Creating new partition __consumer_offsets-47 with topic id MfDJ1SpQRIaxyQGo6LVcpQ.
2025-10-05T14:14:42.071-04:00  INFO 50881 --- [r-event-handler] kafka.log.UnifiedLog$                    : [LogLoader partition=__consumer_offsets-47, dir=/var/folders/ss/jwjd4m2s3kn4_3p65f4z1gj40000gn/T/kafka-12505999679797277985/broker_0_data0] Loading producer state till offset 0 with message format version 2
2025-10-05T14:14:42.072-04:00  INFO 50881 --- [r-event-handler] kafka.log.LogManager                     : Created log for partition __consumer_offsets-47 in /var/folders/ss/jwjd4m2s3kn4_3p65f4z1gj40000gn/T/kafka-12505999679797277985/broker_0_data0/__consumer_offsets-47 with properties {cleanup.policy=compact, compression.type="producer", segment.bytes=104857600}
2025-10-05T14:14:42.072-04:00  INFO 50881 --- [r-event-handler] kafka.cluster.Partition                  : [Partition __consumer_offsets-47 broker=0] No checkpointed highwatermark is found for partition __consumer_offsets-47
2025-10-05T14:14:42.072-04:00  INFO 50881 --- [r-event-handler] kafka.cluster.Partition                  : [Partition __consumer_offsets-47 broker=0] Log loaded for partition __consumer_offsets-47 with initial high watermark 0
2025-10-05T14:14:42.072-04:00  INFO 50881 --- [r-event-handler] state.change.logger                      : [Broker id=0] Leader __consumer_offsets-47 with topic id Some(MfDJ1SpQRIaxyQGo6LVcpQ) starts at leader epoch 0 from offset 0 with partition epoch 0, high watermark 0, ISR [0], adding replicas [] and removing replicas [] . Previous leader None and previous leader epoch was -1.
2025-10-05T14:14:42.086-04:00  INFO 50881 --- [r-event-handler] state.change.logger                      : [Broker id=0] Creating new partition __consumer_offsets-14 with topic id MfDJ1SpQRIaxyQGo6LVcpQ.
2025-10-05T14:14:42.090-04:00  INFO 50881 --- [r-event-handler] kafka.log.UnifiedLog$                    : [LogLoader partition=__consumer_offsets-14, dir=/var/folders/ss/jwjd4m2s3kn4_3p65f4z1gj40000gn/T/kafka-12505999679797277985/broker_0_data0] Loading producer state till offset 0 with message format version 2
2025-10-05T14:14:42.091-04:00  INFO 50881 --- [r-event-handler] kafka.log.LogManager                     : Created log for partition __consumer_offsets-14 in /var/folders/ss/jwjd4m2s3kn4_3p65f4z1gj40000gn/T/kafka-12505999679797277985/broker_0_data0/__consumer_offsets-14 with properties {cleanup.policy=compact, compression.type="producer", segment.bytes=104857600}
2025-10-05T14:14:42.092-04:00  INFO 50881 --- [r-event-handler] kafka.cluster.Partition                  : [Partition __consumer_offsets-14 broker=0] No checkpointed highwatermark is found for partition __consumer_offsets-14
2025-10-05T14:14:42.092-04:00  INFO 50881 --- [r-event-handler] kafka.cluster.Partition                  : [Partition __consumer_offsets-14 broker=0] Log loaded for partition __consumer_offsets-14 with initial high watermark 0
2025-10-05T14:14:42.092-04:00  INFO 50881 --- [r-event-handler] state.change.logger                      : [Broker id=0] Leader __consumer_offsets-14 with topic id Some(MfDJ1SpQRIaxyQGo6LVcpQ) starts at leader epoch 0 from offset 0 with partition epoch 0, high watermark 0, ISR [0], adding replicas [] and removing replicas [] . Previous leader None and previous leader epoch was -1.
2025-10-05T14:14:42.102-04:00  INFO 50881 --- [r-event-handler] state.change.logger                      : [Broker id=0] Creating new partition __consumer_offsets-43 with topic id MfDJ1SpQRIaxyQGo6LVcpQ.
2025-10-05T14:14:42.119-04:00  INFO 50881 --- [r-event-handler] kafka.log.UnifiedLog$                    : [LogLoader partition=__consumer_offsets-43, dir=/var/folders/ss/jwjd4m2s3kn4_3p65f4z1gj40000gn/T/kafka-12505999679797277985/broker_0_data0] Loading producer state till offset 0 with message format version 2
2025-10-05T14:14:42.122-04:00  INFO 50881 --- [r-event-handler] kafka.log.LogManager                     : Created log for partition __consumer_offsets-43 in /var/folders/ss/jwjd4m2s3kn4_3p65f4z1gj40000gn/T/kafka-12505999679797277985/broker_0_data0/__consumer_offsets-43 with properties {cleanup.policy=compact, compression.type="producer", segment.bytes=104857600}
2025-10-05T14:14:42.123-04:00  INFO 50881 --- [r-event-handler] kafka.cluster.Partition                  : [Partition __consumer_offsets-43 broker=0] No checkpointed highwatermark is found for partition __consumer_offsets-43
2025-10-05T14:14:42.124-04:00  INFO 50881 --- [r-event-handler] kafka.cluster.Partition                  : [Partition __consumer_offsets-43 broker=0] Log loaded for partition __consumer_offsets-43 with initial high watermark 0
2025-10-05T14:14:42.124-04:00  INFO 50881 --- [r-event-handler] state.change.logger                      : [Broker id=0] Leader __consumer_offsets-43 with topic id Some(MfDJ1SpQRIaxyQGo6LVcpQ) starts at leader epoch 0 from offset 0 with partition epoch 0, high watermark 0, ISR [0], adding replicas [] and removing replicas [] . Previous leader None and previous leader epoch was -1.
2025-10-05T14:14:42.136-04:00  INFO 50881 --- [ad | producer-1] o.a.k.c.p.internals.TransactionManager   : [Producer clientId=producer-1] ProducerId set to 0 with epoch 0
2025-10-05T14:14:42.144-04:00  INFO 50881 --- [r-event-handler] state.change.logger                      : [Broker id=0] Creating new partition __consumer_offsets-10 with topic id MfDJ1SpQRIaxyQGo6LVcpQ.
2025-10-05T14:14:42.152-04:00  INFO 50881 --- [r-event-handler] kafka.log.UnifiedLog$                    : [LogLoader partition=__consumer_offsets-10, dir=/var/folders/ss/jwjd4m2s3kn4_3p65f4z1gj40000gn/T/kafka-12505999679797277985/broker_0_data0] Loading producer state till offset 0 with message format version 2
2025-10-05T14:14:42.153-04:00  INFO 50881 --- [r-event-handler] kafka.log.LogManager                     : Created log for partition __consumer_offsets-10 in /var/folders/ss/jwjd4m2s3kn4_3p65f4z1gj40000gn/T/kafka-12505999679797277985/broker_0_data0/__consumer_offsets-10 with properties {cleanup.policy=compact, compression.type="producer", segment.bytes=104857600}
2025-10-05T14:14:42.153-04:00  INFO 50881 --- [r-event-handler] kafka.cluster.Partition                  : [Partition __consumer_offsets-10 broker=0] No checkpointed highwatermark is found for partition __consumer_offsets-10
2025-10-05T14:14:42.153-04:00  INFO 50881 --- [r-event-handler] kafka.cluster.Partition                  : [Partition __consumer_offsets-10 broker=0] Log loaded for partition __consumer_offsets-10 with initial high watermark 0
2025-10-05T14:14:42.154-04:00  INFO 50881 --- [r-event-handler] state.change.logger                      : [Broker id=0] Leader __consumer_offsets-10 with topic id Some(MfDJ1SpQRIaxyQGo6LVcpQ) starts at leader epoch 0 from offset 0 with partition epoch 0, high watermark 0, ISR [0], adding replicas [] and removing replicas [] . Previous leader None and previous leader epoch was -1.
2025-10-05T14:14:42.165-04:00  INFO 50881 --- [ntainer#0-0-C-1] o.a.k.c.c.internals.ConsumerCoordinator  : [Consumer clientId=consumer-midas-core-1, groupId=midas-core] Discovered group coordinator localhost:64550 (id: 2147483647 rack: null)
2025-10-05T14:14:42.165-04:00  INFO 50881 --- [r-event-handler] state.change.logger                      : [Broker id=0] Creating new partition __consumer_offsets-22 with topic id MfDJ1SpQRIaxyQGo6LVcpQ.
2025-10-05T14:14:42.167-04:00  INFO 50881 --- [ntainer#0-0-C-1] o.a.k.c.c.internals.ConsumerCoordinator  : [Consumer clientId=consumer-midas-core-1, groupId=midas-core] Request joining group due to: rebalance failed due to 'This is not the correct coordinator.' (NotCoordinatorException)
2025-10-05T14:14:42.167-04:00  INFO 50881 --- [ntainer#0-0-C-1] o.a.k.c.c.internals.ConsumerCoordinator  : [Consumer clientId=consumer-midas-core-1, groupId=midas-core] (Re-)joining group
2025-10-05T14:14:42.172-04:00  INFO 50881 --- [r-event-handler] kafka.log.UnifiedLog$                    : [LogLoader partition=__consumer_offsets-22, dir=/var/folders/ss/jwjd4m2s3kn4_3p65f4z1gj40000gn/T/kafka-12505999679797277985/broker_0_data0] Loading producer state till offset 0 with message format version 2
2025-10-05T14:14:42.173-04:00  INFO 50881 --- [r-event-handler] kafka.log.LogManager                     : Created log for partition __consumer_offsets-22 in /var/folders/ss/jwjd4m2s3kn4_3p65f4z1gj40000gn/T/kafka-12505999679797277985/broker_0_data0/__consumer_offsets-22 with properties {cleanup.policy=compact, compression.type="producer", segment.bytes=104857600}
2025-10-05T14:14:42.174-04:00  INFO 50881 --- [r-event-handler] kafka.cluster.Partition                  : [Partition __consumer_offsets-22 broker=0] No checkpointed highwatermark is found for partition __consumer_offsets-22
2025-10-05T14:14:42.174-04:00  INFO 50881 --- [r-event-handler] kafka.cluster.Partition                  : [Partition __consumer_offsets-22 broker=0] Log loaded for partition __consumer_offsets-22 with initial high watermark 0
2025-10-05T14:14:42.174-04:00  INFO 50881 --- [r-event-handler] state.change.logger                      : [Broker id=0] Leader __consumer_offsets-22 with topic id Some(MfDJ1SpQRIaxyQGo6LVcpQ) starts at leader epoch 0 from offset 0 with partition epoch 0, high watermark 0, ISR [0], adding replicas [] and removing replicas [] . Previous leader None and previous leader epoch was -1.
2025-10-05T14:14:42.175-04:00  INFO 50881 --- [ntainer#0-0-C-1] o.a.k.c.c.internals.ConsumerCoordinator  : [Consumer clientId=consumer-midas-core-1, groupId=midas-core] Group coordinator localhost:64550 (id: 2147483647 rack: null) is unavailable or invalid due to cause: error response NOT_COORDINATOR. isDisconnected: false. Rediscovery will be attempted.
2025-10-05T14:14:42.175-04:00  INFO 50881 --- [ntainer#0-0-C-1] o.a.k.c.c.internals.ConsumerCoordinator  : [Consumer clientId=consumer-midas-core-1, groupId=midas-core] Requesting disconnect from last known coordinator localhost:64550 (id: 2147483647 rack: null)
2025-10-05T14:14:42.175-04:00  INFO 50881 --- [ntainer#0-0-C-1] o.a.k.c.c.internals.ConsumerCoordinator  : [Consumer clientId=consumer-midas-core-1, groupId=midas-core] JoinGroup failed: This is not the correct coordinator. Marking coordinator unknown. Sent generation was Generation{generationId=-1, memberId='', protocol='null'}
2025-10-05T14:14:42.175-04:00  INFO 50881 --- [ntainer#0-0-C-1] org.apache.kafka.clients.NetworkClient   : [Consumer clientId=consumer-midas-core-1, groupId=midas-core] Client requested disconnect from node 2147483647
2025-10-05T14:14:42.178-04:00  INFO 50881 --- [ntainer#0-0-C-1] o.a.k.c.c.internals.ConsumerCoordinator  : [Consumer clientId=consumer-midas-core-1, groupId=midas-core] Discovered group coordinator localhost:64550 (id: 2147483647 rack: null)
2025-10-05T14:14:42.178-04:00  INFO 50881 --- [ntainer#0-0-C-1] o.a.k.c.c.internals.ConsumerCoordinator  : [Consumer clientId=consumer-midas-core-1, groupId=midas-core] Group coordinator localhost:64550 (id: 2147483647 rack: null) is unavailable or invalid due to cause: coordinator unavailable. isDisconnected: false. Rediscovery will be attempted.
2025-10-05T14:14:42.178-04:00  INFO 50881 --- [ntainer#0-0-C-1] o.a.k.c.c.internals.ConsumerCoordinator  : [Consumer clientId=consumer-midas-core-1, groupId=midas-core] Requesting disconnect from last known coordinator localhost:64550 (id: 2147483647 rack: null)
2025-10-05T14:14:42.190-04:00  INFO 50881 --- [r-event-handler] state.change.logger                      : [Broker id=0] Creating new partition __consumer_offsets-18 with topic id MfDJ1SpQRIaxyQGo6LVcpQ.
2025-10-05T14:14:42.196-04:00  INFO 50881 --- [r-event-handler] kafka.log.UnifiedLog$                    : [LogLoader partition=__consumer_offsets-18, dir=/var/folders/ss/jwjd4m2s3kn4_3p65f4z1gj40000gn/T/kafka-12505999679797277985/broker_0_data0] Loading producer state till offset 0 with message format version 2
2025-10-05T14:14:42.197-04:00  INFO 50881 --- [r-event-handler] kafka.log.LogManager                     : Created log for partition __consumer_offsets-18 in /var/folders/ss/jwjd4m2s3kn4_3p65f4z1gj40000gn/T/kafka-12505999679797277985/broker_0_data0/__consumer_offsets-18 with properties {cleanup.policy=compact, compression.type="producer", segment.bytes=104857600}
2025-10-05T14:14:42.197-04:00  INFO 50881 --- [r-event-handler] kafka.cluster.Partition                  : [Partition __consumer_offsets-18 broker=0] No checkpointed highwatermark is found for partition __consumer_offsets-18
2025-10-05T14:14:42.197-04:00  INFO 50881 --- [r-event-handler] kafka.cluster.Partition                  : [Partition __consumer_offsets-18 broker=0] Log loaded for partition __consumer_offsets-18 with initial high watermark 0
2025-10-05T14:14:42.197-04:00  INFO 50881 --- [r-event-handler] state.change.logger                      : [Broker id=0] Leader __consumer_offsets-18 with topic id Some(MfDJ1SpQRIaxyQGo6LVcpQ) starts at leader epoch 0 from offset 0 with partition epoch 0, high watermark 0, ISR [0], adding replicas [] and removing replicas [] . Previous leader None and previous leader epoch was -1.
2025-10-05T14:14:42.223-04:00  INFO 50881 --- [r-event-handler] state.change.logger                      : [Broker id=0] Creating new partition __consumer_offsets-31 with topic id MfDJ1SpQRIaxyQGo6LVcpQ.
2025-10-05T14:14:42.229-04:00  INFO 50881 --- [r-event-handler] kafka.log.UnifiedLog$                    : [LogLoader partition=__consumer_offsets-31, dir=/var/folders/ss/jwjd4m2s3kn4_3p65f4z1gj40000gn/T/kafka-12505999679797277985/broker_0_data0] Loading producer state till offset 0 with message format version 2
2025-10-05T14:14:42.230-04:00  INFO 50881 --- [r-event-handler] kafka.log.LogManager                     : Created log for partition __consumer_offsets-31 in /var/folders/ss/jwjd4m2s3kn4_3p65f4z1gj40000gn/T/kafka-12505999679797277985/broker_0_data0/__consumer_offsets-31 with properties {cleanup.policy=compact, compression.type="producer", segment.bytes=104857600}
2025-10-05T14:14:42.231-04:00  INFO 50881 --- [r-event-handler] kafka.cluster.Partition                  : [Partition __consumer_offsets-31 broker=0] No checkpointed highwatermark is found for partition __consumer_offsets-31
2025-10-05T14:14:42.231-04:00  INFO 50881 --- [r-event-handler] kafka.cluster.Partition                  : [Partition __consumer_offsets-31 broker=0] Log loaded for partition __consumer_offsets-31 with initial high watermark 0
2025-10-05T14:14:42.231-04:00  INFO 50881 --- [r-event-handler] state.change.logger                      : [Broker id=0] Leader __consumer_offsets-31 with topic id Some(MfDJ1SpQRIaxyQGo6LVcpQ) starts at leader epoch 0 from offset 0 with partition epoch 0, high watermark 0, ISR [0], adding replicas [] and removing replicas [] . Previous leader None and previous leader epoch was -1.
2025-10-05T14:14:42.251-04:00  INFO 50881 --- [r-event-handler] state.change.logger                      : [Broker id=0] Creating new partition __consumer_offsets-27 with topic id MfDJ1SpQRIaxyQGo6LVcpQ.
2025-10-05T14:14:42.259-04:00  INFO 50881 --- [r-event-handler] kafka.log.UnifiedLog$                    : [LogLoader partition=__consumer_offsets-27, dir=/var/folders/ss/jwjd4m2s3kn4_3p65f4z1gj40000gn/T/kafka-12505999679797277985/broker_0_data0] Loading producer state till offset 0 with message format version 2
2025-10-05T14:14:42.260-04:00  INFO 50881 --- [r-event-handler] kafka.log.LogManager                     : Created log for partition __consumer_offsets-27 in /var/folders/ss/jwjd4m2s3kn4_3p65f4z1gj40000gn/T/kafka-12505999679797277985/broker_0_data0/__consumer_offsets-27 with properties {cleanup.policy=compact, compression.type="producer", segment.bytes=104857600}
2025-10-05T14:14:42.260-04:00  INFO 50881 --- [r-event-handler] kafka.cluster.Partition                  : [Partition __consumer_offsets-27 broker=0] No checkpointed highwatermark is found for partition __consumer_offsets-27
2025-10-05T14:14:42.260-04:00  INFO 50881 --- [r-event-handler] kafka.cluster.Partition                  : [Partition __consumer_offsets-27 broker=0] Log loaded for partition __consumer_offsets-27 with initial high watermark 0
2025-10-05T14:14:42.260-04:00  INFO 50881 --- [r-event-handler] state.change.logger                      : [Broker id=0] Leader __consumer_offsets-27 with topic id Some(MfDJ1SpQRIaxyQGo6LVcpQ) starts at leader epoch 0 from offset 0 with partition epoch 0, high watermark 0, ISR [0], adding replicas [] and removing replicas [] . Previous leader None and previous leader epoch was -1.
2025-10-05T14:14:42.272-04:00  INFO 50881 --- [r-event-handler] state.change.logger                      : [Broker id=0] Creating new partition __consumer_offsets-39 with topic id MfDJ1SpQRIaxyQGo6LVcpQ.
2025-10-05T14:14:42.276-04:00  INFO 50881 --- [r-event-handler] kafka.log.UnifiedLog$                    : [LogLoader partition=__consumer_offsets-39, dir=/var/folders/ss/jwjd4m2s3kn4_3p65f4z1gj40000gn/T/kafka-12505999679797277985/broker_0_data0] Loading producer state till offset 0 with message format version 2
2025-10-05T14:14:42.277-04:00  INFO 50881 --- [r-event-handler] kafka.log.LogManager                     : Created log for partition __consumer_offsets-39 in /var/folders/ss/jwjd4m2s3kn4_3p65f4z1gj40000gn/T/kafka-12505999679797277985/broker_0_data0/__consumer_offsets-39 with properties {cleanup.policy=compact, compression.type="producer", segment.bytes=104857600}
2025-10-05T14:14:42.277-04:00  INFO 50881 --- [r-event-handler] kafka.cluster.Partition                  : [Partition __consumer_offsets-39 broker=0] No checkpointed highwatermark is found for partition __consumer_offsets-39
2025-10-05T14:14:42.277-04:00  INFO 50881 --- [r-event-handler] kafka.cluster.Partition                  : [Partition __consumer_offsets-39 broker=0] Log loaded for partition __consumer_offsets-39 with initial high watermark 0
2025-10-05T14:14:42.277-04:00  INFO 50881 --- [r-event-handler] state.change.logger                      : [Broker id=0] Leader __consumer_offsets-39 with topic id Some(MfDJ1SpQRIaxyQGo6LVcpQ) starts at leader epoch 0 from offset 0 with partition epoch 0, high watermark 0, ISR [0], adding replicas [] and removing replicas [] . Previous leader None and previous leader epoch was -1.
2025-10-05T14:14:42.280-04:00  INFO 50881 --- [ntainer#0-0-C-1] o.a.k.c.c.internals.ConsumerCoordinator  : [Consumer clientId=consumer-midas-core-1, groupId=midas-core] Discovered group coordinator localhost:64550 (id: 2147483647 rack: null)
2025-10-05T14:14:42.281-04:00  INFO 50881 --- [ntainer#0-0-C-1] o.a.k.c.c.internals.ConsumerCoordinator  : [Consumer clientId=consumer-midas-core-1, groupId=midas-core] Request joining group due to: rebalance failed due to 'This is not the correct coordinator.' (NotCoordinatorException)
2025-10-05T14:14:42.282-04:00  INFO 50881 --- [ntainer#0-0-C-1] o.a.k.c.c.internals.ConsumerCoordinator  : [Consumer clientId=consumer-midas-core-1, groupId=midas-core] (Re-)joining group
2025-10-05T14:14:42.284-04:00  INFO 50881 --- [ntainer#0-0-C-1] o.a.k.c.c.internals.ConsumerCoordinator  : [Consumer clientId=consumer-midas-core-1, groupId=midas-core] Group coordinator localhost:64550 (id: 2147483647 rack: null) is unavailable or invalid due to cause: error response NOT_COORDINATOR. isDisconnected: false. Rediscovery will be attempted.
2025-10-05T14:14:42.285-04:00  INFO 50881 --- [ntainer#0-0-C-1] o.a.k.c.c.internals.ConsumerCoordinator  : [Consumer clientId=consumer-midas-core-1, groupId=midas-core] Requesting disconnect from last known coordinator localhost:64550 (id: 2147483647 rack: null)
2025-10-05T14:14:42.285-04:00  INFO 50881 --- [ntainer#0-0-C-1] o.a.k.c.c.internals.ConsumerCoordinator  : [Consumer clientId=consumer-midas-core-1, groupId=midas-core] JoinGroup failed: This is not the correct coordinator. Marking coordinator unknown. Sent generation was Generation{generationId=-1, memberId='', protocol='null'}
2025-10-05T14:14:42.285-04:00  INFO 50881 --- [ntainer#0-0-C-1] org.apache.kafka.clients.NetworkClient   : [Consumer clientId=consumer-midas-core-1, groupId=midas-core] Client requested disconnect from node 2147483647
2025-10-05T14:14:42.287-04:00  INFO 50881 --- [ntainer#0-0-C-1] o.a.k.c.c.internals.ConsumerCoordinator  : [Consumer clientId=consumer-midas-core-1, groupId=midas-core] Discovered group coordinator localhost:64550 (id: 2147483647 rack: null)
2025-10-05T14:14:42.287-04:00  INFO 50881 --- [ntainer#0-0-C-1] o.a.k.c.c.internals.ConsumerCoordinator  : [Consumer clientId=consumer-midas-core-1, groupId=midas-core] Group coordinator localhost:64550 (id: 2147483647 rack: null) is unavailable or invalid due to cause: coordinator unavailable. isDisconnected: false. Rediscovery will be attempted.
2025-10-05T14:14:42.287-04:00  INFO 50881 --- [ntainer#0-0-C-1] o.a.k.c.c.internals.ConsumerCoordinator  : [Consumer clientId=consumer-midas-core-1, groupId=midas-core] Requesting disconnect from last known coordinator localhost:64550 (id: 2147483647 rack: null)
2025-10-05T14:14:42.305-04:00  INFO 50881 --- [r-event-handler] state.change.logger                      : [Broker id=0] Creating new partition __consumer_offsets-6 with topic id MfDJ1SpQRIaxyQGo6LVcpQ.
2025-10-05T14:14:42.310-04:00  INFO 50881 --- [r-event-handler] kafka.log.UnifiedLog$                    : [LogLoader partition=__consumer_offsets-6, dir=/var/folders/ss/jwjd4m2s3kn4_3p65f4z1gj40000gn/T/kafka-12505999679797277985/broker_0_data0] Loading producer state till offset 0 with message format version 2
2025-10-05T14:14:42.311-04:00  INFO 50881 --- [r-event-handler] kafka.log.LogManager                     : Created log for partition __consumer_offsets-6 in /var/folders/ss/jwjd4m2s3kn4_3p65f4z1gj40000gn/T/kafka-12505999679797277985/broker_0_data0/__consumer_offsets-6 with properties {cleanup.policy=compact, compression.type="producer", segment.bytes=104857600}
2025-10-05T14:14:42.311-04:00  INFO 50881 --- [r-event-handler] kafka.cluster.Partition                  : [Partition __consumer_offsets-6 broker=0] No checkpointed highwatermark is found for partition __consumer_offsets-6
2025-10-05T14:14:42.312-04:00  INFO 50881 --- [r-event-handler] kafka.cluster.Partition                  : [Partition __consumer_offsets-6 broker=0] Log loaded for partition __consumer_offsets-6 with initial high watermark 0
2025-10-05T14:14:42.312-04:00  INFO 50881 --- [r-event-handler] state.change.logger                      : [Broker id=0] Leader __consumer_offsets-6 with topic id Some(MfDJ1SpQRIaxyQGo6LVcpQ) starts at leader epoch 0 from offset 0 with partition epoch 0, high watermark 0, ISR [0], adding replicas [] and removing replicas [] . Previous leader None and previous leader epoch was -1.
2025-10-05T14:14:42.335-04:00  INFO 50881 --- [r-event-handler] state.change.logger                      : [Broker id=0] Creating new partition __consumer_offsets-35 with topic id MfDJ1SpQRIaxyQGo6LVcpQ.
2025-10-05T14:14:42.340-04:00  INFO 50881 --- [r-event-handler] kafka.log.UnifiedLog$                    : [LogLoader partition=__consumer_offsets-35, dir=/var/folders/ss/jwjd4m2s3kn4_3p65f4z1gj40000gn/T/kafka-12505999679797277985/broker_0_data0] Loading producer state till offset 0 with message format version 2
2025-10-05T14:14:42.341-04:00  INFO 50881 --- [r-event-handler] kafka.log.LogManager                     : Created log for partition __consumer_offsets-35 in /var/folders/ss/jwjd4m2s3kn4_3p65f4z1gj40000gn/T/kafka-12505999679797277985/broker_0_data0/__consumer_offsets-35 with properties {cleanup.policy=compact, compression.type="producer", segment.bytes=104857600}
2025-10-05T14:14:42.341-04:00  INFO 50881 --- [r-event-handler] kafka.cluster.Partition                  : [Partition __consumer_offsets-35 broker=0] No checkpointed highwatermark is found for partition __consumer_offsets-35
2025-10-05T14:14:42.341-04:00  INFO 50881 --- [r-event-handler] kafka.cluster.Partition                  : [Partition __consumer_offsets-35 broker=0] Log loaded for partition __consumer_offsets-35 with initial high watermark 0
2025-10-05T14:14:42.342-04:00  INFO 50881 --- [r-event-handler] state.change.logger                      : [Broker id=0] Leader __consumer_offsets-35 with topic id Some(MfDJ1SpQRIaxyQGo6LVcpQ) starts at leader epoch 0 from offset 0 with partition epoch 0, high watermark 0, ISR [0], adding replicas [] and removing replicas [] . Previous leader None and previous leader epoch was -1.
2025-10-05T14:14:42.364-04:00  INFO 50881 --- [r-event-handler] state.change.logger                      : [Broker id=0] Creating new partition __consumer_offsets-2 with topic id MfDJ1SpQRIaxyQGo6LVcpQ.
2025-10-05T14:14:42.369-04:00  INFO 50881 --- [r-event-handler] kafka.log.UnifiedLog$                    : [LogLoader partition=__consumer_offsets-2, dir=/var/folders/ss/jwjd4m2s3kn4_3p65f4z1gj40000gn/T/kafka-12505999679797277985/broker_0_data0] Loading producer state till offset 0 with message format version 2
2025-10-05T14:14:42.370-04:00  INFO 50881 --- [r-event-handler] kafka.log.LogManager                     : Created log for partition __consumer_offsets-2 in /var/folders/ss/jwjd4m2s3kn4_3p65f4z1gj40000gn/T/kafka-12505999679797277985/broker_0_data0/__consumer_offsets-2 with properties {cleanup.policy=compact, compression.type="producer", segment.bytes=104857600}
2025-10-05T14:14:42.370-04:00  INFO 50881 --- [r-event-handler] kafka.cluster.Partition                  : [Partition __consumer_offsets-2 broker=0] No checkpointed highwatermark is found for partition __consumer_offsets-2
2025-10-05T14:14:42.370-04:00  INFO 50881 --- [r-event-handler] kafka.cluster.Partition                  : [Partition __consumer_offsets-2 broker=0] Log loaded for partition __consumer_offsets-2 with initial high watermark 0
2025-10-05T14:14:42.371-04:00  INFO 50881 --- [r-event-handler] state.change.logger                      : [Broker id=0] Leader __consumer_offsets-2 with topic id Some(MfDJ1SpQRIaxyQGo6LVcpQ) starts at leader epoch 0 from offset 0 with partition epoch 0, high watermark 0, ISR [0], adding replicas [] and removing replicas [] . Previous leader None and previous leader epoch was -1.
2025-10-05T14:14:42.389-04:00  INFO 50881 --- [ntainer#0-0-C-1] o.a.k.c.c.internals.ConsumerCoordinator  : [Consumer clientId=consumer-midas-core-1, groupId=midas-core] Discovered group coordinator localhost:64550 (id: 2147483647 rack: null)
2025-10-05T14:14:42.390-04:00  INFO 50881 --- [ntainer#0-0-C-1] o.a.k.c.c.internals.ConsumerCoordinator  : [Consumer clientId=consumer-midas-core-1, groupId=midas-core] Request joining group due to: rebalance failed due to 'This is not the correct coordinator.' (NotCoordinatorException)
2025-10-05T14:14:42.391-04:00  INFO 50881 --- [ntainer#0-0-C-1] o.a.k.c.c.internals.ConsumerCoordinator  : [Consumer clientId=consumer-midas-core-1, groupId=midas-core] (Re-)joining group
2025-10-05T14:14:42.394-04:00  INFO 50881 --- [r-event-handler] k.coordinator.group.GroupCoordinator     : [GroupCoordinator 0]: Elected as the group coordinator for partition 13 in epoch 0
2025-10-05T14:14:42.395-04:00  INFO 50881 --- [ntainer#0-0-C-1] o.a.k.c.c.internals.ConsumerCoordinator  : [Consumer clientId=consumer-midas-core-1, groupId=midas-core] Group coordinator localhost:64550 (id: 2147483647 rack: null) is unavailable or invalid due to cause: error response NOT_COORDINATOR. isDisconnected: false. Rediscovery will be attempted.
2025-10-05T14:14:42.395-04:00  INFO 50881 --- [ntainer#0-0-C-1] o.a.k.c.c.internals.ConsumerCoordinator  : [Consumer clientId=consumer-midas-core-1, groupId=midas-core] Requesting disconnect from last known coordinator localhost:64550 (id: 2147483647 rack: null)
2025-10-05T14:14:42.395-04:00  INFO 50881 --- [ntainer#0-0-C-1] o.a.k.c.c.internals.ConsumerCoordinator  : [Consumer clientId=consumer-midas-core-1, groupId=midas-core] JoinGroup failed: This is not the correct coordinator. Marking coordinator unknown. Sent generation was Generation{generationId=-1, memberId='', protocol='null'}
2025-10-05T14:14:42.395-04:00  INFO 50881 --- [ntainer#0-0-C-1] org.apache.kafka.clients.NetworkClient   : [Consumer clientId=consumer-midas-core-1, groupId=midas-core] Client requested disconnect from node 2147483647
2025-10-05T14:14:42.396-04:00  INFO 50881 --- [r-event-handler] k.c.group.GroupMetadataManager           : [GroupMetadataManager brokerId=0] Scheduling loading of offsets and group metadata from __consumer_offsets-13 for epoch 0
2025-10-05T14:14:42.399-04:00  INFO 50881 --- [r-event-handler] k.coordinator.group.GroupCoordinator     : [GroupCoordinator 0]: Elected as the group coordinator for partition 46 in epoch 0
2025-10-05T14:14:42.399-04:00  INFO 50881 --- [r-event-handler] k.c.group.GroupMetadataManager           : [GroupMetadataManager brokerId=0] Scheduling loading of offsets and group metadata from __consumer_offsets-46 for epoch 0
2025-10-05T14:14:42.399-04:00  INFO 50881 --- [r-event-handler] k.coordinator.group.GroupCoordinator     : [GroupCoordinator 0]: Elected as the group coordinator for partition 9 in epoch 0
2025-10-05T14:14:42.399-04:00  INFO 50881 --- [r-event-handler] k.c.group.GroupMetadataManager           : [GroupMetadataManager brokerId=0] Scheduling loading of offsets and group metadata from __consumer_offsets-9 for epoch 0
2025-10-05T14:14:42.399-04:00  INFO 50881 --- [r-event-handler] k.coordinator.group.GroupCoordinator     : [GroupCoordinator 0]: Elected as the group coordinator for partition 42 in epoch 0
2025-10-05T14:14:42.399-04:00  INFO 50881 --- [r-event-handler] k.c.group.GroupMetadataManager           : [GroupMetadataManager brokerId=0] Scheduling loading of offsets and group metadata from __consumer_offsets-42 for epoch 0
2025-10-05T14:14:42.399-04:00  INFO 50881 --- [r-event-handler] k.coordinator.group.GroupCoordinator     : [GroupCoordinator 0]: Elected as the group coordinator for partition 21 in epoch 0
2025-10-05T14:14:42.399-04:00  INFO 50881 --- [r-event-handler] k.c.group.GroupMetadataManager           : [GroupMetadataManager brokerId=0] Scheduling loading of offsets and group metadata from __consumer_offsets-21 for epoch 0
2025-10-05T14:14:42.399-04:00  INFO 50881 --- [r-event-handler] k.coordinator.group.GroupCoordinator     : [GroupCoordinator 0]: Elected as the group coordinator for partition 17 in epoch 0
2025-10-05T14:14:42.399-04:00  INFO 50881 --- [ntainer#0-0-C-1] o.a.k.c.c.internals.ConsumerCoordinator  : [Consumer clientId=consumer-midas-core-1, groupId=midas-core] Discovered group coordinator localhost:64550 (id: 2147483647 rack: null)
2025-10-05T14:14:42.399-04:00  INFO 50881 --- [r-event-handler] k.c.group.GroupMetadataManager           : [GroupMetadataManager brokerId=0] Scheduling loading of offsets and group metadata from __consumer_offsets-17 for epoch 0
2025-10-05T14:14:42.399-04:00  INFO 50881 --- [ntainer#0-0-C-1] o.a.k.c.c.internals.ConsumerCoordinator  : [Consumer clientId=consumer-midas-core-1, groupId=midas-core] Group coordinator localhost:64550 (id: 2147483647 rack: null) is unavailable or invalid due to cause: coordinator unavailable. isDisconnected: false. Rediscovery will be attempted.
2025-10-05T14:14:42.400-04:00  INFO 50881 --- [r-event-handler] k.coordinator.group.GroupCoordinator     : [GroupCoordinator 0]: Elected as the group coordinator for partition 30 in epoch 0
2025-10-05T14:14:42.400-04:00  INFO 50881 --- [ntainer#0-0-C-1] o.a.k.c.c.internals.ConsumerCoordinator  : [Consumer clientId=consumer-midas-core-1, groupId=midas-core] Requesting disconnect from last known coordinator localhost:64550 (id: 2147483647 rack: null)
2025-10-05T14:14:42.400-04:00  INFO 50881 --- [r-event-handler] k.c.group.GroupMetadataManager           : [GroupMetadataManager brokerId=0] Scheduling loading of offsets and group metadata from __consumer_offsets-30 for epoch 0
2025-10-05T14:14:42.400-04:00  INFO 50881 --- [r-event-handler] k.coordinator.group.GroupCoordinator     : [GroupCoordinator 0]: Elected as the group coordinator for partition 26 in epoch 0
2025-10-05T14:14:42.400-04:00  INFO 50881 --- [r-event-handler] k.c.group.GroupMetadataManager           : [GroupMetadataManager brokerId=0] Scheduling loading of offsets and group metadata from __consumer_offsets-26 for epoch 0
2025-10-05T14:14:42.400-04:00  INFO 50881 --- [r-event-handler] k.coordinator.group.GroupCoordinator     : [GroupCoordinator 0]: Elected as the group coordinator for partition 5 in epoch 0
2025-10-05T14:14:42.400-04:00  INFO 50881 --- [r-event-handler] k.c.group.GroupMetadataManager           : [GroupMetadataManager brokerId=0] Scheduling loading of offsets and group metadata from __consumer_offsets-5 for epoch 0
2025-10-05T14:14:42.400-04:00  INFO 50881 --- [r-event-handler] k.coordinator.group.GroupCoordinator     : [GroupCoordinator 0]: Elected as the group coordinator for partition 38 in epoch 0
2025-10-05T14:14:42.400-04:00  INFO 50881 --- [r-event-handler] k.c.group.GroupMetadataManager           : [GroupMetadataManager brokerId=0] Scheduling loading of offsets and group metadata from __consumer_offsets-38 for epoch 0
2025-10-05T14:14:42.400-04:00  INFO 50881 --- [r-event-handler] k.coordinator.group.GroupCoordinator     : [GroupCoordinator 0]: Elected as the group coordinator for partition 1 in epoch 0
2025-10-05T14:14:42.400-04:00  INFO 50881 --- [r-event-handler] k.c.group.GroupMetadataManager           : [GroupMetadataManager brokerId=0] Scheduling loading of offsets and group metadata from __consumer_offsets-1 for epoch 0
2025-10-05T14:14:42.400-04:00  INFO 50881 --- [r-event-handler] k.coordinator.group.GroupCoordinator     : [GroupCoordinator 0]: Elected as the group coordinator for partition 34 in epoch 0
2025-10-05T14:14:42.400-04:00  INFO 50881 --- [r-event-handler] k.c.group.GroupMetadataManager           : [GroupMetadataManager brokerId=0] Scheduling loading of offsets and group metadata from __consumer_offsets-34 for epoch 0
2025-10-05T14:14:42.400-04:00  INFO 50881 --- [r-event-handler] k.coordinator.group.GroupCoordinator     : [GroupCoordinator 0]: Elected as the group coordinator for partition 16 in epoch 0
2025-10-05T14:14:42.400-04:00  INFO 50881 --- [r-event-handler] k.c.group.GroupMetadataManager           : [GroupMetadataManager brokerId=0] Scheduling loading of offsets and group metadata from __consumer_offsets-16 for epoch 0
2025-10-05T14:14:42.400-04:00  INFO 50881 --- [r-event-handler] k.coordinator.group.GroupCoordinator     : [GroupCoordinator 0]: Elected as the group coordinator for partition 45 in epoch 0
2025-10-05T14:14:42.400-04:00  INFO 50881 --- [r-event-handler] k.c.group.GroupMetadataManager           : [GroupMetadataManager brokerId=0] Scheduling loading of offsets and group metadata from __consumer_offsets-45 for epoch 0
2025-10-05T14:14:42.400-04:00  INFO 50881 --- [r-event-handler] k.coordinator.group.GroupCoordinator     : [GroupCoordinator 0]: Elected as the group coordinator for partition 12 in epoch 0
2025-10-05T14:14:42.400-04:00  INFO 50881 --- [r-event-handler] k.c.group.GroupMetadataManager           : [GroupMetadataManager brokerId=0] Scheduling loading of offsets and group metadata from __consumer_offsets-12 for epoch 0
2025-10-05T14:14:42.400-04:00  INFO 50881 --- [r-event-handler] k.coordinator.group.GroupCoordinator     : [GroupCoordinator 0]: Elected as the group coordinator for partition 41 in epoch 0
2025-10-05T14:14:42.400-04:00  INFO 50881 --- [r-event-handler] k.c.group.GroupMetadataManager           : [GroupMetadataManager brokerId=0] Scheduling loading of offsets and group metadata from __consumer_offsets-41 for epoch 0
2025-10-05T14:14:42.400-04:00  INFO 50881 --- [r-event-handler] k.coordinator.group.GroupCoordinator     : [GroupCoordinator 0]: Elected as the group coordinator for partition 24 in epoch 0
2025-10-05T14:14:42.400-04:00  INFO 50881 --- [r-event-handler] k.c.group.GroupMetadataManager           : [GroupMetadataManager brokerId=0] Scheduling loading of offsets and group metadata from __consumer_offsets-24 for epoch 0
2025-10-05T14:14:42.400-04:00  INFO 50881 --- [r-event-handler] k.coordinator.group.GroupCoordinator     : [GroupCoordinator 0]: Elected as the group coordinator for partition 20 in epoch 0
2025-10-05T14:14:42.400-04:00  INFO 50881 --- [r-event-handler] k.c.group.GroupMetadataManager           : [GroupMetadataManager brokerId=0] Scheduling loading of offsets and group metadata from __consumer_offsets-20 for epoch 0
2025-10-05T14:14:42.400-04:00  INFO 50881 --- [r-event-handler] k.coordinator.group.GroupCoordinator     : [GroupCoordinator 0]: Elected as the group coordinator for partition 49 in epoch 0
2025-10-05T14:14:42.401-04:00  INFO 50881 --- [r-event-handler] k.c.group.GroupMetadataManager           : [GroupMetadataManager brokerId=0] Scheduling loading of offsets and group metadata from __consumer_offsets-49 for epoch 0
2025-10-05T14:14:42.401-04:00  INFO 50881 --- [r-event-handler] k.coordinator.group.GroupCoordinator     : [GroupCoordinator 0]: Elected as the group coordinator for partition 0 in epoch 0
2025-10-05T14:14:42.401-04:00  INFO 50881 --- [r-event-handler] k.c.group.GroupMetadataManager           : [GroupMetadataManager brokerId=0] Scheduling loading of offsets and group metadata from __consumer_offsets-0 for epoch 0
2025-10-05T14:14:42.401-04:00  INFO 50881 --- [r-event-handler] k.coordinator.group.GroupCoordinator     : [GroupCoordinator 0]: Elected as the group coordinator for partition 29 in epoch 0
2025-10-05T14:14:42.401-04:00  INFO 50881 --- [r-event-handler] k.c.group.GroupMetadataManager           : [GroupMetadataManager brokerId=0] Scheduling loading of offsets and group metadata from __consumer_offsets-29 for epoch 0
2025-10-05T14:14:42.401-04:00  INFO 50881 --- [r-event-handler] k.coordinator.group.GroupCoordinator     : [GroupCoordinator 0]: Elected as the group coordinator for partition 25 in epoch 0
2025-10-05T14:14:42.401-04:00  INFO 50881 --- [r-event-handler] k.c.group.GroupMetadataManager           : [GroupMetadataManager brokerId=0] Scheduling loading of offsets and group metadata from __consumer_offsets-25 for epoch 0
2025-10-05T14:14:42.401-04:00  INFO 50881 --- [r-event-handler] k.coordinator.group.GroupCoordinator     : [GroupCoordinator 0]: Elected as the group coordinator for partition 8 in epoch 0
2025-10-05T14:14:42.401-04:00  INFO 50881 --- [r-event-handler] k.c.group.GroupMetadataManager           : [GroupMetadataManager brokerId=0] Scheduling loading of offsets and group metadata from __consumer_offsets-8 for epoch 0
2025-10-05T14:14:42.401-04:00  INFO 50881 --- [r-event-handler] k.coordinator.group.GroupCoordinator     : [GroupCoordinator 0]: Elected as the group coordinator for partition 37 in epoch 0
2025-10-05T14:14:42.401-04:00  INFO 50881 --- [r-event-handler] k.c.group.GroupMetadataManager           : [GroupMetadataManager brokerId=0] Scheduling loading of offsets and group metadata from __consumer_offsets-37 for epoch 0
2025-10-05T14:14:42.401-04:00  INFO 50881 --- [r-event-handler] k.coordinator.group.GroupCoordinator     : [GroupCoordinator 0]: Elected as the group coordinator for partition 4 in epoch 0
2025-10-05T14:14:42.401-04:00  INFO 50881 --- [r-event-handler] k.c.group.GroupMetadataManager           : [GroupMetadataManager brokerId=0] Scheduling loading of offsets and group metadata from __consumer_offsets-4 for epoch 0
2025-10-05T14:14:42.401-04:00  INFO 50881 --- [r-event-handler] k.coordinator.group.GroupCoordinator     : [GroupCoordinator 0]: Elected as the group coordinator for partition 33 in epoch 0
2025-10-05T14:14:42.401-04:00  INFO 50881 --- [r-event-handler] k.c.group.GroupMetadataManager           : [GroupMetadataManager brokerId=0] Scheduling loading of offsets and group metadata from __consumer_offsets-33 for epoch 0
2025-10-05T14:14:42.401-04:00  INFO 50881 --- [r-event-handler] k.coordinator.group.GroupCoordinator     : [GroupCoordinator 0]: Elected as the group coordinator for partition 15 in epoch 0
2025-10-05T14:14:42.401-04:00  INFO 50881 --- [r-event-handler] k.c.group.GroupMetadataManager           : [GroupMetadataManager brokerId=0] Scheduling loading of offsets and group metadata from __consumer_offsets-15 for epoch 0
2025-10-05T14:14:42.401-04:00  INFO 50881 --- [r-event-handler] k.coordinator.group.GroupCoordinator     : [GroupCoordinator 0]: Elected as the group coordinator for partition 48 in epoch 0
2025-10-05T14:14:42.401-04:00  INFO 50881 --- [r-event-handler] k.c.group.GroupMetadataManager           : [GroupMetadataManager brokerId=0] Scheduling loading of offsets and group metadata from __consumer_offsets-48 for epoch 0
2025-10-05T14:14:42.401-04:00  INFO 50881 --- [r-event-handler] k.coordinator.group.GroupCoordinator     : [GroupCoordinator 0]: Elected as the group coordinator for partition 11 in epoch 0
2025-10-05T14:14:42.401-04:00  INFO 50881 --- [r-event-handler] k.c.group.GroupMetadataManager           : [GroupMetadataManager brokerId=0] Scheduling loading of offsets and group metadata from __consumer_offsets-11 for epoch 0
2025-10-05T14:14:42.401-04:00  INFO 50881 --- [r-event-handler] k.coordinator.group.GroupCoordinator     : [GroupCoordinator 0]: Elected as the group coordinator for partition 44 in epoch 0
2025-10-05T14:14:42.401-04:00  INFO 50881 --- [r-event-handler] k.c.group.GroupMetadataManager           : [GroupMetadataManager brokerId=0] Scheduling loading of offsets and group metadata from __consumer_offsets-44 for epoch 0
2025-10-05T14:14:42.401-04:00  INFO 50881 --- [r-event-handler] k.coordinator.group.GroupCoordinator     : [GroupCoordinator 0]: Elected as the group coordinator for partition 23 in epoch 0
2025-10-05T14:14:42.401-04:00  INFO 50881 --- [r-event-handler] k.c.group.GroupMetadataManager           : [GroupMetadataManager brokerId=0] Scheduling loading of offsets and group metadata from __consumer_offsets-23 for epoch 0
2025-10-05T14:14:42.402-04:00  INFO 50881 --- [r-event-handler] k.coordinator.group.GroupCoordinator     : [GroupCoordinator 0]: Elected as the group coordinator for partition 19 in epoch 0
2025-10-05T14:14:42.402-04:00  INFO 50881 --- [r-event-handler] k.c.group.GroupMetadataManager           : [GroupMetadataManager brokerId=0] Scheduling loading of offsets and group metadata from __consumer_offsets-19 for epoch 0
2025-10-05T14:14:42.402-04:00  INFO 50881 --- [r-event-handler] k.coordinator.group.GroupCoordinator     : [GroupCoordinator 0]: Elected as the group coordinator for partition 32 in epoch 0
2025-10-05T14:14:42.402-04:00  INFO 50881 --- [r-event-handler] k.c.group.GroupMetadataManager           : [GroupMetadataManager brokerId=0] Scheduling loading of offsets and group metadata from __consumer_offsets-32 for epoch 0
2025-10-05T14:14:42.402-04:00  INFO 50881 --- [r-event-handler] k.coordinator.group.GroupCoordinator     : [GroupCoordinator 0]: Elected as the group coordinator for partition 28 in epoch 0
2025-10-05T14:14:42.402-04:00  INFO 50881 --- [r-event-handler] k.c.group.GroupMetadataManager           : [GroupMetadataManager brokerId=0] Scheduling loading of offsets and group metadata from __consumer_offsets-28 for epoch 0
2025-10-05T14:14:42.402-04:00  INFO 50881 --- [r-event-handler] k.coordinator.group.GroupCoordinator     : [GroupCoordinator 0]: Elected as the group coordinator for partition 7 in epoch 0
2025-10-05T14:14:42.403-04:00  INFO 50881 --- [r-event-handler] k.c.group.GroupMetadataManager           : [GroupMetadataManager brokerId=0] Scheduling loading of offsets and group metadata from __consumer_offsets-7 for epoch 0
2025-10-05T14:14:42.403-04:00  INFO 50881 --- [r-event-handler] k.coordinator.group.GroupCoordinator     : [GroupCoordinator 0]: Elected as the group coordinator for partition 40 in epoch 0
2025-10-05T14:14:42.403-04:00  INFO 50881 --- [r-event-handler] k.c.group.GroupMetadataManager           : [GroupMetadataManager brokerId=0] Scheduling loading of offsets and group metadata from __consumer_offsets-40 for epoch 0
2025-10-05T14:14:42.403-04:00  INFO 50881 --- [r-event-handler] k.coordinator.group.GroupCoordinator     : [GroupCoordinator 0]: Elected as the group coordinator for partition 3 in epoch 0
2025-10-05T14:14:42.403-04:00  INFO 50881 --- [r-event-handler] k.c.group.GroupMetadataManager           : [GroupMetadataManager brokerId=0] Scheduling loading of offsets and group metadata from __consumer_offsets-3 for epoch 0
2025-10-05T14:14:42.403-04:00  INFO 50881 --- [r-event-handler] k.coordinator.group.GroupCoordinator     : [GroupCoordinator 0]: Elected as the group coordinator for partition 36 in epoch 0
2025-10-05T14:14:42.403-04:00  INFO 50881 --- [r-event-handler] k.c.group.GroupMetadataManager           : [GroupMetadataManager brokerId=0] Scheduling loading of offsets and group metadata from __consumer_offsets-36 for epoch 0
2025-10-05T14:14:42.403-04:00  INFO 50881 --- [r-event-handler] k.coordinator.group.GroupCoordinator     : [GroupCoordinator 0]: Elected as the group coordinator for partition 47 in epoch 0
2025-10-05T14:14:42.403-04:00  INFO 50881 --- [r-event-handler] k.c.group.GroupMetadataManager           : [GroupMetadataManager brokerId=0] Scheduling loading of offsets and group metadata from __consumer_offsets-47 for epoch 0
2025-10-05T14:14:42.403-04:00  INFO 50881 --- [r-event-handler] k.coordinator.group.GroupCoordinator     : [GroupCoordinator 0]: Elected as the group coordinator for partition 14 in epoch 0
2025-10-05T14:14:42.403-04:00  INFO 50881 --- [r-event-handler] k.c.group.GroupMetadataManager           : [GroupMetadataManager brokerId=0] Scheduling loading of offsets and group metadata from __consumer_offsets-14 for epoch 0
2025-10-05T14:14:42.403-04:00  INFO 50881 --- [r-event-handler] k.coordinator.group.GroupCoordinator     : [GroupCoordinator 0]: Elected as the group coordinator for partition 43 in epoch 0
2025-10-05T14:14:42.403-04:00  INFO 50881 --- [r-event-handler] k.c.group.GroupMetadataManager           : [GroupMetadataManager brokerId=0] Scheduling loading of offsets and group metadata from __consumer_offsets-43 for epoch 0
2025-10-05T14:14:42.404-04:00  INFO 50881 --- [r-event-handler] k.coordinator.group.GroupCoordinator     : [GroupCoordinator 0]: Elected as the group coordinator for partition 10 in epoch 0
2025-10-05T14:14:42.404-04:00  INFO 50881 --- [r-event-handler] k.c.group.GroupMetadataManager           : [GroupMetadataManager brokerId=0] Scheduling loading of offsets and group metadata from __consumer_offsets-10 for epoch 0
2025-10-05T14:14:42.404-04:00  INFO 50881 --- [r-event-handler] k.coordinator.group.GroupCoordinator     : [GroupCoordinator 0]: Elected as the group coordinator for partition 22 in epoch 0
2025-10-05T14:14:42.404-04:00  INFO 50881 --- [r-event-handler] k.c.group.GroupMetadataManager           : [GroupMetadataManager brokerId=0] Scheduling loading of offsets and group metadata from __consumer_offsets-22 for epoch 0
2025-10-05T14:14:42.404-04:00  INFO 50881 --- [r-event-handler] k.coordinator.group.GroupCoordinator     : [GroupCoordinator 0]: Elected as the group coordinator for partition 18 in epoch 0
2025-10-05T14:14:42.404-04:00  INFO 50881 --- [r-event-handler] k.c.group.GroupMetadataManager           : [GroupMetadataManager brokerId=0] Scheduling loading of offsets and group metadata from __consumer_offsets-18 for epoch 0
2025-10-05T14:14:42.404-04:00  INFO 50881 --- [r-event-handler] k.coordinator.group.GroupCoordinator     : [GroupCoordinator 0]: Elected as the group coordinator for partition 31 in epoch 0
2025-10-05T14:14:42.404-04:00  INFO 50881 --- [r-event-handler] k.c.group.GroupMetadataManager           : [GroupMetadataManager brokerId=0] Scheduling loading of offsets and group metadata from __consumer_offsets-31 for epoch 0
2025-10-05T14:14:42.404-04:00  INFO 50881 --- [r-event-handler] k.coordinator.group.GroupCoordinator     : [GroupCoordinator 0]: Elected as the group coordinator for partition 27 in epoch 0
2025-10-05T14:14:42.404-04:00  INFO 50881 --- [r-event-handler] k.c.group.GroupMetadataManager           : [GroupMetadataManager brokerId=0] Scheduling loading of offsets and group metadata from __consumer_offsets-27 for epoch 0
2025-10-05T14:14:42.404-04:00  INFO 50881 --- [r-event-handler] k.coordinator.group.GroupCoordinator     : [GroupCoordinator 0]: Elected as the group coordinator for partition 39 in epoch 0
2025-10-05T14:14:42.404-04:00  INFO 50881 --- [r-event-handler] k.c.group.GroupMetadataManager           : [GroupMetadataManager brokerId=0] Scheduling loading of offsets and group metadata from __consumer_offsets-39 for epoch 0
2025-10-05T14:14:42.404-04:00  INFO 50881 --- [r-event-handler] k.coordinator.group.GroupCoordinator     : [GroupCoordinator 0]: Elected as the group coordinator for partition 6 in epoch 0
2025-10-05T14:14:42.404-04:00  INFO 50881 --- [r-event-handler] k.c.group.GroupMetadataManager           : [GroupMetadataManager brokerId=0] Scheduling loading of offsets and group metadata from __consumer_offsets-6 for epoch 0
2025-10-05T14:14:42.404-04:00  INFO 50881 --- [r-event-handler] k.coordinator.group.GroupCoordinator     : [GroupCoordinator 0]: Elected as the group coordinator for partition 35 in epoch 0
2025-10-05T14:14:42.404-04:00  INFO 50881 --- [r-event-handler] k.c.group.GroupMetadataManager           : [GroupMetadataManager brokerId=0] Scheduling loading of offsets and group metadata from __consumer_offsets-35 for epoch 0
2025-10-05T14:14:42.404-04:00  INFO 50881 --- [r-event-handler] k.coordinator.group.GroupCoordinator     : [GroupCoordinator 0]: Elected as the group coordinator for partition 2 in epoch 0
2025-10-05T14:14:42.404-04:00  INFO 50881 --- [r-event-handler] k.c.group.GroupMetadataManager           : [GroupMetadataManager brokerId=0] Scheduling loading of offsets and group metadata from __consumer_offsets-2 for epoch 0
2025-10-05T14:14:42.414-04:00  INFO 50881 --- [r-event-handler] k.s.metadata.DynamicConfigPublisher      : [DynamicConfigPublisher broker id=0] Updating topic __consumer_offsets with new configuration : compression.type -> producer,cleanup.policy -> compact,segment.bytes -> 104857600
2025-10-05T14:14:42.418-04:00  INFO 50881 --- [adata-manager-0] k.c.group.GroupMetadataManager           : [GroupMetadataManager brokerId=0] Finished loading offsets and group metadata from __consumer_offsets-13 in 13 milliseconds for epoch 0, of which 4 milliseconds was spent in the scheduler.
2025-10-05T14:14:42.419-04:00  INFO 50881 --- [adata-manager-0] k.c.group.GroupMetadataManager           : [GroupMetadataManager brokerId=0] Finished loading offsets and group metadata from __consumer_offsets-46 in 20 milliseconds for epoch 0, of which 19 milliseconds was spent in the scheduler.
2025-10-05T14:14:42.419-04:00  INFO 50881 --- [adata-manager-0] k.c.group.GroupMetadataManager           : [GroupMetadataManager brokerId=0] Finished loading offsets and group metadata from __consumer_offsets-9 in 20 milliseconds for epoch 0, of which 20 milliseconds was spent in the scheduler.
2025-10-05T14:14:42.420-04:00  INFO 50881 --- [adata-manager-0] k.c.group.GroupMetadataManager           : [GroupMetadataManager brokerId=0] Finished loading offsets and group metadata from __consumer_offsets-42 in 21 milliseconds for epoch 0, of which 21 milliseconds was spent in the scheduler.
2025-10-05T14:14:42.420-04:00  INFO 50881 --- [adata-manager-0] k.c.group.GroupMetadataManager           : [GroupMetadataManager brokerId=0] Finished loading offsets and group metadata from __consumer_offsets-21 in 21 milliseconds for epoch 0, of which 21 milliseconds was spent in the scheduler.
2025-10-05T14:14:42.424-04:00  INFO 50881 --- [adata-manager-0] k.c.group.GroupMetadataManager           : [GroupMetadataManager brokerId=0] Finished loading offsets and group metadata from __consumer_offsets-17 in 25 milliseconds for epoch 0, of which 24 milliseconds was spent in the scheduler.
2025-10-05T14:14:42.425-04:00  INFO 50881 --- [adata-manager-0] k.c.group.GroupMetadataManager           : [GroupMetadataManager brokerId=0] Finished loading offsets and group metadata from __consumer_offsets-30 in 25 milliseconds for epoch 0, of which 24 milliseconds was spent in the scheduler.
2025-10-05T14:14:42.425-04:00  INFO 50881 --- [adata-manager-0] k.c.group.GroupMetadataManager           : [GroupMetadataManager brokerId=0] Finished loading offsets and group metadata from __consumer_offsets-26 in 25 milliseconds for epoch 0, of which 25 milliseconds was spent in the scheduler.
2025-10-05T14:14:42.426-04:00  INFO 50881 --- [adata-manager-0] k.c.group.GroupMetadataManager           : [GroupMetadataManager brokerId=0] Finished loading offsets and group metadata from __consumer_offsets-5 in 26 milliseconds for epoch 0, of which 25 milliseconds was spent in the scheduler.
2025-10-05T14:14:42.426-04:00  INFO 50881 --- [adata-manager-0] k.c.group.GroupMetadataManager           : [GroupMetadataManager brokerId=0] Finished loading offsets and group metadata from __consumer_offsets-38 in 26 milliseconds for epoch 0, of which 26 milliseconds was spent in the scheduler.
2025-10-05T14:14:42.427-04:00  INFO 50881 --- [adata-manager-0] k.c.group.GroupMetadataManager           : [GroupMetadataManager brokerId=0] Finished loading offsets and group metadata from __consumer_offsets-1 in 27 milliseconds for epoch 0, of which 26 milliseconds was spent in the scheduler.
2025-10-05T14:14:42.427-04:00  INFO 50881 --- [adata-manager-0] k.c.group.GroupMetadataManager           : [GroupMetadataManager brokerId=0] Finished loading offsets and group metadata from __consumer_offsets-34 in 27 milliseconds for epoch 0, of which 27 milliseconds was spent in the scheduler.
2025-10-05T14:14:42.427-04:00  INFO 50881 --- [adata-manager-0] k.c.group.GroupMetadataManager           : [GroupMetadataManager brokerId=0] Finished loading offsets and group metadata from __consumer_offsets-16 in 27 milliseconds for epoch 0, of which 27 milliseconds was spent in the scheduler.
2025-10-05T14:14:42.428-04:00  INFO 50881 --- [adata-manager-0] k.c.group.GroupMetadataManager           : [GroupMetadataManager brokerId=0] Finished loading offsets and group metadata from __consumer_offsets-45 in 28 milliseconds for epoch 0, of which 28 milliseconds was spent in the scheduler.
2025-10-05T14:14:42.428-04:00  INFO 50881 --- [adata-manager-0] k.c.group.GroupMetadataManager           : [GroupMetadataManager brokerId=0] Finished loading offsets and group metadata from __consumer_offsets-12 in 28 milliseconds for epoch 0, of which 28 milliseconds was spent in the scheduler.
2025-10-05T14:14:42.428-04:00  INFO 50881 --- [adata-manager-0] k.c.group.GroupMetadataManager           : [GroupMetadataManager brokerId=0] Finished loading offsets and group metadata from __consumer_offsets-41 in 28 milliseconds for epoch 0, of which 28 milliseconds was spent in the scheduler.
2025-10-05T14:14:42.429-04:00  INFO 50881 --- [adata-manager-0] k.c.group.GroupMetadataManager           : [GroupMetadataManager brokerId=0] Finished loading offsets and group metadata from __consumer_offsets-24 in 29 milliseconds for epoch 0, of which 28 milliseconds was spent in the scheduler.
2025-10-05T14:14:42.429-04:00  INFO 50881 --- [adata-manager-0] k.c.group.GroupMetadataManager           : [GroupMetadataManager brokerId=0] Finished loading offsets and group metadata from __consumer_offsets-20 in 29 milliseconds for epoch 0, of which 29 milliseconds was spent in the scheduler.
2025-10-05T14:14:42.429-04:00  INFO 50881 --- [adata-manager-0] k.c.group.GroupMetadataManager           : [GroupMetadataManager brokerId=0] Finished loading offsets and group metadata from __consumer_offsets-49 in 28 milliseconds for epoch 0, of which 28 milliseconds was spent in the scheduler.
2025-10-05T14:14:42.435-04:00  INFO 50881 --- [adata-manager-0] k.c.group.GroupMetadataManager           : [GroupMetadataManager brokerId=0] Finished loading offsets and group metadata from __consumer_offsets-0 in 34 milliseconds for epoch 0, of which 33 milliseconds was spent in the scheduler.
2025-10-05T14:14:42.435-04:00  INFO 50881 --- [adata-manager-0] k.c.group.GroupMetadataManager           : [GroupMetadataManager brokerId=0] Finished loading offsets and group metadata from __consumer_offsets-29 in 34 milliseconds for epoch 0, of which 34 milliseconds was spent in the scheduler.
2025-10-05T14:14:42.436-04:00  INFO 50881 --- [adata-manager-0] k.c.group.GroupMetadataManager           : [GroupMetadataManager brokerId=0] Finished loading offsets and group metadata from __consumer_offsets-25 in 35 milliseconds for epoch 0, of which 34 milliseconds was spent in the scheduler.
2025-10-05T14:14:42.436-04:00  INFO 50881 --- [adata-manager-0] k.c.group.GroupMetadataManager           : [GroupMetadataManager brokerId=0] Finished loading offsets and group metadata from __consumer_offsets-8 in 35 milliseconds for epoch 0, of which 35 milliseconds was spent in the scheduler.
2025-10-05T14:14:42.436-04:00  INFO 50881 --- [adata-manager-0] k.c.group.GroupMetadataManager           : [GroupMetadataManager brokerId=0] Finished loading offsets and group metadata from __consumer_offsets-37 in 35 milliseconds for epoch 0, of which 35 milliseconds was spent in the scheduler.
2025-10-05T14:14:42.436-04:00  INFO 50881 --- [adata-manager-0] k.c.group.GroupMetadataManager           : [GroupMetadataManager brokerId=0] Finished loading offsets and group metadata from __consumer_offsets-4 in 35 milliseconds for epoch 0, of which 35 milliseconds was spent in the scheduler.
2025-10-05T14:14:42.437-04:00  INFO 50881 --- [adata-manager-0] k.c.group.GroupMetadataManager           : [GroupMetadataManager brokerId=0] Finished loading offsets and group metadata from __consumer_offsets-33 in 36 milliseconds for epoch 0, of which 35 milliseconds was spent in the scheduler.
2025-10-05T14:14:42.437-04:00  INFO 50881 --- [adata-manager-0] k.c.group.GroupMetadataManager           : [GroupMetadataManager brokerId=0] Finished loading offsets and group metadata from __consumer_offsets-15 in 36 milliseconds for epoch 0, of which 36 milliseconds was spent in the scheduler.
2025-10-05T14:14:42.437-04:00  INFO 50881 --- [adata-manager-0] k.c.group.GroupMetadataManager           : [GroupMetadataManager brokerId=0] Finished loading offsets and group metadata from __consumer_offsets-48 in 36 milliseconds for epoch 0, of which 36 milliseconds was spent in the scheduler.
2025-10-05T14:14:42.437-04:00  INFO 50881 --- [adata-manager-0] k.c.group.GroupMetadataManager           : [GroupMetadataManager brokerId=0] Finished loading offsets and group metadata from __consumer_offsets-11 in 36 milliseconds for epoch 0, of which 36 milliseconds was spent in the scheduler.
2025-10-05T14:14:42.437-04:00  INFO 50881 --- [adata-manager-0] k.c.group.GroupMetadataManager           : [GroupMetadataManager brokerId=0] Finished loading offsets and group metadata from __consumer_offsets-44 in 36 milliseconds for epoch 0, of which 36 milliseconds was spent in the scheduler.
2025-10-05T14:14:42.437-04:00  INFO 50881 --- [adata-manager-0] k.c.group.GroupMetadataManager           : [GroupMetadataManager brokerId=0] Finished loading offsets and group metadata from __consumer_offsets-23 in 36 milliseconds for epoch 0, of which 36 milliseconds was spent in the scheduler.
2025-10-05T14:14:42.438-04:00  INFO 50881 --- [adata-manager-0] k.c.group.GroupMetadataManager           : [GroupMetadataManager brokerId=0] Finished loading offsets and group metadata from __consumer_offsets-19 in 36 milliseconds for epoch 0, of which 35 milliseconds was spent in the scheduler.
2025-10-05T14:14:42.438-04:00  INFO 50881 --- [adata-manager-0] k.c.group.GroupMetadataManager           : [GroupMetadataManager brokerId=0] Finished loading offsets and group metadata from __consumer_offsets-32 in 36 milliseconds for epoch 0, of which 36 milliseconds was spent in the scheduler.
2025-10-05T14:14:42.438-04:00  INFO 50881 --- [adata-manager-0] k.c.group.GroupMetadataManager           : [GroupMetadataManager brokerId=0] Finished loading offsets and group metadata from __consumer_offsets-28 in 36 milliseconds for epoch 0, of which 36 milliseconds was spent in the scheduler.
2025-10-05T14:14:42.439-04:00  INFO 50881 --- [adata-manager-0] k.c.group.GroupMetadataManager           : [GroupMetadataManager brokerId=0] Finished loading offsets and group metadata from __consumer_offsets-7 in 36 milliseconds for epoch 0, of which 36 milliseconds was spent in the scheduler.
2025-10-05T14:14:42.439-04:00  INFO 50881 --- [adata-manager-0] k.c.group.GroupMetadataManager           : [GroupMetadataManager brokerId=0] Finished loading offsets and group metadata from __consumer_offsets-40 in 36 milliseconds for epoch 0, of which 36 milliseconds was spent in the scheduler.
2025-10-05T14:14:42.440-04:00  INFO 50881 --- [adata-manager-0] k.c.group.GroupMetadataManager           : [GroupMetadataManager brokerId=0] Finished loading offsets and group metadata from __consumer_offsets-3 in 37 milliseconds for epoch 0, of which 36 milliseconds was spent in the scheduler.
2025-10-05T14:14:42.440-04:00  INFO 50881 --- [adata-manager-0] k.c.group.GroupMetadataManager           : [GroupMetadataManager brokerId=0] Finished loading offsets and group metadata from __consumer_offsets-36 in 37 milliseconds for epoch 0, of which 37 milliseconds was spent in the scheduler.
2025-10-05T14:14:42.441-04:00  INFO 50881 --- [adata-manager-0] k.c.group.GroupMetadataManager           : [GroupMetadataManager brokerId=0] Finished loading offsets and group metadata from __consumer_offsets-47 in 38 milliseconds for epoch 0, of which 37 milliseconds was spent in the scheduler.
2025-10-05T14:14:42.441-04:00  INFO 50881 --- [adata-manager-0] k.c.group.GroupMetadataManager           : [GroupMetadataManager brokerId=0] Finished loading offsets and group metadata from __consumer_offsets-14 in 38 milliseconds for epoch 0, of which 38 milliseconds was spent in the scheduler.
2025-10-05T14:14:42.442-04:00  INFO 50881 --- [adata-manager-0] k.c.group.GroupMetadataManager           : [GroupMetadataManager brokerId=0] Finished loading offsets and group metadata from __consumer_offsets-43 in 38 milliseconds for epoch 0, of which 37 milliseconds was spent in the scheduler.
2025-10-05T14:14:42.442-04:00  INFO 50881 --- [adata-manager-0] k.c.group.GroupMetadataManager           : [GroupMetadataManager brokerId=0] Finished loading offsets and group metadata from __consumer_offsets-10 in 38 milliseconds for epoch 0, of which 38 milliseconds was spent in the scheduler.
2025-10-05T14:14:42.442-04:00  INFO 50881 --- [adata-manager-0] k.c.group.GroupMetadataManager           : [GroupMetadataManager brokerId=0] Finished loading offsets and group metadata from __consumer_offsets-22 in 38 milliseconds for epoch 0, of which 38 milliseconds was spent in the scheduler.
2025-10-05T14:14:42.442-04:00  INFO 50881 --- [adata-manager-0] k.c.group.GroupMetadataManager           : [GroupMetadataManager brokerId=0] Finished loading offsets and group metadata from __consumer_offsets-18 in 38 milliseconds for epoch 0, of which 38 milliseconds was spent in the scheduler.
2025-10-05T14:14:42.443-04:00  INFO 50881 --- [adata-manager-0] k.c.group.GroupMetadataManager           : [GroupMetadataManager brokerId=0] Finished loading offsets and group metadata from __consumer_offsets-31 in 39 milliseconds for epoch 0, of which 38 milliseconds was spent in the scheduler.
2025-10-05T14:14:42.443-04:00  INFO 50881 --- [adata-manager-0] k.c.group.GroupMetadataManager           : [GroupMetadataManager brokerId=0] Finished loading offsets and group metadata from __consumer_offsets-27 in 39 milliseconds for epoch 0, of which 39 milliseconds was spent in the scheduler.
2025-10-05T14:14:42.443-04:00  INFO 50881 --- [adata-manager-0] k.c.group.GroupMetadataManager           : [GroupMetadataManager brokerId=0] Finished loading offsets and group metadata from __consumer_offsets-39 in 39 milliseconds for epoch 0, of which 39 milliseconds was spent in the scheduler.
2025-10-05T14:14:42.443-04:00  INFO 50881 --- [adata-manager-0] k.c.group.GroupMetadataManager           : [GroupMetadataManager brokerId=0] Finished loading offsets and group metadata from __consumer_offsets-6 in 39 milliseconds for epoch 0, of which 39 milliseconds was spent in the scheduler.
2025-10-05T14:14:42.444-04:00  INFO 50881 --- [adata-manager-0] k.c.group.GroupMetadataManager           : [GroupMetadataManager brokerId=0] Finished loading offsets and group metadata from __consumer_offsets-35 in 40 milliseconds for epoch 0, of which 39 milliseconds was spent in the scheduler.
2025-10-05T14:14:42.444-04:00  INFO 50881 --- [adata-manager-0] k.c.group.GroupMetadataManager           : [GroupMetadataManager brokerId=0] Finished loading offsets and group metadata from __consumer_offsets-2 in 40 milliseconds for epoch 0, of which 40 milliseconds was spent in the scheduler.
2025-10-05T14:14:42.507-04:00  INFO 50881 --- [ntainer#0-0-C-1] o.a.k.c.c.internals.ConsumerCoordinator  : [Consumer clientId=consumer-midas-core-1, groupId=midas-core] Discovered group coordinator localhost:64550 (id: 2147483647 rack: null)
2025-10-05T14:14:42.507-04:00  INFO 50881 --- [ntainer#0-0-C-1] o.a.k.c.c.internals.ConsumerCoordinator  : [Consumer clientId=consumer-midas-core-1, groupId=midas-core] Request joining group due to: rebalance failed due to 'This is not the correct coordinator.' (NotCoordinatorException)
2025-10-05T14:14:42.508-04:00  INFO 50881 --- [ntainer#0-0-C-1] o.a.k.c.c.internals.ConsumerCoordinator  : [Consumer clientId=consumer-midas-core-1, groupId=midas-core] (Re-)joining group
2025-10-05T14:14:42.520-04:00  INFO 50881 --- [quest-handler-2] k.coordinator.group.GroupCoordinator     : [GroupCoordinator 0]: Dynamic member with unknown member id joins group midas-core in Empty state. Created a new member id consumer-midas-core-1-8d36a91c-669d-409c-963b-56f2a0aa76d9 and request the member to rejoin with this id.
2025-10-05T14:14:42.527-04:00  INFO 50881 --- [ntainer#0-0-C-1] o.a.k.c.c.internals.ConsumerCoordinator  : [Consumer clientId=consumer-midas-core-1, groupId=midas-core] Request joining group due to: need to re-join with the given member-id: consumer-midas-core-1-8d36a91c-669d-409c-963b-56f2a0aa76d9
2025-10-05T14:14:42.527-04:00  INFO 50881 --- [ntainer#0-0-C-1] o.a.k.c.c.internals.ConsumerCoordinator  : [Consumer clientId=consumer-midas-core-1, groupId=midas-core] Request joining group due to: rebalance failed due to 'The group member needs to have a valid member id before actually entering a consumer group.' (MemberIdRequiredException)
2025-10-05T14:14:42.527-04:00  INFO 50881 --- [ntainer#0-0-C-1] o.a.k.c.c.internals.ConsumerCoordinator  : [Consumer clientId=consumer-midas-core-1, groupId=midas-core] (Re-)joining group
2025-10-05T14:14:42.535-04:00  INFO 50881 --- [quest-handler-0] k.coordinator.group.GroupCoordinator     : [GroupCoordinator 0]: Preparing to rebalance group midas-core in state PreparingRebalance with old generation 0 (__consumer_offsets-20) (reason: Adding new member consumer-midas-core-1-8d36a91c-669d-409c-963b-56f2a0aa76d9 with group instance id None; client reason: rebalance failed due to MemberIdRequiredException)
2025-10-05T14:14:42.544-04:00  INFO 50881 --- [cutor-Rebalance] k.coordinator.group.GroupCoordinator     : [GroupCoordinator 0]: Stabilized group midas-core generation 1 (__consumer_offsets-20) with 1 members
2025-10-05T14:14:42.546-04:00  INFO 50881 --- [ntainer#0-0-C-1] o.a.k.c.c.internals.ConsumerCoordinator  : [Consumer clientId=consumer-midas-core-1, groupId=midas-core] Successfully joined group with generation Generation{generationId=1, memberId='consumer-midas-core-1-8d36a91c-669d-409c-963b-56f2a0aa76d9', protocol='range'}
2025-10-05T14:14:42.554-04:00  INFO 50881 --- [ntainer#0-0-C-1] o.a.k.c.c.internals.ConsumerCoordinator  : [Consumer clientId=consumer-midas-core-1, groupId=midas-core] Finished assignment for group at generation 1: {consumer-midas-core-1-8d36a91c-669d-409c-963b-56f2a0aa76d9=Assignment(partitions=[test-topic-0])}
2025-10-05T14:14:42.564-04:00  INFO 50881 --- [quest-handler-7] k.coordinator.group.GroupCoordinator     : [GroupCoordinator 0]: Assignment received from leader consumer-midas-core-1-8d36a91c-669d-409c-963b-56f2a0aa76d9 for group midas-core for generation 1. The group has 1 members, 0 of which are static.
2025-10-05T14:14:42.583-04:00  INFO 50881 --- [ntainer#0-0-C-1] o.a.k.c.c.internals.ConsumerCoordinator  : [Consumer clientId=consumer-midas-core-1, groupId=midas-core] Successfully synced group in generation Generation{generationId=1, memberId='consumer-midas-core-1-8d36a91c-669d-409c-963b-56f2a0aa76d9', protocol='range'}
2025-10-05T14:14:42.584-04:00  INFO 50881 --- [ntainer#0-0-C-1] o.a.k.c.c.internals.ConsumerCoordinator  : [Consumer clientId=consumer-midas-core-1, groupId=midas-core] Notifying assignor about the new Assignment(partitions=[test-topic-0])
2025-10-05T14:14:42.587-04:00  INFO 50881 --- [ntainer#0-0-C-1] o.a.k.c.c.internals.ConsumerCoordinator  : [Consumer clientId=consumer-midas-core-1, groupId=midas-core] Adding newly assigned partitions: test-topic-0
2025-10-05T14:14:42.609-04:00  INFO 50881 --- [ntainer#0-0-C-1] o.a.k.c.c.internals.ConsumerCoordinator  : [Consumer clientId=consumer-midas-core-1, groupId=midas-core] Found no committed offset for partition test-topic-0
2025-10-05T14:14:42.651-04:00  INFO 50881 --- [ntainer#0-0-C-1] o.a.k.c.c.internals.SubscriptionState    : [Consumer clientId=consumer-midas-core-1, groupId=midas-core] Resetting offset for partition test-topic-0 to position FetchPosition{offset=0, offsetEpoch=Optional.empty, currentLeader=LeaderAndEpoch{leader=Optional[localhost:64550 (id: 0 rack: null)], epoch=0}}.
2025-10-05T14:14:42.653-04:00  INFO 50881 --- [ntainer#0-0-C-1] o.s.k.l.KafkaMessageListenerContainer    : midas-core: partitions assigned: [test-topic-0]
FIRST4 amount=122.86
FIRST4 amount=42.87
FIRST4 amount=161.79
FIRST4 amount=22.22
2025-10-05T14:14:44.069-04:00  INFO 50881 --- [           main] com.jpmc.midascore.TaskTwoTests          : ----------------------------------------------------------
2025-10-05T14:14:44.070-04:00  INFO 50881 --- [           main] com.jpmc.midascore.TaskTwoTests          : ----------------------------------------------------------
2025-10-05T14:14:44.070-04:00  INFO 50881 --- [           main] com.jpmc.midascore.TaskTwoTests          : ----------------------------------------------------------
2025-10-05T14:14:44.070-04:00  INFO 50881 --- [           main] com.jpmc.midascore.TaskTwoTests          : use your debugger to watch for incoming transactions
2025-10-05T14:14:44.070-04:00  INFO 50881 --- [           main] com.jpmc.midascore.TaskTwoTests          : kill this test once you find the answer
2025-10-05T14:15:04.074-04:00  INFO 50881 --- [           main] com.jpmc.midascore.TaskTwoTests          : ...
2025-10-05T14:15:24.079-04:00  INFO 50881 --- [           main] com.jpmc.midascore.TaskTwoTests          : ...
2025-10-05T14:15:44.081-04:00  INFO 50881 --- [           main] com.jpmc.midascore.TaskTwoTests          : ...
2025-10-05T14:16:04.085-04:00  INFO 50881 --- [           main] com.jpmc.midascore.TaskTwoTests          : ...
2025-10-05T14:16:24.087-04:00  INFO 50881 --- [           main] com.jpmc.midascore.TaskTwoTests          : ...
2025-10-05T14:16:44.093-04:00  INFO 50881 --- [           main] com.jpmc.midascore.TaskTwoTests          : ...
2025-10-05T14:17:04.094-04:00  INFO 50881 --- [           main] com.jpmc.midascore.TaskTwoTests          : ...
2025-10-05T14:17:24.095-04:00  INFO 50881 --- [           main] com.jpmc.midascore.TaskTwoTests          : ...
2025-10-05T14:17:44.100-04:00  INFO 50881 --- [           main] com.jpmc.midascore.TaskTwoTests          : ...
2025-10-05T14:18:04.104-04:00  INFO 50881 --- [           main] com.jpmc.midascore.TaskTwoTests          : ...
2025-10-05T14:18:24.110-04:00  INFO 50881 --- [           main] com.jpmc.midascore.TaskTwoTests          : ...
2025-10-05T14:18:44.116-04:00  INFO 50881 --- [           main] com.jpmc.midascore.TaskTwoTests          : ...
2025-10-05T14:19:04.121-04:00  INFO 50881 --- [           main] com.jpmc.midascore.TaskTwoTests          : ...
2025-10-05T14:19:24.126-04:00  INFO 50881 --- [           main] com.jpmc.midascore.TaskTwoTests          : ...
2025-10-05T14:19:44.131-04:00  INFO 50881 --- [           main] com.jpmc.midascore.TaskTwoTests          : ...
2025-10-05T14:20:04.135-04:00  INFO 50881 --- [           main] com.jpmc.midascore.TaskTwoTests          : ...
2025-10-05T14:20:24.141-04:00  INFO 50881 --- [           main] com.jpmc.midascore.TaskTwoTests          : ...
2025-10-05T14:20:44.220-04:00  INFO 50881 --- [           main] com.jpmc.midascore.TaskTwoTests          : ...
2025-10-05T16:20:43.052-04:00  INFO 50881 --- [ad | midas-core] o.a.k.c.c.internals.ConsumerCoordinator  : [Consumer clientId=consumer-midas-core-1, groupId=midas-core] Group coordinator localhost:64550 (id: 2147483647 rack: null) is unavailable or invalid due to cause: session timed out without receiving a heartbeat response. isDisconnected: false. Rediscovery will be attempted.
2025-10-05T16:20:43.052-04:00  INFO 50881 --- [ad | midas-core] o.a.k.c.c.internals.ConsumerCoordinator  : [Consumer clientId=consumer-midas-core-1, groupId=midas-core] Requesting disconnect from last known coordinator localhost:64550 (id: 2147483647 rack: null)
2025-10-05T16:20:43.052-04:00  INFO 50881 --- [ad | midas-core] org.apache.kafka.clients.NetworkClient   : [Consumer clientId=consumer-midas-core-1, groupId=midas-core] Client requested disconnect from node 2147483647
2025-10-05T16:20:43.071-04:00  INFO 50881 --- [ntainer#0-0-C-1] o.a.k.c.c.internals.ConsumerCoordinator  : [Consumer clientId=consumer-midas-core-1, groupId=midas-core] Discovered group coordinator localhost:64550 (id: 2147483647 rack: null)
2025-10-05T16:20:43.071-04:00  INFO 50881 --- [ntainer#0-0-C-1] o.a.k.c.c.internals.ConsumerCoordinator  : [Consumer clientId=consumer-midas-core-1, groupId=midas-core] Group coordinator localhost:64550 (id: 2147483647 rack: null) is unavailable or invalid due to cause: coordinator unavailable. isDisconnected: false. Rediscovery will be attempted.
2025-10-05T16:20:43.071-04:00  INFO 50881 --- [ntainer#0-0-C-1] o.a.k.c.c.internals.ConsumerCoordinator  : [Consumer clientId=consumer-midas-core-1, groupId=midas-core] Requesting disconnect from last known coordinator localhost:64550 (id: 2147483647 rack: null)
2025-10-05T16:20:43.174-04:00  INFO 50881 --- [ntainer#0-0-C-1] o.a.k.c.c.internals.ConsumerCoordinator  : [Consumer clientId=consumer-midas-core-1, groupId=midas-core] Discovered group coordinator localhost:64550 (id: 2147483647 rack: null)
2025-10-05T16:20:58.877-04:00  INFO 50881 --- [           main] com.jpmc.midascore.TaskTwoTests          : ...
2025-10-05T16:21:02.146-04:00  WARN 50881 --- [l-1 housekeeper] com.zaxxer.hikari.pool.HikariPool        : HikariPool-1 - Thread starvation or clock leap detected (housekeeper delta=2h24s652ms).
2025-10-05T16:21:18.881-04:00  INFO 50881 --- [           main] com.jpmc.midascore.TaskTwoTests          : ...
2025-10-05T17:24:06.072-04:00  WARN 50881 --- [l-1 housekeeper] com.zaxxer.hikari.pool.HikariPool        : HikariPool-1 - Thread starvation or clock leap detected (housekeeper delta=1h3m3s927ms).
2025-10-05T17:24:06.082-04:00  INFO 50881 --- [ad | midas-core] o.a.k.c.c.internals.ConsumerCoordinator  : [Consumer clientId=consumer-midas-core-1, groupId=midas-core] Group coordinator localhost:64550 (id: 2147483647 rack: null) is unavailable or invalid due to cause: session timed out without receiving a heartbeat response. isDisconnected: false. Rediscovery will be attempted.
2025-10-05T17:24:06.082-04:00  INFO 50881 --- [ad | midas-core] o.a.k.c.c.internals.ConsumerCoordinator  : [Consumer clientId=consumer-midas-core-1, groupId=midas-core] Requesting disconnect from last known coordinator localhost:64550 (id: 2147483647 rack: null)
2025-10-05T17:24:06.082-04:00  INFO 50881 --- [ad | midas-core] org.apache.kafka.clients.NetworkClient   : [Consumer clientId=consumer-midas-core-1, groupId=midas-core] Client requested disconnect from node 2147483647
2025-10-05T17:24:06.091-04:00  INFO 50881 --- [ntainer#0-0-C-1] o.a.k.c.c.internals.ConsumerCoordinator  : [Consumer clientId=consumer-midas-core-1, groupId=midas-core] Discovered group coordinator localhost:64550 (id: 2147483647 rack: null)
2025-10-05T17:24:06.091-04:00  INFO 50881 --- [ntainer#0-0-C-1] o.a.k.c.c.internals.ConsumerCoordinator  : [Consumer clientId=consumer-midas-core-1, groupId=midas-core] Group coordinator localhost:64550 (id: 2147483647 rack: null) is unavailable or invalid due to cause: coordinator unavailable. isDisconnected: false. Rediscovery will be attempted.
2025-10-05T17:24:06.092-04:00  INFO 50881 --- [ntainer#0-0-C-1] o.a.k.c.c.internals.ConsumerCoordinator  : [Consumer clientId=consumer-midas-core-1, groupId=midas-core] Requesting disconnect from last known coordinator localhost:64550 (id: 2147483647 rack: null)
2025-10-05T17:24:06.219-04:00  INFO 50881 --- [ntainer#0-0-C-1] o.a.k.c.c.internals.ConsumerCoordinator  : [Consumer clientId=consumer-midas-core-1, groupId=midas-core] Discovered group coordinator localhost:64550 (id: 2147483647 rack: null)
2025-10-05T19:24:14.850-04:00  INFO 50881 --- [           main] com.jpmc.midascore.TaskTwoTests          : ...
2025-10-05T19:24:15.126-04:00  INFO 50881 --- [ntainer#0-0-C-1] org.apache.kafka.clients.NetworkClient   : [Consumer clientId=consumer-midas-core-1, groupId=midas-core] Disconnecting from node 0 due to request timeout.
2025-10-05T19:24:15.142-04:00  INFO 50881 --- [0-event-handler] o.a.k.c.ReplicationControlManager        : [QuorumController id=0] Fencing broker 0 because its session has timed out.
2025-10-05T19:24:15.233-04:00  INFO 50881 --- [ntainer#0-0-C-1] org.apache.kafka.clients.NetworkClient   : [Consumer clientId=consumer-midas-core-1, groupId=midas-core] Cancelled in-flight FETCH request with correlation id 1045 due to node 0 being disconnected (elapsed time since creation: 7203067ms, elapsed time since send: 7203067ms, request timeout: 30000ms)
2025-10-05T19:24:15.616-04:00  INFO 50881 --- [ad | midas-core] o.a.k.c.c.internals.ConsumerCoordinator  : [Consumer clientId=consumer-midas-core-1, groupId=midas-core] Group coordinator localhost:64550 (id: 2147483647 rack: null) is unavailable or invalid due to cause: session timed out without receiving a heartbeat response. isDisconnected: false. Rediscovery will be attempted.
2025-10-05T19:24:15.616-04:00  INFO 50881 --- [ad | midas-core] o.a.k.c.c.internals.ConsumerCoordinator  : [Consumer clientId=consumer-midas-core-1, groupId=midas-core] Requesting disconnect from last known coordinator localhost:64550 (id: 2147483647 rack: null)
2025-10-05T19:24:15.617-04:00  INFO 50881 --- [ad | midas-core] org.apache.kafka.clients.NetworkClient   : [Consumer clientId=consumer-midas-core-1, groupId=midas-core] Client requested disconnect from node 2147483647
2025-10-05T19:24:15.664-04:00  INFO 50881 --- [ntainer#0-0-C-1] o.a.kafka.clients.FetchSessionHandler    : [Consumer clientId=consumer-midas-core-1, groupId=midas-core] Error sending fetch request (sessionId=1917590947, epoch=829) to node 0:

org.apache.kafka.common.errors.DisconnectException: null

2025-10-05T19:24:15.729-04:00  INFO 50881 --- [ntainer#0-0-C-1] o.a.k.c.c.internals.ConsumerCoordinator  : [Consumer clientId=consumer-midas-core-1, groupId=midas-core] Discovered group coordinator localhost:64550 (id: 2147483647 rack: null)
2025-10-05T19:24:15.732-04:00  INFO 50881 --- [ntainer#0-0-C-1] o.a.k.c.c.internals.ConsumerCoordinator  : [Consumer clientId=consumer-midas-core-1, groupId=midas-core] Discovered group coordinator localhost:64550 (id: 2147483647 rack: null)
2025-10-05T19:24:16.332-04:00  INFO 50881 --- [0-event-handler] o.a.k.c.ReplicationControlManager        : [QuorumController id=0] handleBrokerFenced: changing 51 partition(s)
2025-10-05T19:24:16.351-04:00  INFO 50881 --- [0-event-handler] o.a.k.controller.ClusterControlManager   : [QuorumController id=0] Replayed BrokerRegistrationChangeRecord modifying the registration for broker 0: BrokerRegistrationChangeRecord(brokerId=0, brokerEpoch=5, fenced=1, inControlledShutdown=0)
2025-10-05T19:24:16.371-04:00  INFO 50881 --- [0-event-handler] o.a.kafka.controller.QuorumController    : [QuorumController id=0] processBrokerHeartbeat: event unable to start processing because of TimeoutException.
2025-10-05T19:24:16.372-04:00 ERROR 50881 --- [0-event-handler] o.a.k.c.ReplicationControlManager        : [QuorumController id=0] processExpiredBrokerHeartbeat: controller event queue overloaded. Timed out heartbeat from broker 0.
2025-10-05T19:24:16.409-04:00  INFO 50881 --- [r-event-handler] state.change.logger                      : [Broker id=0] Transitioning 51 partition(s) to local followers.
2025-10-05T19:24:16.435-04:00  INFO 50881 --- [r-event-handler] state.change.logger                      : [Broker id=0] Follower __consumer_offsets-13 starts at leader epoch 1 from offset 0 with partition epoch 1 and high watermark 0. Current leader is -1. Previous leader Some(-1) and previous leader epoch was 1.
2025-10-05T19:24:16.436-04:00  INFO 50881 --- [r-event-handler] state.change.logger                      : [Broker id=0] Follower __consumer_offsets-46 starts at leader epoch 1 from offset 0 with partition epoch 1 and high watermark 0. Current leader is -1. Previous leader Some(-1) and previous leader epoch was 1.
2025-10-05T19:24:16.436-04:00  INFO 50881 --- [r-event-handler] state.change.logger                      : [Broker id=0] Follower __consumer_offsets-9 starts at leader epoch 1 from offset 0 with partition epoch 1 and high watermark 0. Current leader is -1. Previous leader Some(-1) and previous leader epoch was 1.
2025-10-05T19:24:16.437-04:00  INFO 50881 --- [r-event-handler] state.change.logger                      : [Broker id=0] Follower __consumer_offsets-42 starts at leader epoch 1 from offset 0 with partition epoch 1 and high watermark 0. Current leader is -1. Previous leader Some(-1) and previous leader epoch was 1.
2025-10-05T19:24:16.437-04:00  INFO 50881 --- [r-event-handler] state.change.logger                      : [Broker id=0] Follower __consumer_offsets-21 starts at leader epoch 1 from offset 0 with partition epoch 1 and high watermark 0. Current leader is -1. Previous leader Some(-1) and previous leader epoch was 1.
2025-10-05T19:24:16.437-04:00  INFO 50881 --- [r-event-handler] state.change.logger                      : [Broker id=0] Follower __consumer_offsets-17 starts at leader epoch 1 from offset 0 with partition epoch 1 and high watermark 0. Current leader is -1. Previous leader Some(-1) and previous leader epoch was 1.
2025-10-05T19:24:16.438-04:00  INFO 50881 --- [r-event-handler] state.change.logger                      : [Broker id=0] Follower __consumer_offsets-30 starts at leader epoch 1 from offset 0 with partition epoch 1 and high watermark 0. Current leader is -1. Previous leader Some(-1) and previous leader epoch was 1.
2025-10-05T19:24:16.438-04:00  INFO 50881 --- [r-event-handler] state.change.logger                      : [Broker id=0] Follower __consumer_offsets-26 starts at leader epoch 1 from offset 0 with partition epoch 1 and high watermark 0. Current leader is -1. Previous leader Some(-1) and previous leader epoch was 1.
2025-10-05T19:24:16.438-04:00  INFO 50881 --- [r-event-handler] state.change.logger                      : [Broker id=0] Follower __consumer_offsets-5 starts at leader epoch 1 from offset 0 with partition epoch 1 and high watermark 0. Current leader is -1. Previous leader Some(-1) and previous leader epoch was 1.
2025-10-05T19:24:16.438-04:00  INFO 50881 --- [r-event-handler] state.change.logger                      : [Broker id=0] Follower __consumer_offsets-38 starts at leader epoch 1 from offset 0 with partition epoch 1 and high watermark 0. Current leader is -1. Previous leader Some(-1) and previous leader epoch was 1.
2025-10-05T19:24:16.438-04:00  INFO 50881 --- [r-event-handler] state.change.logger                      : [Broker id=0] Follower __consumer_offsets-1 starts at leader epoch 1 from offset 0 with partition epoch 1 and high watermark 0. Current leader is -1. Previous leader Some(-1) and previous leader epoch was 1.
2025-10-05T19:24:16.439-04:00  INFO 50881 --- [r-event-handler] state.change.logger                      : [Broker id=0] Follower __consumer_offsets-34 starts at leader epoch 1 from offset 0 with partition epoch 1 and high watermark 0. Current leader is -1. Previous leader Some(-1) and previous leader epoch was 1.
2025-10-05T19:24:16.439-04:00  INFO 50881 --- [r-event-handler] state.change.logger                      : [Broker id=0] Follower __consumer_offsets-16 starts at leader epoch 1 from offset 0 with partition epoch 1 and high watermark 0. Current leader is -1. Previous leader Some(-1) and previous leader epoch was 1.
2025-10-05T19:24:16.440-04:00  INFO 50881 --- [r-event-handler] state.change.logger                      : [Broker id=0] Follower __consumer_offsets-45 starts at leader epoch 1 from offset 0 with partition epoch 1 and high watermark 0. Current leader is -1. Previous leader Some(-1) and previous leader epoch was 1.
2025-10-05T19:24:16.440-04:00  INFO 50881 --- [r-event-handler] state.change.logger                      : [Broker id=0] Follower __consumer_offsets-12 starts at leader epoch 1 from offset 0 with partition epoch 1 and high watermark 0. Current leader is -1. Previous leader Some(-1) and previous leader epoch was 1.
2025-10-05T19:24:16.440-04:00  INFO 50881 --- [r-event-handler] state.change.logger                      : [Broker id=0] Follower __consumer_offsets-41 starts at leader epoch 1 from offset 0 with partition epoch 1 and high watermark 0. Current leader is -1. Previous leader Some(-1) and previous leader epoch was 1.
2025-10-05T19:24:16.440-04:00  INFO 50881 --- [r-event-handler] state.change.logger                      : [Broker id=0] Follower __consumer_offsets-24 starts at leader epoch 1 from offset 0 with partition epoch 1 and high watermark 0. Current leader is -1. Previous leader Some(-1) and previous leader epoch was 1.
2025-10-05T19:24:16.440-04:00  INFO 50881 --- [r-event-handler] state.change.logger                      : [Broker id=0] Follower __consumer_offsets-20 starts at leader epoch 1 from offset 2 with partition epoch 1 and high watermark 2. Current leader is -1. Previous leader Some(-1) and previous leader epoch was 1.
2025-10-05T19:24:16.441-04:00  INFO 50881 --- [r-event-handler] state.change.logger                      : [Broker id=0] Follower __consumer_offsets-49 starts at leader epoch 1 from offset 0 with partition epoch 1 and high watermark 0. Current leader is -1. Previous leader Some(-1) and previous leader epoch was 1.
2025-10-05T19:24:16.441-04:00  INFO 50881 --- [r-event-handler] state.change.logger                      : [Broker id=0] Follower __consumer_offsets-0 starts at leader epoch 1 from offset 0 with partition epoch 1 and high watermark 0. Current leader is -1. Previous leader Some(-1) and previous leader epoch was 1.
2025-10-05T19:24:16.441-04:00  INFO 50881 --- [r-event-handler] state.change.logger                      : [Broker id=0] Follower __consumer_offsets-29 starts at leader epoch 1 from offset 0 with partition epoch 1 and high watermark 0. Current leader is -1. Previous leader Some(-1) and previous leader epoch was 1.
2025-10-05T19:24:16.441-04:00  INFO 50881 --- [r-event-handler] state.change.logger                      : [Broker id=0] Follower __consumer_offsets-25 starts at leader epoch 1 from offset 0 with partition epoch 1 and high watermark 0. Current leader is -1. Previous leader Some(-1) and previous leader epoch was 1.
2025-10-05T19:24:16.442-04:00  INFO 50881 --- [r-event-handler] state.change.logger                      : [Broker id=0] Follower __consumer_offsets-8 starts at leader epoch 1 from offset 0 with partition epoch 1 and high watermark 0. Current leader is -1. Previous leader Some(-1) and previous leader epoch was 1.
2025-10-05T19:24:16.442-04:00  INFO 50881 --- [r-event-handler] state.change.logger                      : [Broker id=0] Follower __consumer_offsets-37 starts at leader epoch 1 from offset 0 with partition epoch 1 and high watermark 0. Current leader is -1. Previous leader Some(-1) and previous leader epoch was 1.
2025-10-05T19:24:16.442-04:00  INFO 50881 --- [r-event-handler] state.change.logger                      : [Broker id=0] Follower __consumer_offsets-4 starts at leader epoch 1 from offset 0 with partition epoch 1 and high watermark 0. Current leader is -1. Previous leader Some(-1) and previous leader epoch was 1.
2025-10-05T19:24:16.442-04:00  INFO 50881 --- [r-event-handler] state.change.logger                      : [Broker id=0] Follower __consumer_offsets-33 starts at leader epoch 1 from offset 0 with partition epoch 1 and high watermark 0. Current leader is -1. Previous leader Some(-1) and previous leader epoch was 1.
2025-10-05T19:24:16.443-04:00  INFO 50881 --- [r-event-handler] state.change.logger                      : [Broker id=0] Follower __consumer_offsets-15 starts at leader epoch 1 from offset 0 with partition epoch 1 and high watermark 0. Current leader is -1. Previous leader Some(-1) and previous leader epoch was 1.
2025-10-05T19:24:16.443-04:00  INFO 50881 --- [r-event-handler] state.change.logger                      : [Broker id=0] Follower __consumer_offsets-48 starts at leader epoch 1 from offset 0 with partition epoch 1 and high watermark 0. Current leader is -1. Previous leader Some(-1) and previous leader epoch was 1.
2025-10-05T19:24:16.443-04:00  INFO 50881 --- [r-event-handler] state.change.logger                      : [Broker id=0] Follower __consumer_offsets-11 starts at leader epoch 1 from offset 0 with partition epoch 1 and high watermark 0. Current leader is -1. Previous leader Some(-1) and previous leader epoch was 1.
2025-10-05T19:24:16.444-04:00  INFO 50881 --- [r-event-handler] state.change.logger                      : [Broker id=0] Follower __consumer_offsets-44 starts at leader epoch 1 from offset 0 with partition epoch 1 and high watermark 0. Current leader is -1. Previous leader Some(-1) and previous leader epoch was 1.
2025-10-05T19:24:16.444-04:00  INFO 50881 --- [r-event-handler] state.change.logger                      : [Broker id=0] Follower __consumer_offsets-23 starts at leader epoch 1 from offset 0 with partition epoch 1 and high watermark 0. Current leader is -1. Previous leader Some(-1) and previous leader epoch was 1.
2025-10-05T19:24:16.444-04:00  INFO 50881 --- [r-event-handler] state.change.logger                      : [Broker id=0] Follower __consumer_offsets-19 starts at leader epoch 1 from offset 0 with partition epoch 1 and high watermark 0. Current leader is -1. Previous leader Some(-1) and previous leader epoch was 1.
2025-10-05T19:24:16.445-04:00  INFO 50881 --- [r-event-handler] state.change.logger                      : [Broker id=0] Follower __consumer_offsets-32 starts at leader epoch 1 from offset 0 with partition epoch 1 and high watermark 0. Current leader is -1. Previous leader Some(-1) and previous leader epoch was 1.
2025-10-05T19:24:16.445-04:00  INFO 50881 --- [r-event-handler] state.change.logger                      : [Broker id=0] Follower test-topic-0 starts at leader epoch 1 from offset 22 with partition epoch 1 and high watermark 22. Current leader is -1. Previous leader Some(-1) and previous leader epoch was 1.
2025-10-05T19:24:16.445-04:00  INFO 50881 --- [r-event-handler] state.change.logger                      : [Broker id=0] Follower __consumer_offsets-28 starts at leader epoch 1 from offset 0 with partition epoch 1 and high watermark 0. Current leader is -1. Previous leader Some(-1) and previous leader epoch was 1.
2025-10-05T19:24:16.445-04:00  INFO 50881 --- [r-event-handler] state.change.logger                      : [Broker id=0] Follower __consumer_offsets-7 starts at leader epoch 1 from offset 0 with partition epoch 1 and high watermark 0. Current leader is -1. Previous leader Some(-1) and previous leader epoch was 1.
2025-10-05T19:24:16.452-04:00  WARN 50881 --- [channel-manager] kafka.server.BrokerLifecycleManager      : [BrokerLifecycleManager id=0] Broker 0 sent a heartbeat request but received error REQUEST_TIMED_OUT.
2025-10-05T19:24:16.469-04:00  INFO 50881 --- [r-event-handler] state.change.logger                      : [Broker id=0] Follower __consumer_offsets-40 starts at leader epoch 1 from offset 0 with partition epoch 1 and high watermark 0. Current leader is -1. Previous leader Some(-1) and previous leader epoch was 1.
2025-10-05T19:24:16.470-04:00  INFO 50881 --- [r-event-handler] state.change.logger                      : [Broker id=0] Follower __consumer_offsets-3 starts at leader epoch 1 from offset 0 with partition epoch 1 and high watermark 0. Current leader is -1. Previous leader Some(-1) and previous leader epoch was 1.
2025-10-05T19:24:16.470-04:00  INFO 50881 --- [r-event-handler] state.change.logger                      : [Broker id=0] Follower __consumer_offsets-36 starts at leader epoch 1 from offset 0 with partition epoch 1 and high watermark 0. Current leader is -1. Previous leader Some(-1) and previous leader epoch was 1.
2025-10-05T19:24:16.470-04:00  INFO 50881 --- [r-event-handler] state.change.logger                      : [Broker id=0] Follower __consumer_offsets-47 starts at leader epoch 1 from offset 0 with partition epoch 1 and high watermark 0. Current leader is -1. Previous leader Some(-1) and previous leader epoch was 1.
2025-10-05T19:24:16.470-04:00  INFO 50881 --- [r-event-handler] state.change.logger                      : [Broker id=0] Follower __consumer_offsets-14 starts at leader epoch 1 from offset 0 with partition epoch 1 and high watermark 0. Current leader is -1. Previous leader Some(-1) and previous leader epoch was 1.
2025-10-05T19:24:16.471-04:00  INFO 50881 --- [r-event-handler] state.change.logger                      : [Broker id=0] Follower __consumer_offsets-43 starts at leader epoch 1 from offset 0 with partition epoch 1 and high watermark 0. Current leader is -1. Previous leader Some(-1) and previous leader epoch was 1.
2025-10-05T19:24:16.471-04:00  INFO 50881 --- [r-event-handler] state.change.logger                      : [Broker id=0] Follower __consumer_offsets-10 starts at leader epoch 1 from offset 0 with partition epoch 1 and high watermark 0. Current leader is -1. Previous leader Some(-1) and previous leader epoch was 1.
2025-10-05T19:24:16.471-04:00  INFO 50881 --- [r-event-handler] state.change.logger                      : [Broker id=0] Follower __consumer_offsets-22 starts at leader epoch 1 from offset 0 with partition epoch 1 and high watermark 0. Current leader is -1. Previous leader Some(-1) and previous leader epoch was 1.
2025-10-05T19:24:16.471-04:00  INFO 50881 --- [r-event-handler] state.change.logger                      : [Broker id=0] Follower __consumer_offsets-18 starts at leader epoch 1 from offset 0 with partition epoch 1 and high watermark 0. Current leader is -1. Previous leader Some(-1) and previous leader epoch was 1.
2025-10-05T19:24:16.471-04:00  INFO 50881 --- [r-event-handler] state.change.logger                      : [Broker id=0] Follower __consumer_offsets-31 starts at leader epoch 1 from offset 0 with partition epoch 1 and high watermark 0. Current leader is -1. Previous leader Some(-1) and previous leader epoch was 1.
2025-10-05T19:24:16.471-04:00  INFO 50881 --- [r-event-handler] state.change.logger                      : [Broker id=0] Follower __consumer_offsets-27 starts at leader epoch 1 from offset 0 with partition epoch 1 and high watermark 0. Current leader is -1. Previous leader Some(-1) and previous leader epoch was 1.
2025-10-05T19:24:16.472-04:00  INFO 50881 --- [r-event-handler] state.change.logger                      : [Broker id=0] Follower __consumer_offsets-39 starts at leader epoch 1 from offset 0 with partition epoch 1 and high watermark 0. Current leader is -1. Previous leader Some(-1) and previous leader epoch was 1.
2025-10-05T19:24:16.472-04:00  INFO 50881 --- [r-event-handler] state.change.logger                      : [Broker id=0] Follower __consumer_offsets-6 starts at leader epoch 1 from offset 0 with partition epoch 1 and high watermark 0. Current leader is -1. Previous leader Some(-1) and previous leader epoch was 1.
2025-10-05T19:24:16.473-04:00  INFO 50881 --- [r-event-handler] state.change.logger                      : [Broker id=0] Follower __consumer_offsets-35 starts at leader epoch 1 from offset 0 with partition epoch 1 and high watermark 0. Current leader is -1. Previous leader Some(-1) and previous leader epoch was 1.
2025-10-05T19:24:16.473-04:00  INFO 50881 --- [r-event-handler] state.change.logger                      : [Broker id=0] Follower __consumer_offsets-2 starts at leader epoch 1 from offset 0 with partition epoch 1 and high watermark 0. Current leader is -1. Previous leader Some(-1) and previous leader epoch was 1.
2025-10-05T19:24:16.475-04:00  INFO 50881 --- [r-event-handler] kafka.server.ReplicaFetcherManager       : [ReplicaFetcherManager on broker 0] Removed fetcher for partitions Set(__consumer_offsets-13, __consumer_offsets-46, __consumer_offsets-9, __consumer_offsets-42, __consumer_offsets-21, __consumer_offsets-17, __consumer_offsets-30, __consumer_offsets-26, __consumer_offsets-5, __consumer_offsets-38, __consumer_offsets-1, __consumer_offsets-34, __consumer_offsets-16, __consumer_offsets-45, __consumer_offsets-12, __consumer_offsets-41, __consumer_offsets-24, __consumer_offsets-20, __consumer_offsets-49, __consumer_offsets-0, __consumer_offsets-29, __consumer_offsets-25, __consumer_offsets-8, __consumer_offsets-37, __consumer_offsets-4, __consumer_offsets-33, __consumer_offsets-15, __consumer_offsets-48, __consumer_offsets-11, __consumer_offsets-44, __consumer_offsets-23, __consumer_offsets-19, __consumer_offsets-32, test-topic-0, __consumer_offsets-28, __consumer_offsets-7, __consumer_offsets-40, __consumer_offsets-3, __consumer_offsets-36, __consumer_offsets-47, __consumer_offsets-14, __consumer_offsets-43, __consumer_offsets-10, __consumer_offsets-22, __consumer_offsets-18, __consumer_offsets-31, __consumer_offsets-27, __consumer_offsets-39, __consumer_offsets-6, __consumer_offsets-35, __consumer_offsets-2)
2025-10-05T19:24:16.475-04:00  INFO 50881 --- [r-event-handler] state.change.logger                      : [Broker id=0] Stopped fetchers as part of become-follower for 51 partitions
2025-10-05T19:24:16.492-04:00  INFO 50881 --- [r-event-handler] state.change.logger                      : [Broker id=0] Started fetchers as part of become-follower for 51 partitions
2025-10-05T19:24:16.553-04:00  INFO 50881 --- [0-event-handler] o.a.k.controller.BrokerHeartbeatManager  : [QuorumController id=0] The request from broker 0 to unfence has been granted because it has caught up with the offset of its register broker record 5.
2025-10-05T19:24:16.557-04:00  INFO 50881 --- [0-event-handler] o.a.k.c.ReplicationControlManager        : [QuorumController id=0] handleBrokerUnfenced: changing 51 partition(s)
2025-10-05T19:24:16.557-04:00  INFO 50881 --- [0-event-handler] o.a.k.controller.ClusterControlManager   : [QuorumController id=0] Replayed BrokerRegistrationChangeRecord modifying the registration for broker 0: BrokerRegistrationChangeRecord(brokerId=0, brokerEpoch=5, fenced=-1, inControlledShutdown=0)
2025-10-05T19:24:16.604-04:00  INFO 50881 --- [r-event-handler] k.coordinator.group.GroupCoordinator     : [GroupCoordinator 0]: Resigned as the group coordinator for partition 13 in epoch OptionalInt[1]
2025-10-05T19:24:16.609-04:00  INFO 50881 --- [r-event-handler] k.c.group.GroupMetadataManager           : [GroupMetadataManager brokerId=0] Scheduling unloading of offsets and group metadata from __consumer_offsets-13
2025-10-05T19:24:16.611-04:00  INFO 50881 --- [r-event-handler] k.coordinator.group.GroupCoordinator     : [GroupCoordinator 0]: Resigned as the group coordinator for partition 46 in epoch OptionalInt[1]
2025-10-05T19:24:16.611-04:00  INFO 50881 --- [r-event-handler] k.c.group.GroupMetadataManager           : [GroupMetadataManager brokerId=0] Scheduling unloading of offsets and group metadata from __consumer_offsets-46
2025-10-05T19:24:16.611-04:00  INFO 50881 --- [r-event-handler] k.coordinator.group.GroupCoordinator     : [GroupCoordinator 0]: Resigned as the group coordinator for partition 9 in epoch OptionalInt[1]
2025-10-05T19:24:16.611-04:00  INFO 50881 --- [r-event-handler] k.c.group.GroupMetadataManager           : [GroupMetadataManager brokerId=0] Scheduling unloading of offsets and group metadata from __consumer_offsets-9
2025-10-05T19:24:16.612-04:00  INFO 50881 --- [r-event-handler] k.coordinator.group.GroupCoordinator     : [GroupCoordinator 0]: Resigned as the group coordinator for partition 42 in epoch OptionalInt[1]
2025-10-05T19:24:16.612-04:00  INFO 50881 --- [r-event-handler] k.c.group.GroupMetadataManager           : [GroupMetadataManager brokerId=0] Scheduling unloading of offsets and group metadata from __consumer_offsets-42
2025-10-05T19:24:16.613-04:00  INFO 50881 --- [r-event-handler] k.coordinator.group.GroupCoordinator     : [GroupCoordinator 0]: Resigned as the group coordinator for partition 21 in epoch OptionalInt[1]
2025-10-05T19:24:16.613-04:00  INFO 50881 --- [r-event-handler] k.c.group.GroupMetadataManager           : [GroupMetadataManager brokerId=0] Scheduling unloading of offsets and group metadata from __consumer_offsets-21
2025-10-05T19:24:16.614-04:00  INFO 50881 --- [r-event-handler] k.coordinator.group.GroupCoordinator     : [GroupCoordinator 0]: Resigned as the group coordinator for partition 17 in epoch OptionalInt[1]
2025-10-05T19:24:16.614-04:00  INFO 50881 --- [r-event-handler] k.c.group.GroupMetadataManager           : [GroupMetadataManager brokerId=0] Scheduling unloading of offsets and group metadata from __consumer_offsets-17
2025-10-05T19:24:16.614-04:00  INFO 50881 --- [r-event-handler] k.coordinator.group.GroupCoordinator     : [GroupCoordinator 0]: Resigned as the group coordinator for partition 30 in epoch OptionalInt[1]
2025-10-05T19:24:16.614-04:00  INFO 50881 --- [r-event-handler] k.c.group.GroupMetadataManager           : [GroupMetadataManager brokerId=0] Scheduling unloading of offsets and group metadata from __consumer_offsets-30
2025-10-05T19:24:16.614-04:00  INFO 50881 --- [r-event-handler] k.coordinator.group.GroupCoordinator     : [GroupCoordinator 0]: Resigned as the group coordinator for partition 26 in epoch OptionalInt[1]
2025-10-05T19:24:16.614-04:00  INFO 50881 --- [r-event-handler] k.c.group.GroupMetadataManager           : [GroupMetadataManager brokerId=0] Scheduling unloading of offsets and group metadata from __consumer_offsets-26
2025-10-05T19:24:16.614-04:00  INFO 50881 --- [r-event-handler] k.coordinator.group.GroupCoordinator     : [GroupCoordinator 0]: Resigned as the group coordinator for partition 5 in epoch OptionalInt[1]
2025-10-05T19:24:16.616-04:00  INFO 50881 --- [r-event-handler] k.c.group.GroupMetadataManager           : [GroupMetadataManager brokerId=0] Scheduling unloading of offsets and group metadata from __consumer_offsets-5
2025-10-05T19:24:16.616-04:00  INFO 50881 --- [r-event-handler] k.coordinator.group.GroupCoordinator     : [GroupCoordinator 0]: Resigned as the group coordinator for partition 38 in epoch OptionalInt[1]
2025-10-05T19:24:16.617-04:00  INFO 50881 --- [r-event-handler] k.c.group.GroupMetadataManager           : [GroupMetadataManager brokerId=0] Scheduling unloading of offsets and group metadata from __consumer_offsets-38
2025-10-05T19:24:16.619-04:00  INFO 50881 --- [r-event-handler] k.coordinator.group.GroupCoordinator     : [GroupCoordinator 0]: Resigned as the group coordinator for partition 1 in epoch OptionalInt[1]
2025-10-05T19:24:16.619-04:00  INFO 50881 --- [r-event-handler] k.c.group.GroupMetadataManager           : [GroupMetadataManager brokerId=0] Scheduling unloading of offsets and group metadata from __consumer_offsets-1
2025-10-05T19:24:16.619-04:00  INFO 50881 --- [r-event-handler] k.coordinator.group.GroupCoordinator     : [GroupCoordinator 0]: Resigned as the group coordinator for partition 34 in epoch OptionalInt[1]
2025-10-05T19:24:16.619-04:00  INFO 50881 --- [r-event-handler] k.c.group.GroupMetadataManager           : [GroupMetadataManager brokerId=0] Scheduling unloading of offsets and group metadata from __consumer_offsets-34
2025-10-05T19:24:16.619-04:00  INFO 50881 --- [r-event-handler] k.coordinator.group.GroupCoordinator     : [GroupCoordinator 0]: Resigned as the group coordinator for partition 16 in epoch OptionalInt[1]
2025-10-05T19:24:16.619-04:00  INFO 50881 --- [r-event-handler] k.c.group.GroupMetadataManager           : [GroupMetadataManager brokerId=0] Scheduling unloading of offsets and group metadata from __consumer_offsets-16
2025-10-05T19:24:16.619-04:00  INFO 50881 --- [r-event-handler] k.coordinator.group.GroupCoordinator     : [GroupCoordinator 0]: Resigned as the group coordinator for partition 45 in epoch OptionalInt[1]
2025-10-05T19:24:16.619-04:00  INFO 50881 --- [r-event-handler] k.c.group.GroupMetadataManager           : [GroupMetadataManager brokerId=0] Scheduling unloading of offsets and group metadata from __consumer_offsets-45
2025-10-05T19:24:16.619-04:00  INFO 50881 --- [r-event-handler] k.coordinator.group.GroupCoordinator     : [GroupCoordinator 0]: Resigned as the group coordinator for partition 12 in epoch OptionalInt[1]
2025-10-05T19:24:16.619-04:00  INFO 50881 --- [r-event-handler] k.c.group.GroupMetadataManager           : [GroupMetadataManager brokerId=0] Scheduling unloading of offsets and group metadata from __consumer_offsets-12
2025-10-05T19:24:16.619-04:00  INFO 50881 --- [r-event-handler] k.coordinator.group.GroupCoordinator     : [GroupCoordinator 0]: Resigned as the group coordinator for partition 41 in epoch OptionalInt[1]
2025-10-05T19:24:16.622-04:00  INFO 50881 --- [adata-manager-0] k.c.group.GroupMetadataManager           : [GroupMetadataManager brokerId=0] Finished unloading __consumer_offsets-13 for coordinator epoch OptionalInt[1]. Removed 0 cached offsets and 0 cached groups.
2025-10-05T19:24:16.623-04:00  INFO 50881 --- [adata-manager-0] k.c.group.GroupMetadataManager           : [GroupMetadataManager brokerId=0] Finished unloading __consumer_offsets-46 for coordinator epoch OptionalInt[1]. Removed 0 cached offsets and 0 cached groups.
2025-10-05T19:24:16.623-04:00  INFO 50881 --- [adata-manager-0] k.c.group.GroupMetadataManager           : [GroupMetadataManager brokerId=0] Finished unloading __consumer_offsets-9 for coordinator epoch OptionalInt[1]. Removed 0 cached offsets and 0 cached groups.
2025-10-05T19:24:16.623-04:00  INFO 50881 --- [adata-manager-0] k.c.group.GroupMetadataManager           : [GroupMetadataManager brokerId=0] Finished unloading __consumer_offsets-42 for coordinator epoch OptionalInt[1]. Removed 0 cached offsets and 0 cached groups.
2025-10-05T19:24:16.623-04:00  INFO 50881 --- [adata-manager-0] k.c.group.GroupMetadataManager           : [GroupMetadataManager brokerId=0] Finished unloading __consumer_offsets-21 for coordinator epoch OptionalInt[1]. Removed 0 cached offsets and 0 cached groups.
2025-10-05T19:24:16.623-04:00  INFO 50881 --- [adata-manager-0] k.c.group.GroupMetadataManager           : [GroupMetadataManager brokerId=0] Finished unloading __consumer_offsets-17 for coordinator epoch OptionalInt[1]. Removed 0 cached offsets and 0 cached groups.
2025-10-05T19:24:16.623-04:00  INFO 50881 --- [adata-manager-0] k.c.group.GroupMetadataManager           : [GroupMetadataManager brokerId=0] Finished unloading __consumer_offsets-30 for coordinator epoch OptionalInt[1]. Removed 0 cached offsets and 0 cached groups.
2025-10-05T19:24:16.623-04:00  INFO 50881 --- [adata-manager-0] k.c.group.GroupMetadataManager           : [GroupMetadataManager brokerId=0] Finished unloading __consumer_offsets-26 for coordinator epoch OptionalInt[1]. Removed 0 cached offsets and 0 cached groups.
2025-10-05T19:24:16.623-04:00  INFO 50881 --- [adata-manager-0] k.c.group.GroupMetadataManager           : [GroupMetadataManager brokerId=0] Finished unloading __consumer_offsets-5 for coordinator epoch OptionalInt[1]. Removed 0 cached offsets and 0 cached groups.
2025-10-05T19:24:16.623-04:00  INFO 50881 --- [adata-manager-0] k.c.group.GroupMetadataManager           : [GroupMetadataManager brokerId=0] Finished unloading __consumer_offsets-38 for coordinator epoch OptionalInt[1]. Removed 0 cached offsets and 0 cached groups.
2025-10-05T19:24:16.623-04:00  INFO 50881 --- [adata-manager-0] k.c.group.GroupMetadataManager           : [GroupMetadataManager brokerId=0] Finished unloading __consumer_offsets-1 for coordinator epoch OptionalInt[1]. Removed 0 cached offsets and 0 cached groups.
2025-10-05T19:24:16.623-04:00  INFO 50881 --- [adata-manager-0] k.c.group.GroupMetadataManager           : [GroupMetadataManager brokerId=0] Finished unloading __consumer_offsets-34 for coordinator epoch OptionalInt[1]. Removed 0 cached offsets and 0 cached groups.
2025-10-05T19:24:16.624-04:00  INFO 50881 --- [adata-manager-0] k.c.group.GroupMetadataManager           : [GroupMetadataManager brokerId=0] Finished unloading __consumer_offsets-16 for coordinator epoch OptionalInt[1]. Removed 0 cached offsets and 0 cached groups.
2025-10-05T19:24:16.624-04:00  INFO 50881 --- [adata-manager-0] k.c.group.GroupMetadataManager           : [GroupMetadataManager brokerId=0] Finished unloading __consumer_offsets-45 for coordinator epoch OptionalInt[1]. Removed 0 cached offsets and 0 cached groups.
2025-10-05T19:24:16.624-04:00  INFO 50881 --- [adata-manager-0] k.c.group.GroupMetadataManager           : [GroupMetadataManager brokerId=0] Finished unloading __consumer_offsets-12 for coordinator epoch OptionalInt[1]. Removed 0 cached offsets and 0 cached groups.
2025-10-05T19:24:16.619-04:00  INFO 50881 --- [r-event-handler] k.c.group.GroupMetadataManager           : [GroupMetadataManager brokerId=0] Scheduling unloading of offsets and group metadata from __consumer_offsets-41
2025-10-05T19:24:16.625-04:00  INFO 50881 --- [r-event-handler] k.coordinator.group.GroupCoordinator     : [GroupCoordinator 0]: Resigned as the group coordinator for partition 24 in epoch OptionalInt[1]
2025-10-05T19:24:16.625-04:00  INFO 50881 --- [r-event-handler] k.c.group.GroupMetadataManager           : [GroupMetadataManager brokerId=0] Scheduling unloading of offsets and group metadata from __consumer_offsets-24
2025-10-05T19:24:16.625-04:00  INFO 50881 --- [adata-manager-0] k.c.group.GroupMetadataManager           : [GroupMetadataManager brokerId=0] Finished unloading __consumer_offsets-41 for coordinator epoch OptionalInt[1]. Removed 0 cached offsets and 0 cached groups.
2025-10-05T19:24:16.626-04:00  INFO 50881 --- [adata-manager-0] k.c.group.GroupMetadataManager           : [GroupMetadataManager brokerId=0] Finished unloading __consumer_offsets-24 for coordinator epoch OptionalInt[1]. Removed 0 cached offsets and 0 cached groups.
2025-10-05T19:24:16.626-04:00  INFO 50881 --- [r-event-handler] k.coordinator.group.GroupCoordinator     : [GroupCoordinator 0]: Resigned as the group coordinator for partition 20 in epoch OptionalInt[1]
2025-10-05T19:24:16.626-04:00  INFO 50881 --- [r-event-handler] k.c.group.GroupMetadataManager           : [GroupMetadataManager brokerId=0] Scheduling unloading of offsets and group metadata from __consumer_offsets-20
2025-10-05T19:24:16.628-04:00  INFO 50881 --- [adata-manager-0] k.coordinator.group.GroupCoordinator     : [GroupCoordinator 0]: Unloading group metadata for midas-core with generation 1
2025-10-05T19:24:16.631-04:00  INFO 50881 --- [r-event-handler] k.coordinator.group.GroupCoordinator     : [GroupCoordinator 0]: Resigned as the group coordinator for partition 49 in epoch OptionalInt[1]
2025-10-05T19:24:16.631-04:00  INFO 50881 --- [r-event-handler] k.c.group.GroupMetadataManager           : [GroupMetadataManager brokerId=0] Scheduling unloading of offsets and group metadata from __consumer_offsets-49
2025-10-05T19:24:16.631-04:00  INFO 50881 --- [r-event-handler] k.coordinator.group.GroupCoordinator     : [GroupCoordinator 0]: Resigned as the group coordinator for partition 0 in epoch OptionalInt[1]
2025-10-05T19:24:16.631-04:00  INFO 50881 --- [r-event-handler] k.c.group.GroupMetadataManager           : [GroupMetadataManager brokerId=0] Scheduling unloading of offsets and group metadata from __consumer_offsets-0
2025-10-05T19:24:16.632-04:00  INFO 50881 --- [r-event-handler] k.coordinator.group.GroupCoordinator     : [GroupCoordinator 0]: Resigned as the group coordinator for partition 29 in epoch OptionalInt[1]
2025-10-05T19:24:16.632-04:00  INFO 50881 --- [r-event-handler] k.c.group.GroupMetadataManager           : [GroupMetadataManager brokerId=0] Scheduling unloading of offsets and group metadata from __consumer_offsets-29
2025-10-05T19:24:16.632-04:00  INFO 50881 --- [r-event-handler] k.coordinator.group.GroupCoordinator     : [GroupCoordinator 0]: Resigned as the group coordinator for partition 25 in epoch OptionalInt[1]
2025-10-05T19:24:16.632-04:00  INFO 50881 --- [r-event-handler] k.c.group.GroupMetadataManager           : [GroupMetadataManager brokerId=0] Scheduling unloading of offsets and group metadata from __consumer_offsets-25
2025-10-05T19:24:16.632-04:00  INFO 50881 --- [r-event-handler] k.coordinator.group.GroupCoordinator     : [GroupCoordinator 0]: Resigned as the group coordinator for partition 8 in epoch OptionalInt[1]
2025-10-05T19:24:16.632-04:00  INFO 50881 --- [r-event-handler] k.c.group.GroupMetadataManager           : [GroupMetadataManager brokerId=0] Scheduling unloading of offsets and group metadata from __consumer_offsets-8
2025-10-05T19:24:16.632-04:00  INFO 50881 --- [r-event-handler] k.coordinator.group.GroupCoordinator     : [GroupCoordinator 0]: Resigned as the group coordinator for partition 37 in epoch OptionalInt[1]
2025-10-05T19:24:16.632-04:00  INFO 50881 --- [r-event-handler] k.c.group.GroupMetadataManager           : [GroupMetadataManager brokerId=0] Scheduling unloading of offsets and group metadata from __consumer_offsets-37
2025-10-05T19:24:16.632-04:00  INFO 50881 --- [r-event-handler] k.coordinator.group.GroupCoordinator     : [GroupCoordinator 0]: Resigned as the group coordinator for partition 4 in epoch OptionalInt[1]
2025-10-05T19:24:16.632-04:00  INFO 50881 --- [r-event-handler] k.c.group.GroupMetadataManager           : [GroupMetadataManager brokerId=0] Scheduling unloading of offsets and group metadata from __consumer_offsets-4
2025-10-05T19:24:16.632-04:00  INFO 50881 --- [r-event-handler] k.coordinator.group.GroupCoordinator     : [GroupCoordinator 0]: Resigned as the group coordinator for partition 33 in epoch OptionalInt[1]
2025-10-05T19:24:16.632-04:00  INFO 50881 --- [r-event-handler] k.c.group.GroupMetadataManager           : [GroupMetadataManager brokerId=0] Scheduling unloading of offsets and group metadata from __consumer_offsets-33
2025-10-05T19:24:16.632-04:00  INFO 50881 --- [r-event-handler] k.coordinator.group.GroupCoordinator     : [GroupCoordinator 0]: Resigned as the group coordinator for partition 15 in epoch OptionalInt[1]
2025-10-05T19:24:16.632-04:00  INFO 50881 --- [r-event-handler] k.c.group.GroupMetadataManager           : [GroupMetadataManager brokerId=0] Scheduling unloading of offsets and group metadata from __consumer_offsets-15
2025-10-05T19:24:16.632-04:00  INFO 50881 --- [r-event-handler] k.coordinator.group.GroupCoordinator     : [GroupCoordinator 0]: Resigned as the group coordinator for partition 48 in epoch OptionalInt[1]
2025-10-05T19:24:16.632-04:00  INFO 50881 --- [r-event-handler] k.c.group.GroupMetadataManager           : [GroupMetadataManager brokerId=0] Scheduling unloading of offsets and group metadata from __consumer_offsets-48
2025-10-05T19:24:16.632-04:00  INFO 50881 --- [r-event-handler] k.coordinator.group.GroupCoordinator     : [GroupCoordinator 0]: Resigned as the group coordinator for partition 11 in epoch OptionalInt[1]
2025-10-05T19:24:16.632-04:00  INFO 50881 --- [r-event-handler] k.c.group.GroupMetadataManager           : [GroupMetadataManager brokerId=0] Scheduling unloading of offsets and group metadata from __consumer_offsets-11
2025-10-05T19:24:16.633-04:00  INFO 50881 --- [r-event-handler] k.coordinator.group.GroupCoordinator     : [GroupCoordinator 0]: Resigned as the group coordinator for partition 44 in epoch OptionalInt[1]
2025-10-05T19:24:16.633-04:00  INFO 50881 --- [r-event-handler] k.c.group.GroupMetadataManager           : [GroupMetadataManager brokerId=0] Scheduling unloading of offsets and group metadata from __consumer_offsets-44
2025-10-05T19:24:16.633-04:00  INFO 50881 --- [r-event-handler] k.coordinator.group.GroupCoordinator     : [GroupCoordinator 0]: Resigned as the group coordinator for partition 23 in epoch OptionalInt[1]
2025-10-05T19:24:16.633-04:00  INFO 50881 --- [r-event-handler] k.c.group.GroupMetadataManager           : [GroupMetadataManager brokerId=0] Scheduling unloading of offsets and group metadata from __consumer_offsets-23
2025-10-05T19:24:16.633-04:00  INFO 50881 --- [r-event-handler] k.coordinator.group.GroupCoordinator     : [GroupCoordinator 0]: Resigned as the group coordinator for partition 19 in epoch OptionalInt[1]
2025-10-05T19:24:16.633-04:00  INFO 50881 --- [r-event-handler] k.c.group.GroupMetadataManager           : [GroupMetadataManager brokerId=0] Scheduling unloading of offsets and group metadata from __consumer_offsets-19
2025-10-05T19:24:16.633-04:00  INFO 50881 --- [r-event-handler] k.coordinator.group.GroupCoordinator     : [GroupCoordinator 0]: Resigned as the group coordinator for partition 32 in epoch OptionalInt[1]
2025-10-05T19:24:16.633-04:00  INFO 50881 --- [r-event-handler] k.c.group.GroupMetadataManager           : [GroupMetadataManager brokerId=0] Scheduling unloading of offsets and group metadata from __consumer_offsets-32
2025-10-05T19:24:16.633-04:00  INFO 50881 --- [r-event-handler] k.coordinator.group.GroupCoordinator     : [GroupCoordinator 0]: Resigned as the group coordinator for partition 28 in epoch OptionalInt[1]
2025-10-05T19:24:16.633-04:00  INFO 50881 --- [r-event-handler] k.c.group.GroupMetadataManager           : [GroupMetadataManager brokerId=0] Scheduling unloading of offsets and group metadata from __consumer_offsets-28
2025-10-05T19:24:16.633-04:00  INFO 50881 --- [r-event-handler] k.coordinator.group.GroupCoordinator     : [GroupCoordinator 0]: Resigned as the group coordinator for partition 7 in epoch OptionalInt[1]
2025-10-05T19:24:16.633-04:00  INFO 50881 --- [r-event-handler] k.c.group.GroupMetadataManager           : [GroupMetadataManager brokerId=0] Scheduling unloading of offsets and group metadata from __consumer_offsets-7
2025-10-05T19:24:16.634-04:00  INFO 50881 --- [adata-manager-0] k.c.group.GroupMetadataManager           : [GroupMetadataManager brokerId=0] Finished unloading __consumer_offsets-20 for coordinator epoch OptionalInt[1]. Removed 1 cached offsets and 1 cached groups.
2025-10-05T19:24:16.634-04:00  INFO 50881 --- [adata-manager-0] k.c.group.GroupMetadataManager           : [GroupMetadataManager brokerId=0] Finished unloading __consumer_offsets-49 for coordinator epoch OptionalInt[1]. Removed 0 cached offsets and 0 cached groups.
2025-10-05T19:24:16.634-04:00  INFO 50881 --- [adata-manager-0] k.c.group.GroupMetadataManager           : [GroupMetadataManager brokerId=0] Finished unloading __consumer_offsets-0 for coordinator epoch OptionalInt[1]. Removed 0 cached offsets and 0 cached groups.
2025-10-05T19:24:16.634-04:00  INFO 50881 --- [adata-manager-0] k.c.group.GroupMetadataManager           : [GroupMetadataManager brokerId=0] Finished unloading __consumer_offsets-29 for coordinator epoch OptionalInt[1]. Removed 0 cached offsets and 0 cached groups.
2025-10-05T19:24:16.634-04:00  INFO 50881 --- [adata-manager-0] k.c.group.GroupMetadataManager           : [GroupMetadataManager brokerId=0] Finished unloading __consumer_offsets-25 for coordinator epoch OptionalInt[1]. Removed 0 cached offsets and 0 cached groups.
2025-10-05T19:24:16.635-04:00  INFO 50881 --- [adata-manager-0] k.c.group.GroupMetadataManager           : [GroupMetadataManager brokerId=0] Finished unloading __consumer_offsets-8 for coordinator epoch OptionalInt[1]. Removed 0 cached offsets and 0 cached groups.
2025-10-05T19:24:16.635-04:00  INFO 50881 --- [r-event-handler] k.coordinator.group.GroupCoordinator     : [GroupCoordinator 0]: Resigned as the group coordinator for partition 40 in epoch OptionalInt[1]
2025-10-05T19:24:16.635-04:00  INFO 50881 --- [r-event-handler] k.c.group.GroupMetadataManager           : [GroupMetadataManager brokerId=0] Scheduling unloading of offsets and group metadata from __consumer_offsets-40
2025-10-05T19:24:16.635-04:00  INFO 50881 --- [r-event-handler] k.coordinator.group.GroupCoordinator     : [GroupCoordinator 0]: Resigned as the group coordinator for partition 3 in epoch OptionalInt[1]
2025-10-05T19:24:16.635-04:00  INFO 50881 --- [adata-manager-0] k.c.group.GroupMetadataManager           : [GroupMetadataManager brokerId=0] Finished unloading __consumer_offsets-37 for coordinator epoch OptionalInt[1]. Removed 0 cached offsets and 0 cached groups.
2025-10-05T19:24:16.635-04:00  INFO 50881 --- [adata-manager-0] k.c.group.GroupMetadataManager           : [GroupMetadataManager brokerId=0] Finished unloading __consumer_offsets-4 for coordinator epoch OptionalInt[1]. Removed 0 cached offsets and 0 cached groups.
2025-10-05T19:24:16.635-04:00  INFO 50881 --- [adata-manager-0] k.c.group.GroupMetadataManager           : [GroupMetadataManager brokerId=0] Finished unloading __consumer_offsets-33 for coordinator epoch OptionalInt[1]. Removed 0 cached offsets and 0 cached groups.
2025-10-05T19:24:16.635-04:00  INFO 50881 --- [adata-manager-0] k.c.group.GroupMetadataManager           : [GroupMetadataManager brokerId=0] Finished unloading __consumer_offsets-15 for coordinator epoch OptionalInt[1]. Removed 0 cached offsets and 0 cached groups.
2025-10-05T19:24:16.635-04:00  INFO 50881 --- [adata-manager-0] k.c.group.GroupMetadataManager           : [GroupMetadataManager brokerId=0] Finished unloading __consumer_offsets-48 for coordinator epoch OptionalInt[1]. Removed 0 cached offsets and 0 cached groups.
2025-10-05T19:24:16.635-04:00  INFO 50881 --- [adata-manager-0] k.c.group.GroupMetadataManager           : [GroupMetadataManager brokerId=0] Finished unloading __consumer_offsets-11 for coordinator epoch OptionalInt[1]. Removed 0 cached offsets and 0 cached groups.
2025-10-05T19:24:16.635-04:00  INFO 50881 --- [adata-manager-0] k.c.group.GroupMetadataManager           : [GroupMetadataManager brokerId=0] Finished unloading __consumer_offsets-44 for coordinator epoch OptionalInt[1]. Removed 0 cached offsets and 0 cached groups.
2025-10-05T19:24:16.635-04:00  INFO 50881 --- [adata-manager-0] k.c.group.GroupMetadataManager           : [GroupMetadataManager brokerId=0] Finished unloading __consumer_offsets-23 for coordinator epoch OptionalInt[1]. Removed 0 cached offsets and 0 cached groups.
2025-10-05T19:24:16.635-04:00  INFO 50881 --- [adata-manager-0] k.c.group.GroupMetadataManager           : [GroupMetadataManager brokerId=0] Finished unloading __consumer_offsets-19 for coordinator epoch OptionalInt[1]. Removed 0 cached offsets and 0 cached groups.
2025-10-05T19:24:16.636-04:00  INFO 50881 --- [adata-manager-0] k.c.group.GroupMetadataManager           : [GroupMetadataManager brokerId=0] Finished unloading __consumer_offsets-32 for coordinator epoch OptionalInt[1]. Removed 0 cached offsets and 0 cached groups.
2025-10-05T19:24:16.636-04:00  INFO 50881 --- [adata-manager-0] k.c.group.GroupMetadataManager           : [GroupMetadataManager brokerId=0] Finished unloading __consumer_offsets-28 for coordinator epoch OptionalInt[1]. Removed 0 cached offsets and 0 cached groups.
2025-10-05T19:24:16.636-04:00  INFO 50881 --- [adata-manager-0] k.c.group.GroupMetadataManager           : [GroupMetadataManager brokerId=0] Finished unloading __consumer_offsets-7 for coordinator epoch OptionalInt[1]. Removed 0 cached offsets and 0 cached groups.
2025-10-05T19:24:16.636-04:00  INFO 50881 --- [adata-manager-0] k.c.group.GroupMetadataManager           : [GroupMetadataManager brokerId=0] Finished unloading __consumer_offsets-40 for coordinator epoch OptionalInt[1]. Removed 0 cached offsets and 0 cached groups.
2025-10-05T19:24:16.635-04:00  INFO 50881 --- [r-event-handler] k.c.group.GroupMetadataManager           : [GroupMetadataManager brokerId=0] Scheduling unloading of offsets and group metadata from __consumer_offsets-3
2025-10-05T19:24:16.636-04:00  INFO 50881 --- [adata-manager-0] k.c.group.GroupMetadataManager           : [GroupMetadataManager brokerId=0] Finished unloading __consumer_offsets-3 for coordinator epoch OptionalInt[1]. Removed 0 cached offsets and 0 cached groups.
2025-10-05T19:24:16.636-04:00  INFO 50881 --- [r-event-handler] k.coordinator.group.GroupCoordinator     : [GroupCoordinator 0]: Resigned as the group coordinator for partition 36 in epoch OptionalInt[1]
2025-10-05T19:24:16.636-04:00  INFO 50881 --- [r-event-handler] k.c.group.GroupMetadataManager           : [GroupMetadataManager brokerId=0] Scheduling unloading of offsets and group metadata from __consumer_offsets-36
2025-10-05T19:24:16.636-04:00  INFO 50881 --- [adata-manager-0] k.c.group.GroupMetadataManager           : [GroupMetadataManager brokerId=0] Finished unloading __consumer_offsets-36 for coordinator epoch OptionalInt[1]. Removed 0 cached offsets and 0 cached groups.
2025-10-05T19:24:16.636-04:00  INFO 50881 --- [r-event-handler] k.coordinator.group.GroupCoordinator     : [GroupCoordinator 0]: Resigned as the group coordinator for partition 47 in epoch OptionalInt[1]
2025-10-05T19:24:16.637-04:00  INFO 50881 --- [r-event-handler] k.c.group.GroupMetadataManager           : [GroupMetadataManager brokerId=0] Scheduling unloading of offsets and group metadata from __consumer_offsets-47
2025-10-05T19:24:16.637-04:00  INFO 50881 --- [adata-manager-0] k.c.group.GroupMetadataManager           : [GroupMetadataManager brokerId=0] Finished unloading __consumer_offsets-47 for coordinator epoch OptionalInt[1]. Removed 0 cached offsets and 0 cached groups.
2025-10-05T19:24:16.637-04:00  INFO 50881 --- [r-event-handler] k.coordinator.group.GroupCoordinator     : [GroupCoordinator 0]: Resigned as the group coordinator for partition 14 in epoch OptionalInt[1]
2025-10-05T19:24:16.637-04:00  INFO 50881 --- [r-event-handler] k.c.group.GroupMetadataManager           : [GroupMetadataManager brokerId=0] Scheduling unloading of offsets and group metadata from __consumer_offsets-14
2025-10-05T19:24:16.637-04:00  INFO 50881 --- [adata-manager-0] k.c.group.GroupMetadataManager           : [GroupMetadataManager brokerId=0] Finished unloading __consumer_offsets-14 for coordinator epoch OptionalInt[1]. Removed 0 cached offsets and 0 cached groups.
2025-10-05T19:24:16.637-04:00  INFO 50881 --- [r-event-handler] k.coordinator.group.GroupCoordinator     : [GroupCoordinator 0]: Resigned as the group coordinator for partition 43 in epoch OptionalInt[1]
2025-10-05T19:24:16.637-04:00  INFO 50881 --- [r-event-handler] k.c.group.GroupMetadataManager           : [GroupMetadataManager brokerId=0] Scheduling unloading of offsets and group metadata from __consumer_offsets-43
2025-10-05T19:24:16.637-04:00  INFO 50881 --- [adata-manager-0] k.c.group.GroupMetadataManager           : [GroupMetadataManager brokerId=0] Finished unloading __consumer_offsets-43 for coordinator epoch OptionalInt[1]. Removed 0 cached offsets and 0 cached groups.
2025-10-05T19:24:16.638-04:00  INFO 50881 --- [r-event-handler] k.coordinator.group.GroupCoordinator     : [GroupCoordinator 0]: Resigned as the group coordinator for partition 10 in epoch OptionalInt[1]
2025-10-05T19:24:16.638-04:00  INFO 50881 --- [r-event-handler] k.c.group.GroupMetadataManager           : [GroupMetadataManager brokerId=0] Scheduling unloading of offsets and group metadata from __consumer_offsets-10
2025-10-05T19:24:16.638-04:00  INFO 50881 --- [adata-manager-0] k.c.group.GroupMetadataManager           : [GroupMetadataManager brokerId=0] Finished unloading __consumer_offsets-10 for coordinator epoch OptionalInt[1]. Removed 0 cached offsets and 0 cached groups.
2025-10-05T19:24:16.638-04:00  INFO 50881 --- [r-event-handler] k.coordinator.group.GroupCoordinator     : [GroupCoordinator 0]: Resigned as the group coordinator for partition 22 in epoch OptionalInt[1]
2025-10-05T19:24:16.638-04:00  INFO 50881 --- [r-event-handler] k.c.group.GroupMetadataManager           : [GroupMetadataManager brokerId=0] Scheduling unloading of offsets and group metadata from __consumer_offsets-22
2025-10-05T19:24:16.638-04:00  INFO 50881 --- [adata-manager-0] k.c.group.GroupMetadataManager           : [GroupMetadataManager brokerId=0] Finished unloading __consumer_offsets-22 for coordinator epoch OptionalInt[1]. Removed 0 cached offsets and 0 cached groups.
2025-10-05T19:24:16.639-04:00  INFO 50881 --- [r-event-handler] k.coordinator.group.GroupCoordinator     : [GroupCoordinator 0]: Resigned as the group coordinator for partition 18 in epoch OptionalInt[1]
2025-10-05T19:24:16.639-04:00  INFO 50881 --- [r-event-handler] k.c.group.GroupMetadataManager           : [GroupMetadataManager brokerId=0] Scheduling unloading of offsets and group metadata from __consumer_offsets-18
2025-10-05T19:24:16.639-04:00  INFO 50881 --- [r-event-handler] k.coordinator.group.GroupCoordinator     : [GroupCoordinator 0]: Resigned as the group coordinator for partition 31 in epoch OptionalInt[1]
2025-10-05T19:24:16.639-04:00  INFO 50881 --- [adata-manager-0] k.c.group.GroupMetadataManager           : [GroupMetadataManager brokerId=0] Finished unloading __consumer_offsets-18 for coordinator epoch OptionalInt[1]. Removed 0 cached offsets and 0 cached groups.
2025-10-05T19:24:16.639-04:00  INFO 50881 --- [r-event-handler] k.c.group.GroupMetadataManager           : [GroupMetadataManager brokerId=0] Scheduling unloading of offsets and group metadata from __consumer_offsets-31
2025-10-05T19:24:16.639-04:00  INFO 50881 --- [adata-manager-0] k.c.group.GroupMetadataManager           : [GroupMetadataManager brokerId=0] Finished unloading __consumer_offsets-31 for coordinator epoch OptionalInt[1]. Removed 0 cached offsets and 0 cached groups.
2025-10-05T19:24:16.639-04:00  INFO 50881 --- [r-event-handler] k.coordinator.group.GroupCoordinator     : [GroupCoordinator 0]: Resigned as the group coordinator for partition 27 in epoch OptionalInt[1]
2025-10-05T19:24:16.639-04:00  INFO 50881 --- [r-event-handler] k.c.group.GroupMetadataManager           : [GroupMetadataManager brokerId=0] Scheduling unloading of offsets and group metadata from __consumer_offsets-27
2025-10-05T19:24:16.639-04:00  INFO 50881 --- [adata-manager-0] k.c.group.GroupMetadataManager           : [GroupMetadataManager brokerId=0] Finished unloading __consumer_offsets-27 for coordinator epoch OptionalInt[1]. Removed 0 cached offsets and 0 cached groups.
2025-10-05T19:24:16.639-04:00  INFO 50881 --- [r-event-handler] k.coordinator.group.GroupCoordinator     : [GroupCoordinator 0]: Resigned as the group coordinator for partition 39 in epoch OptionalInt[1]
2025-10-05T19:24:16.639-04:00  INFO 50881 --- [r-event-handler] k.c.group.GroupMetadataManager           : [GroupMetadataManager brokerId=0] Scheduling unloading of offsets and group metadata from __consumer_offsets-39
2025-10-05T19:24:16.640-04:00  INFO 50881 --- [adata-manager-0] k.c.group.GroupMetadataManager           : [GroupMetadataManager brokerId=0] Finished unloading __consumer_offsets-39 for coordinator epoch OptionalInt[1]. Removed 0 cached offsets and 0 cached groups.
2025-10-05T19:24:16.640-04:00  INFO 50881 --- [r-event-handler] k.coordinator.group.GroupCoordinator     : [GroupCoordinator 0]: Resigned as the group coordinator for partition 6 in epoch OptionalInt[1]
2025-10-05T19:24:16.640-04:00  INFO 50881 --- [r-event-handler] k.c.group.GroupMetadataManager           : [GroupMetadataManager brokerId=0] Scheduling unloading of offsets and group metadata from __consumer_offsets-6
2025-10-05T19:24:16.640-04:00  INFO 50881 --- [adata-manager-0] k.c.group.GroupMetadataManager           : [GroupMetadataManager brokerId=0] Finished unloading __consumer_offsets-6 for coordinator epoch OptionalInt[1]. Removed 0 cached offsets and 0 cached groups.
2025-10-05T19:24:16.640-04:00  INFO 50881 --- [r-event-handler] k.coordinator.group.GroupCoordinator     : [GroupCoordinator 0]: Resigned as the group coordinator for partition 35 in epoch OptionalInt[1]
2025-10-05T19:24:16.640-04:00  INFO 50881 --- [r-event-handler] k.c.group.GroupMetadataManager           : [GroupMetadataManager brokerId=0] Scheduling unloading of offsets and group metadata from __consumer_offsets-35
2025-10-05T19:24:16.640-04:00  INFO 50881 --- [adata-manager-0] k.c.group.GroupMetadataManager           : [GroupMetadataManager brokerId=0] Finished unloading __consumer_offsets-35 for coordinator epoch OptionalInt[1]. Removed 0 cached offsets and 0 cached groups.
2025-10-05T19:24:16.641-04:00  INFO 50881 --- [r-event-handler] k.coordinator.group.GroupCoordinator     : [GroupCoordinator 0]: Resigned as the group coordinator for partition 2 in epoch OptionalInt[1]
2025-10-05T19:24:16.641-04:00  INFO 50881 --- [r-event-handler] k.c.group.GroupMetadataManager           : [GroupMetadataManager brokerId=0] Scheduling unloading of offsets and group metadata from __consumer_offsets-2
2025-10-05T19:24:16.641-04:00  INFO 50881 --- [adata-manager-0] k.c.group.GroupMetadataManager           : [GroupMetadataManager brokerId=0] Finished unloading __consumer_offsets-2 for coordinator epoch OptionalInt[1]. Removed 0 cached offsets and 0 cached groups.
2025-10-05T19:24:16.642-04:00  INFO 50881 --- [r-event-handler] state.change.logger                      : [Broker id=0] Transitioning 51 partition(s) to local leaders.
2025-10-05T19:24:16.642-04:00  INFO 50881 --- [r-event-handler] kafka.server.ReplicaFetcherManager       : [ReplicaFetcherManager on broker 0] Removed fetcher for partitions Set(__consumer_offsets-13, __consumer_offsets-46, __consumer_offsets-9, __consumer_offsets-42, __consumer_offsets-21, __consumer_offsets-17, __consumer_offsets-30, __consumer_offsets-26, __consumer_offsets-5, __consumer_offsets-38, __consumer_offsets-1, __consumer_offsets-34, __consumer_offsets-16, __consumer_offsets-45, __consumer_offsets-12, __consumer_offsets-41, __consumer_offsets-24, __consumer_offsets-20, __consumer_offsets-49, __consumer_offsets-0, __consumer_offsets-29, __consumer_offsets-25, __consumer_offsets-8, __consumer_offsets-37, __consumer_offsets-4, __consumer_offsets-33, __consumer_offsets-15, __consumer_offsets-48, __consumer_offsets-11, __consumer_offsets-44, __consumer_offsets-23, __consumer_offsets-19, __consumer_offsets-32, test-topic-0, __consumer_offsets-28, __consumer_offsets-7, __consumer_offsets-40, __consumer_offsets-3, __consumer_offsets-36, __consumer_offsets-47, __consumer_offsets-14, __consumer_offsets-43, __consumer_offsets-10, __consumer_offsets-22, __consumer_offsets-18, __consumer_offsets-31, __consumer_offsets-27, __consumer_offsets-39, __consumer_offsets-6, __consumer_offsets-35, __consumer_offsets-2)
2025-10-05T19:24:16.646-04:00  INFO 50881 --- [r-event-handler] state.change.logger                      : [Broker id=0] Leader __consumer_offsets-13 with topic id Some(MfDJ1SpQRIaxyQGo6LVcpQ) starts at leader epoch 2 from offset 0 with partition epoch 2, high watermark 0, ISR [0], adding replicas [] and removing replicas [] . Previous leader Some(-1) and previous leader epoch was 1.
2025-10-05T19:24:16.665-04:00  INFO 50881 --- [r-event-handler] state.change.logger                      : [Broker id=0] Leader __consumer_offsets-46 with topic id Some(MfDJ1SpQRIaxyQGo6LVcpQ) starts at leader epoch 2 from offset 0 with partition epoch 2, high watermark 0, ISR [0], adding replicas [] and removing replicas [] . Previous leader Some(-1) and previous leader epoch was 1.
2025-10-05T19:24:16.681-04:00  INFO 50881 --- [r-event-handler] state.change.logger                      : [Broker id=0] Leader __consumer_offsets-9 with topic id Some(MfDJ1SpQRIaxyQGo6LVcpQ) starts at leader epoch 2 from offset 0 with partition epoch 2, high watermark 0, ISR [0], adding replicas [] and removing replicas [] . Previous leader Some(-1) and previous leader epoch was 1.
2025-10-05T19:24:16.719-04:00  INFO 50881 --- [r-event-handler] state.change.logger                      : [Broker id=0] Leader __consumer_offsets-42 with topic id Some(MfDJ1SpQRIaxyQGo6LVcpQ) starts at leader epoch 2 from offset 0 with partition epoch 2, high watermark 0, ISR [0], adding replicas [] and removing replicas [] . Previous leader Some(-1) and previous leader epoch was 1.
2025-10-05T19:24:16.737-04:00  INFO 50881 --- [r-event-handler] state.change.logger                      : [Broker id=0] Leader __consumer_offsets-21 with topic id Some(MfDJ1SpQRIaxyQGo6LVcpQ) starts at leader epoch 2 from offset 0 with partition epoch 2, high watermark 0, ISR [0], adding replicas [] and removing replicas [] . Previous leader Some(-1) and previous leader epoch was 1.
2025-10-05T19:24:16.762-04:00  INFO 50881 --- [r-event-handler] state.change.logger                      : [Broker id=0] Leader __consumer_offsets-17 with topic id Some(MfDJ1SpQRIaxyQGo6LVcpQ) starts at leader epoch 2 from offset 0 with partition epoch 2, high watermark 0, ISR [0], adding replicas [] and removing replicas [] . Previous leader Some(-1) and previous leader epoch was 1.
2025-10-05T19:24:16.778-04:00  INFO 50881 --- [r-event-handler] state.change.logger                      : [Broker id=0] Leader __consumer_offsets-30 with topic id Some(MfDJ1SpQRIaxyQGo6LVcpQ) starts at leader epoch 2 from offset 0 with partition epoch 2, high watermark 0, ISR [0], adding replicas [] and removing replicas [] . Previous leader Some(-1) and previous leader epoch was 1.
2025-10-05T19:24:16.790-04:00  INFO 50881 --- [r-event-handler] state.change.logger                      : [Broker id=0] Leader __consumer_offsets-26 with topic id Some(MfDJ1SpQRIaxyQGo6LVcpQ) starts at leader epoch 2 from offset 0 with partition epoch 2, high watermark 0, ISR [0], adding replicas [] and removing replicas [] . Previous leader Some(-1) and previous leader epoch was 1.
2025-10-05T19:24:16.806-04:00  INFO 50881 --- [r-event-handler] state.change.logger                      : [Broker id=0] Leader __consumer_offsets-5 with topic id Some(MfDJ1SpQRIaxyQGo6LVcpQ) starts at leader epoch 2 from offset 0 with partition epoch 2, high watermark 0, ISR [0], adding replicas [] and removing replicas [] . Previous leader Some(-1) and previous leader epoch was 1.
2025-10-05T19:24:16.826-04:00  INFO 50881 --- [r-event-handler] state.change.logger                      : [Broker id=0] Leader __consumer_offsets-38 with topic id Some(MfDJ1SpQRIaxyQGo6LVcpQ) starts at leader epoch 2 from offset 0 with partition epoch 2, high watermark 0, ISR [0], adding replicas [] and removing replicas [] . Previous leader Some(-1) and previous leader epoch was 1.
2025-10-05T19:24:16.843-04:00  INFO 50881 --- [r-event-handler] state.change.logger                      : [Broker id=0] Leader __consumer_offsets-1 with topic id Some(MfDJ1SpQRIaxyQGo6LVcpQ) starts at leader epoch 2 from offset 0 with partition epoch 2, high watermark 0, ISR [0], adding replicas [] and removing replicas [] . Previous leader Some(-1) and previous leader epoch was 1.
2025-10-05T19:24:16.874-04:00  INFO 50881 --- [r-event-handler] state.change.logger                      : [Broker id=0] Leader __consumer_offsets-34 with topic id Some(MfDJ1SpQRIaxyQGo6LVcpQ) starts at leader epoch 2 from offset 0 with partition epoch 2, high watermark 0, ISR [0], adding replicas [] and removing replicas [] . Previous leader Some(-1) and previous leader epoch was 1.
2025-10-05T19:24:16.927-04:00  INFO 50881 --- [r-event-handler] state.change.logger                      : [Broker id=0] Leader __consumer_offsets-16 with topic id Some(MfDJ1SpQRIaxyQGo6LVcpQ) starts at leader epoch 2 from offset 0 with partition epoch 2, high watermark 0, ISR [0], adding replicas [] and removing replicas [] . Previous leader Some(-1) and previous leader epoch was 1.
2025-10-05T19:24:16.941-04:00  INFO 50881 --- [r-event-handler] state.change.logger                      : [Broker id=0] Leader __consumer_offsets-45 with topic id Some(MfDJ1SpQRIaxyQGo6LVcpQ) starts at leader epoch 2 from offset 0 with partition epoch 2, high watermark 0, ISR [0], adding replicas [] and removing replicas [] . Previous leader Some(-1) and previous leader epoch was 1.
2025-10-05T19:24:16.955-04:00  INFO 50881 --- [r-event-handler] state.change.logger                      : [Broker id=0] Leader __consumer_offsets-12 with topic id Some(MfDJ1SpQRIaxyQGo6LVcpQ) starts at leader epoch 2 from offset 0 with partition epoch 2, high watermark 0, ISR [0], adding replicas [] and removing replicas [] . Previous leader Some(-1) and previous leader epoch was 1.
2025-10-05T19:24:16.980-04:00  INFO 50881 --- [r-event-handler] state.change.logger                      : [Broker id=0] Leader __consumer_offsets-41 with topic id Some(MfDJ1SpQRIaxyQGo6LVcpQ) starts at leader epoch 2 from offset 0 with partition epoch 2, high watermark 0, ISR [0], adding replicas [] and removing replicas [] . Previous leader Some(-1) and previous leader epoch was 1.
2025-10-05T19:24:16.994-04:00  INFO 50881 --- [r-event-handler] state.change.logger                      : [Broker id=0] Leader __consumer_offsets-24 with topic id Some(MfDJ1SpQRIaxyQGo6LVcpQ) starts at leader epoch 2 from offset 0 with partition epoch 2, high watermark 0, ISR [0], adding replicas [] and removing replicas [] . Previous leader Some(-1) and previous leader epoch was 1.
2025-10-05T19:24:17.008-04:00  INFO 50881 --- [r-event-handler] state.change.logger                      : [Broker id=0] Leader __consumer_offsets-20 with topic id Some(MfDJ1SpQRIaxyQGo6LVcpQ) starts at leader epoch 2 from offset 2 with partition epoch 2, high watermark 2, ISR [0], adding replicas [] and removing replicas [] . Previous leader Some(-1) and previous leader epoch was 1.
2025-10-05T19:24:17.022-04:00  INFO 50881 --- [r-event-handler] state.change.logger                      : [Broker id=0] Leader __consumer_offsets-49 with topic id Some(MfDJ1SpQRIaxyQGo6LVcpQ) starts at leader epoch 2 from offset 0 with partition epoch 2, high watermark 0, ISR [0], adding replicas [] and removing replicas [] . Previous leader Some(-1) and previous leader epoch was 1.
2025-10-05T19:24:17.034-04:00  INFO 50881 --- [r-event-handler] state.change.logger                      : [Broker id=0] Leader __consumer_offsets-0 with topic id Some(MfDJ1SpQRIaxyQGo6LVcpQ) starts at leader epoch 2 from offset 0 with partition epoch 2, high watermark 0, ISR [0], adding replicas [] and removing replicas [] . Previous leader Some(-1) and previous leader epoch was 1.
2025-10-05T19:24:17.049-04:00  INFO 50881 --- [r-event-handler] state.change.logger                      : [Broker id=0] Leader __consumer_offsets-29 with topic id Some(MfDJ1SpQRIaxyQGo6LVcpQ) starts at leader epoch 2 from offset 0 with partition epoch 2, high watermark 0, ISR [0], adding replicas [] and removing replicas [] . Previous leader Some(-1) and previous leader epoch was 1.
2025-10-05T19:24:17.065-04:00  INFO 50881 --- [r-event-handler] state.change.logger                      : [Broker id=0] Leader __consumer_offsets-25 with topic id Some(MfDJ1SpQRIaxyQGo6LVcpQ) starts at leader epoch 2 from offset 0 with partition epoch 2, high watermark 0, ISR [0], adding replicas [] and removing replicas [] . Previous leader Some(-1) and previous leader epoch was 1.
2025-10-05T19:24:17.078-04:00  INFO 50881 --- [r-event-handler] state.change.logger                      : [Broker id=0] Leader __consumer_offsets-8 with topic id Some(MfDJ1SpQRIaxyQGo6LVcpQ) starts at leader epoch 2 from offset 0 with partition epoch 2, high watermark 0, ISR [0], adding replicas [] and removing replicas [] . Previous leader Some(-1) and previous leader epoch was 1.
2025-10-05T19:24:17.091-04:00  INFO 50881 --- [r-event-handler] state.change.logger                      : [Broker id=0] Leader __consumer_offsets-37 with topic id Some(MfDJ1SpQRIaxyQGo6LVcpQ) starts at leader epoch 2 from offset 0 with partition epoch 2, high watermark 0, ISR [0], adding replicas [] and removing replicas [] . Previous leader Some(-1) and previous leader epoch was 1.
2025-10-05T19:24:17.108-04:00  INFO 50881 --- [r-event-handler] state.change.logger                      : [Broker id=0] Leader __consumer_offsets-4 with topic id Some(MfDJ1SpQRIaxyQGo6LVcpQ) starts at leader epoch 2 from offset 0 with partition epoch 2, high watermark 0, ISR [0], adding replicas [] and removing replicas [] . Previous leader Some(-1) and previous leader epoch was 1.
2025-10-05T19:24:17.144-04:00  INFO 50881 --- [r-event-handler] state.change.logger                      : [Broker id=0] Leader __consumer_offsets-33 with topic id Some(MfDJ1SpQRIaxyQGo6LVcpQ) starts at leader epoch 2 from offset 0 with partition epoch 2, high watermark 0, ISR [0], adding replicas [] and removing replicas [] . Previous leader Some(-1) and previous leader epoch was 1.
2025-10-05T19:24:17.170-04:00  INFO 50881 --- [r-event-handler] state.change.logger                      : [Broker id=0] Leader __consumer_offsets-15 with topic id Some(MfDJ1SpQRIaxyQGo6LVcpQ) starts at leader epoch 2 from offset 0 with partition epoch 2, high watermark 0, ISR [0], adding replicas [] and removing replicas [] . Previous leader Some(-1) and previous leader epoch was 1.
2025-10-05T19:24:17.271-04:00  INFO 50881 --- [r-event-handler] state.change.logger                      : [Broker id=0] Leader __consumer_offsets-48 with topic id Some(MfDJ1SpQRIaxyQGo6LVcpQ) starts at leader epoch 2 from offset 0 with partition epoch 2, high watermark 0, ISR [0], adding replicas [] and removing replicas [] . Previous leader Some(-1) and previous leader epoch was 1.
2025-10-05T19:24:17.305-04:00  INFO 50881 --- [r-event-handler] state.change.logger                      : [Broker id=0] Leader __consumer_offsets-11 with topic id Some(MfDJ1SpQRIaxyQGo6LVcpQ) starts at leader epoch 2 from offset 0 with partition epoch 2, high watermark 0, ISR [0], adding replicas [] and removing replicas [] . Previous leader Some(-1) and previous leader epoch was 1.
2025-10-05T19:24:17.320-04:00  INFO 50881 --- [r-event-handler] state.change.logger                      : [Broker id=0] Leader __consumer_offsets-44 with topic id Some(MfDJ1SpQRIaxyQGo6LVcpQ) starts at leader epoch 2 from offset 0 with partition epoch 2, high watermark 0, ISR [0], adding replicas [] and removing replicas [] . Previous leader Some(-1) and previous leader epoch was 1.
2025-10-05T19:24:17.378-04:00  INFO 50881 --- [r-event-handler] state.change.logger                      : [Broker id=0] Leader __consumer_offsets-23 with topic id Some(MfDJ1SpQRIaxyQGo6LVcpQ) starts at leader epoch 2 from offset 0 with partition epoch 2, high watermark 0, ISR [0], adding replicas [] and removing replicas [] . Previous leader Some(-1) and previous leader epoch was 1.
2025-10-05T19:24:17.396-04:00  INFO 50881 --- [r-event-handler] state.change.logger                      : [Broker id=0] Leader __consumer_offsets-19 with topic id Some(MfDJ1SpQRIaxyQGo6LVcpQ) starts at leader epoch 2 from offset 0 with partition epoch 2, high watermark 0, ISR [0], adding replicas [] and removing replicas [] . Previous leader Some(-1) and previous leader epoch was 1.
2025-10-05T19:24:17.493-04:00  INFO 50881 --- [r-event-handler] state.change.logger                      : [Broker id=0] Leader __consumer_offsets-32 with topic id Some(MfDJ1SpQRIaxyQGo6LVcpQ) starts at leader epoch 2 from offset 0 with partition epoch 2, high watermark 0, ISR [0], adding replicas [] and removing replicas [] . Previous leader Some(-1) and previous leader epoch was 1.
2025-10-05T19:24:17.504-04:00  INFO 50881 --- [r-event-handler] state.change.logger                      : [Broker id=0] Leader test-topic-0 with topic id Some(ebDSyiGXT3qfZt5l9-wuXA) starts at leader epoch 2 from offset 22 with partition epoch 2, high watermark 22, ISR [0], adding replicas [] and removing replicas [] . Previous leader Some(-1) and previous leader epoch was 1.
2025-10-05T19:24:17.515-04:00  INFO 50881 --- [r-event-handler] state.change.logger                      : [Broker id=0] Leader __consumer_offsets-28 with topic id Some(MfDJ1SpQRIaxyQGo6LVcpQ) starts at leader epoch 2 from offset 0 with partition epoch 2, high watermark 0, ISR [0], adding replicas [] and removing replicas [] . Previous leader Some(-1) and previous leader epoch was 1.
2025-10-05T19:24:17.531-04:00  INFO 50881 --- [r-event-handler] state.change.logger                      : [Broker id=0] Leader __consumer_offsets-7 with topic id Some(MfDJ1SpQRIaxyQGo6LVcpQ) starts at leader epoch 2 from offset 0 with partition epoch 2, high watermark 0, ISR [0], adding replicas [] and removing replicas [] . Previous leader Some(-1) and previous leader epoch was 1.
2025-10-05T19:24:17.545-04:00  INFO 50881 --- [r-event-handler] state.change.logger                      : [Broker id=0] Leader __consumer_offsets-40 with topic id Some(MfDJ1SpQRIaxyQGo6LVcpQ) starts at leader epoch 2 from offset 0 with partition epoch 2, high watermark 0, ISR [0], adding replicas [] and removing replicas [] . Previous leader Some(-1) and previous leader epoch was 1.
2025-10-05T19:24:17.560-04:00  INFO 50881 --- [r-event-handler] state.change.logger                      : [Broker id=0] Leader __consumer_offsets-3 with topic id Some(MfDJ1SpQRIaxyQGo6LVcpQ) starts at leader epoch 2 from offset 0 with partition epoch 2, high watermark 0, ISR [0], adding replicas [] and removing replicas [] . Previous leader Some(-1) and previous leader epoch was 1.
2025-10-05T19:24:17.577-04:00  INFO 50881 --- [r-event-handler] state.change.logger                      : [Broker id=0] Leader __consumer_offsets-36 with topic id Some(MfDJ1SpQRIaxyQGo6LVcpQ) starts at leader epoch 2 from offset 0 with partition epoch 2, high watermark 0, ISR [0], adding replicas [] and removing replicas [] . Previous leader Some(-1) and previous leader epoch was 1.
2025-10-05T19:24:17.592-04:00  INFO 50881 --- [r-event-handler] state.change.logger                      : [Broker id=0] Leader __consumer_offsets-47 with topic id Some(MfDJ1SpQRIaxyQGo6LVcpQ) starts at leader epoch 2 from offset 0 with partition epoch 2, high watermark 0, ISR [0], adding replicas [] and removing replicas [] . Previous leader Some(-1) and previous leader epoch was 1.
2025-10-05T19:24:17.605-04:00  INFO 50881 --- [r-event-handler] state.change.logger                      : [Broker id=0] Leader __consumer_offsets-14 with topic id Some(MfDJ1SpQRIaxyQGo6LVcpQ) starts at leader epoch 2 from offset 0 with partition epoch 2, high watermark 0, ISR [0], adding replicas [] and removing replicas [] . Previous leader Some(-1) and previous leader epoch was 1.
2025-10-05T19:24:17.617-04:00  INFO 50881 --- [r-event-handler] state.change.logger                      : [Broker id=0] Leader __consumer_offsets-43 with topic id Some(MfDJ1SpQRIaxyQGo6LVcpQ) starts at leader epoch 2 from offset 0 with partition epoch 2, high watermark 0, ISR [0], adding replicas [] and removing replicas [] . Previous leader Some(-1) and previous leader epoch was 1.
2025-10-05T19:24:17.627-04:00  INFO 50881 --- [r-event-handler] state.change.logger                      : [Broker id=0] Leader __consumer_offsets-10 with topic id Some(MfDJ1SpQRIaxyQGo6LVcpQ) starts at leader epoch 2 from offset 0 with partition epoch 2, high watermark 0, ISR [0], adding replicas [] and removing replicas [] . Previous leader Some(-1) and previous leader epoch was 1.
2025-10-05T19:24:17.642-04:00  INFO 50881 --- [r-event-handler] state.change.logger                      : [Broker id=0] Leader __consumer_offsets-22 with topic id Some(MfDJ1SpQRIaxyQGo6LVcpQ) starts at leader epoch 2 from offset 0 with partition epoch 2, high watermark 0, ISR [0], adding replicas [] and removing replicas [] . Previous leader Some(-1) and previous leader epoch was 1.
2025-10-05T19:24:17.656-04:00  INFO 50881 --- [r-event-handler] state.change.logger                      : [Broker id=0] Leader __consumer_offsets-18 with topic id Some(MfDJ1SpQRIaxyQGo6LVcpQ) starts at leader epoch 2 from offset 0 with partition epoch 2, high watermark 0, ISR [0], adding replicas [] and removing replicas [] . Previous leader Some(-1) and previous leader epoch was 1.
2025-10-05T19:24:17.670-04:00  INFO 50881 --- [r-event-handler] state.change.logger                      : [Broker id=0] Leader __consumer_offsets-31 with topic id Some(MfDJ1SpQRIaxyQGo6LVcpQ) starts at leader epoch 2 from offset 0 with partition epoch 2, high watermark 0, ISR [0], adding replicas [] and removing replicas [] . Previous leader Some(-1) and previous leader epoch was 1.
2025-10-05T19:24:17.685-04:00  INFO 50881 --- [r-event-handler] state.change.logger                      : [Broker id=0] Leader __consumer_offsets-27 with topic id Some(MfDJ1SpQRIaxyQGo6LVcpQ) starts at leader epoch 2 from offset 0 with partition epoch 2, high watermark 0, ISR [0], adding replicas [] and removing replicas [] . Previous leader Some(-1) and previous leader epoch was 1.
2025-10-05T19:24:17.698-04:00  INFO 50881 --- [r-event-handler] state.change.logger                      : [Broker id=0] Leader __consumer_offsets-39 with topic id Some(MfDJ1SpQRIaxyQGo6LVcpQ) starts at leader epoch 2 from offset 0 with partition epoch 2, high watermark 0, ISR [0], adding replicas [] and removing replicas [] . Previous leader Some(-1) and previous leader epoch was 1.
2025-10-05T19:24:17.713-04:00  INFO 50881 --- [r-event-handler] state.change.logger                      : [Broker id=0] Leader __consumer_offsets-6 with topic id Some(MfDJ1SpQRIaxyQGo6LVcpQ) starts at leader epoch 2 from offset 0 with partition epoch 2, high watermark 0, ISR [0], adding replicas [] and removing replicas [] . Previous leader Some(-1) and previous leader epoch was 1.
2025-10-05T19:24:17.730-04:00  INFO 50881 --- [r-event-handler] state.change.logger                      : [Broker id=0] Leader __consumer_offsets-35 with topic id Some(MfDJ1SpQRIaxyQGo6LVcpQ) starts at leader epoch 2 from offset 0 with partition epoch 2, high watermark 0, ISR [0], adding replicas [] and removing replicas [] . Previous leader Some(-1) and previous leader epoch was 1.
2025-10-05T19:24:17.753-04:00  INFO 50881 --- [r-event-handler] state.change.logger                      : [Broker id=0] Leader __consumer_offsets-2 with topic id Some(MfDJ1SpQRIaxyQGo6LVcpQ) starts at leader epoch 2 from offset 0 with partition epoch 2, high watermark 0, ISR [0], adding replicas [] and removing replicas [] . Previous leader Some(-1) and previous leader epoch was 1.
2025-10-05T19:24:17.820-04:00  INFO 50881 --- [r-event-handler] k.coordinator.group.GroupCoordinator     : [GroupCoordinator 0]: Elected as the group coordinator for partition 13 in epoch 2
2025-10-05T19:24:17.820-04:00  INFO 50881 --- [r-event-handler] k.c.group.GroupMetadataManager           : [GroupMetadataManager brokerId=0] Scheduling loading of offsets and group metadata from __consumer_offsets-13 for epoch 2
2025-10-05T19:24:17.825-04:00  INFO 50881 --- [r-event-handler] k.coordinator.group.GroupCoordinator     : [GroupCoordinator 0]: Elected as the group coordinator for partition 46 in epoch 2
2025-10-05T19:24:17.828-04:00  INFO 50881 --- [r-event-handler] k.c.group.GroupMetadataManager           : [GroupMetadataManager brokerId=0] Scheduling loading of offsets and group metadata from __consumer_offsets-46 for epoch 2
2025-10-05T19:24:17.828-04:00  INFO 50881 --- [r-event-handler] k.coordinator.group.GroupCoordinator     : [GroupCoordinator 0]: Elected as the group coordinator for partition 9 in epoch 2
2025-10-05T19:24:17.828-04:00  INFO 50881 --- [r-event-handler] k.c.group.GroupMetadataManager           : [GroupMetadataManager brokerId=0] Scheduling loading of offsets and group metadata from __consumer_offsets-9 for epoch 2
2025-10-05T19:24:17.828-04:00  INFO 50881 --- [r-event-handler] k.coordinator.group.GroupCoordinator     : [GroupCoordinator 0]: Elected as the group coordinator for partition 42 in epoch 2
2025-10-05T19:24:17.828-04:00  INFO 50881 --- [r-event-handler] k.c.group.GroupMetadataManager           : [GroupMetadataManager brokerId=0] Scheduling loading of offsets and group metadata from __consumer_offsets-42 for epoch 2
2025-10-05T19:24:17.828-04:00  INFO 50881 --- [r-event-handler] k.coordinator.group.GroupCoordinator     : [GroupCoordinator 0]: Elected as the group coordinator for partition 21 in epoch 2
2025-10-05T19:24:17.828-04:00  INFO 50881 --- [r-event-handler] k.c.group.GroupMetadataManager           : [GroupMetadataManager brokerId=0] Scheduling loading of offsets and group metadata from __consumer_offsets-21 for epoch 2
2025-10-05T19:24:17.828-04:00  INFO 50881 --- [r-event-handler] k.coordinator.group.GroupCoordinator     : [GroupCoordinator 0]: Elected as the group coordinator for partition 17 in epoch 2
2025-10-05T19:24:17.828-04:00  INFO 50881 --- [r-event-handler] k.c.group.GroupMetadataManager           : [GroupMetadataManager brokerId=0] Scheduling loading of offsets and group metadata from __consumer_offsets-17 for epoch 2
2025-10-05T19:24:17.828-04:00  INFO 50881 --- [r-event-handler] k.coordinator.group.GroupCoordinator     : [GroupCoordinator 0]: Elected as the group coordinator for partition 30 in epoch 2
2025-10-05T19:24:17.828-04:00  INFO 50881 --- [r-event-handler] k.c.group.GroupMetadataManager           : [GroupMetadataManager brokerId=0] Scheduling loading of offsets and group metadata from __consumer_offsets-30 for epoch 2
2025-10-05T19:24:17.828-04:00  INFO 50881 --- [r-event-handler] k.coordinator.group.GroupCoordinator     : [GroupCoordinator 0]: Elected as the group coordinator for partition 26 in epoch 2
2025-10-05T19:24:17.828-04:00  INFO 50881 --- [r-event-handler] k.c.group.GroupMetadataManager           : [GroupMetadataManager brokerId=0] Scheduling loading of offsets and group metadata from __consumer_offsets-26 for epoch 2
2025-10-05T19:24:17.828-04:00  INFO 50881 --- [r-event-handler] k.coordinator.group.GroupCoordinator     : [GroupCoordinator 0]: Elected as the group coordinator for partition 5 in epoch 2
2025-10-05T19:24:17.828-04:00  INFO 50881 --- [r-event-handler] k.c.group.GroupMetadataManager           : [GroupMetadataManager brokerId=0] Scheduling loading of offsets and group metadata from __consumer_offsets-5 for epoch 2
2025-10-05T19:24:17.828-04:00  INFO 50881 --- [r-event-handler] k.coordinator.group.GroupCoordinator     : [GroupCoordinator 0]: Elected as the group coordinator for partition 38 in epoch 2
2025-10-05T19:24:17.828-04:00  INFO 50881 --- [r-event-handler] k.c.group.GroupMetadataManager           : [GroupMetadataManager brokerId=0] Scheduling loading of offsets and group metadata from __consumer_offsets-38 for epoch 2
2025-10-05T19:24:17.828-04:00  INFO 50881 --- [r-event-handler] k.coordinator.group.GroupCoordinator     : [GroupCoordinator 0]: Elected as the group coordinator for partition 1 in epoch 2
2025-10-05T19:24:17.828-04:00  INFO 50881 --- [r-event-handler] k.c.group.GroupMetadataManager           : [GroupMetadataManager brokerId=0] Scheduling loading of offsets and group metadata from __consumer_offsets-1 for epoch 2
2025-10-05T19:24:17.828-04:00  INFO 50881 --- [r-event-handler] k.coordinator.group.GroupCoordinator     : [GroupCoordinator 0]: Elected as the group coordinator for partition 34 in epoch 2
2025-10-05T19:24:17.828-04:00  INFO 50881 --- [r-event-handler] k.c.group.GroupMetadataManager           : [GroupMetadataManager brokerId=0] Scheduling loading of offsets and group metadata from __consumer_offsets-34 for epoch 2
2025-10-05T19:24:17.829-04:00  INFO 50881 --- [r-event-handler] k.coordinator.group.GroupCoordinator     : [GroupCoordinator 0]: Elected as the group coordinator for partition 16 in epoch 2
2025-10-05T19:24:17.829-04:00  INFO 50881 --- [r-event-handler] k.c.group.GroupMetadataManager           : [GroupMetadataManager brokerId=0] Scheduling loading of offsets and group metadata from __consumer_offsets-16 for epoch 2
2025-10-05T19:24:17.829-04:00  INFO 50881 --- [r-event-handler] k.coordinator.group.GroupCoordinator     : [GroupCoordinator 0]: Elected as the group coordinator for partition 45 in epoch 2
2025-10-05T19:24:17.829-04:00  INFO 50881 --- [r-event-handler] k.c.group.GroupMetadataManager           : [GroupMetadataManager brokerId=0] Scheduling loading of offsets and group metadata from __consumer_offsets-45 for epoch 2
2025-10-05T19:24:17.829-04:00  INFO 50881 --- [r-event-handler] k.coordinator.group.GroupCoordinator     : [GroupCoordinator 0]: Elected as the group coordinator for partition 12 in epoch 2
2025-10-05T19:24:17.829-04:00  INFO 50881 --- [r-event-handler] k.c.group.GroupMetadataManager           : [GroupMetadataManager brokerId=0] Scheduling loading of offsets and group metadata from __consumer_offsets-12 for epoch 2
2025-10-05T19:24:17.829-04:00  INFO 50881 --- [r-event-handler] k.coordinator.group.GroupCoordinator     : [GroupCoordinator 0]: Elected as the group coordinator for partition 41 in epoch 2
2025-10-05T19:24:17.829-04:00  INFO 50881 --- [r-event-handler] k.c.group.GroupMetadataManager           : [GroupMetadataManager brokerId=0] Scheduling loading of offsets and group metadata from __consumer_offsets-41 for epoch 2
2025-10-05T19:24:17.829-04:00  INFO 50881 --- [r-event-handler] k.coordinator.group.GroupCoordinator     : [GroupCoordinator 0]: Elected as the group coordinator for partition 24 in epoch 2
2025-10-05T19:24:17.829-04:00  INFO 50881 --- [r-event-handler] k.c.group.GroupMetadataManager           : [GroupMetadataManager brokerId=0] Scheduling loading of offsets and group metadata from __consumer_offsets-24 for epoch 2
2025-10-05T19:24:17.829-04:00  INFO 50881 --- [r-event-handler] k.coordinator.group.GroupCoordinator     : [GroupCoordinator 0]: Elected as the group coordinator for partition 20 in epoch 2
2025-10-05T19:24:17.829-04:00  INFO 50881 --- [r-event-handler] k.c.group.GroupMetadataManager           : [GroupMetadataManager brokerId=0] Scheduling loading of offsets and group metadata from __consumer_offsets-20 for epoch 2
2025-10-05T19:24:17.829-04:00  INFO 50881 --- [r-event-handler] k.coordinator.group.GroupCoordinator     : [GroupCoordinator 0]: Elected as the group coordinator for partition 49 in epoch 2
2025-10-05T19:24:17.829-04:00  INFO 50881 --- [r-event-handler] k.c.group.GroupMetadataManager           : [GroupMetadataManager brokerId=0] Scheduling loading of offsets and group metadata from __consumer_offsets-49 for epoch 2
2025-10-05T19:24:17.829-04:00  INFO 50881 --- [r-event-handler] k.coordinator.group.GroupCoordinator     : [GroupCoordinator 0]: Elected as the group coordinator for partition 0 in epoch 2
2025-10-05T19:24:17.829-04:00  INFO 50881 --- [r-event-handler] k.c.group.GroupMetadataManager           : [GroupMetadataManager brokerId=0] Scheduling loading of offsets and group metadata from __consumer_offsets-0 for epoch 2
2025-10-05T19:24:17.829-04:00  INFO 50881 --- [r-event-handler] k.coordinator.group.GroupCoordinator     : [GroupCoordinator 0]: Elected as the group coordinator for partition 29 in epoch 2
2025-10-05T19:24:17.829-04:00  INFO 50881 --- [r-event-handler] k.c.group.GroupMetadataManager           : [GroupMetadataManager brokerId=0] Scheduling loading of offsets and group metadata from __consumer_offsets-29 for epoch 2
2025-10-05T19:24:17.829-04:00  INFO 50881 --- [r-event-handler] k.coordinator.group.GroupCoordinator     : [GroupCoordinator 0]: Elected as the group coordinator for partition 25 in epoch 2
2025-10-05T19:24:17.829-04:00  INFO 50881 --- [r-event-handler] k.c.group.GroupMetadataManager           : [GroupMetadataManager brokerId=0] Scheduling loading of offsets and group metadata from __consumer_offsets-25 for epoch 2
2025-10-05T19:24:17.829-04:00  INFO 50881 --- [r-event-handler] k.coordinator.group.GroupCoordinator     : [GroupCoordinator 0]: Elected as the group coordinator for partition 8 in epoch 2
2025-10-05T19:24:17.829-04:00  INFO 50881 --- [r-event-handler] k.c.group.GroupMetadataManager           : [GroupMetadataManager brokerId=0] Scheduling loading of offsets and group metadata from __consumer_offsets-8 for epoch 2
2025-10-05T19:24:17.829-04:00  INFO 50881 --- [r-event-handler] k.coordinator.group.GroupCoordinator     : [GroupCoordinator 0]: Elected as the group coordinator for partition 37 in epoch 2
2025-10-05T19:24:17.829-04:00  INFO 50881 --- [r-event-handler] k.c.group.GroupMetadataManager           : [GroupMetadataManager brokerId=0] Scheduling loading of offsets and group metadata from __consumer_offsets-37 for epoch 2
2025-10-05T19:24:17.829-04:00  INFO 50881 --- [r-event-handler] k.coordinator.group.GroupCoordinator     : [GroupCoordinator 0]: Elected as the group coordinator for partition 4 in epoch 2
2025-10-05T19:24:17.829-04:00  INFO 50881 --- [r-event-handler] k.c.group.GroupMetadataManager           : [GroupMetadataManager brokerId=0] Scheduling loading of offsets and group metadata from __consumer_offsets-4 for epoch 2
2025-10-05T19:24:17.829-04:00  INFO 50881 --- [r-event-handler] k.coordinator.group.GroupCoordinator     : [GroupCoordinator 0]: Elected as the group coordinator for partition 33 in epoch 2
2025-10-05T19:24:17.829-04:00  INFO 50881 --- [r-event-handler] k.c.group.GroupMetadataManager           : [GroupMetadataManager brokerId=0] Scheduling loading of offsets and group metadata from __consumer_offsets-33 for epoch 2
2025-10-05T19:24:17.830-04:00  INFO 50881 --- [r-event-handler] k.coordinator.group.GroupCoordinator     : [GroupCoordinator 0]: Elected as the group coordinator for partition 15 in epoch 2
2025-10-05T19:24:17.830-04:00  INFO 50881 --- [r-event-handler] k.c.group.GroupMetadataManager           : [GroupMetadataManager brokerId=0] Scheduling loading of offsets and group metadata from __consumer_offsets-15 for epoch 2
2025-10-05T19:24:17.830-04:00  INFO 50881 --- [r-event-handler] k.coordinator.group.GroupCoordinator     : [GroupCoordinator 0]: Elected as the group coordinator for partition 48 in epoch 2
2025-10-05T19:24:17.830-04:00  INFO 50881 --- [r-event-handler] k.c.group.GroupMetadataManager           : [GroupMetadataManager brokerId=0] Scheduling loading of offsets and group metadata from __consumer_offsets-48 for epoch 2
2025-10-05T19:24:17.830-04:00  INFO 50881 --- [r-event-handler] k.coordinator.group.GroupCoordinator     : [GroupCoordinator 0]: Elected as the group coordinator for partition 11 in epoch 2
2025-10-05T19:24:17.830-04:00  INFO 50881 --- [r-event-handler] k.c.group.GroupMetadataManager           : [GroupMetadataManager brokerId=0] Scheduling loading of offsets and group metadata from __consumer_offsets-11 for epoch 2
2025-10-05T19:24:17.830-04:00  INFO 50881 --- [r-event-handler] k.coordinator.group.GroupCoordinator     : [GroupCoordinator 0]: Elected as the group coordinator for partition 44 in epoch 2
2025-10-05T19:24:17.830-04:00  INFO 50881 --- [r-event-handler] k.c.group.GroupMetadataManager           : [GroupMetadataManager brokerId=0] Scheduling loading of offsets and group metadata from __consumer_offsets-44 for epoch 2
2025-10-05T19:24:17.830-04:00  INFO 50881 --- [r-event-handler] k.coordinator.group.GroupCoordinator     : [GroupCoordinator 0]: Elected as the group coordinator for partition 23 in epoch 2
2025-10-05T19:24:17.830-04:00  INFO 50881 --- [r-event-handler] k.c.group.GroupMetadataManager           : [GroupMetadataManager brokerId=0] Scheduling loading of offsets and group metadata from __consumer_offsets-23 for epoch 2
2025-10-05T19:24:17.830-04:00  INFO 50881 --- [r-event-handler] k.coordinator.group.GroupCoordinator     : [GroupCoordinator 0]: Elected as the group coordinator for partition 19 in epoch 2
2025-10-05T19:24:17.830-04:00  INFO 50881 --- [r-event-handler] k.c.group.GroupMetadataManager           : [GroupMetadataManager brokerId=0] Scheduling loading of offsets and group metadata from __consumer_offsets-19 for epoch 2
2025-10-05T19:24:17.830-04:00  INFO 50881 --- [r-event-handler] k.coordinator.group.GroupCoordinator     : [GroupCoordinator 0]: Elected as the group coordinator for partition 32 in epoch 2
2025-10-05T19:24:17.830-04:00  INFO 50881 --- [r-event-handler] k.c.group.GroupMetadataManager           : [GroupMetadataManager brokerId=0] Scheduling loading of offsets and group metadata from __consumer_offsets-32 for epoch 2
2025-10-05T19:24:17.830-04:00  INFO 50881 --- [adata-manager-0] k.c.group.GroupMetadataManager           : [GroupMetadataManager brokerId=0] Finished loading offsets and group metadata from __consumer_offsets-13 in 10 milliseconds for epoch 2, of which 10 milliseconds was spent in the scheduler.
2025-10-05T19:24:17.831-04:00  INFO 50881 --- [adata-manager-0] k.c.group.GroupMetadataManager           : [GroupMetadataManager brokerId=0] Finished loading offsets and group metadata from __consumer_offsets-46 in 3 milliseconds for epoch 2, of which 2 milliseconds was spent in the scheduler.
2025-10-05T19:24:17.831-04:00  INFO 50881 --- [adata-manager-0] k.c.group.GroupMetadataManager           : [GroupMetadataManager brokerId=0] Finished loading offsets and group metadata from __consumer_offsets-9 in 3 milliseconds for epoch 2, of which 3 milliseconds was spent in the scheduler.
2025-10-05T19:24:17.831-04:00  INFO 50881 --- [adata-manager-0] k.c.group.GroupMetadataManager           : [GroupMetadataManager brokerId=0] Finished loading offsets and group metadata from __consumer_offsets-42 in 3 milliseconds for epoch 2, of which 3 milliseconds was spent in the scheduler.
2025-10-05T19:24:17.831-04:00  INFO 50881 --- [adata-manager-0] k.c.group.GroupMetadataManager           : [GroupMetadataManager brokerId=0] Finished loading offsets and group metadata from __consumer_offsets-21 in 3 milliseconds for epoch 2, of which 3 milliseconds was spent in the scheduler.
2025-10-05T19:24:17.831-04:00  INFO 50881 --- [adata-manager-0] k.c.group.GroupMetadataManager           : [GroupMetadataManager brokerId=0] Finished loading offsets and group metadata from __consumer_offsets-17 in 3 milliseconds for epoch 2, of which 3 milliseconds was spent in the scheduler.
2025-10-05T19:24:17.831-04:00  INFO 50881 --- [adata-manager-0] k.c.group.GroupMetadataManager           : [GroupMetadataManager brokerId=0] Finished loading offsets and group metadata from __consumer_offsets-30 in 3 milliseconds for epoch 2, of which 3 milliseconds was spent in the scheduler.
2025-10-05T19:24:17.831-04:00  INFO 50881 --- [adata-manager-0] k.c.group.GroupMetadataManager           : [GroupMetadataManager brokerId=0] Finished loading offsets and group metadata from __consumer_offsets-26 in 3 milliseconds for epoch 2, of which 3 milliseconds was spent in the scheduler.
2025-10-05T19:24:17.831-04:00  INFO 50881 --- [adata-manager-0] k.c.group.GroupMetadataManager           : [GroupMetadataManager brokerId=0] Finished loading offsets and group metadata from __consumer_offsets-5 in 3 milliseconds for epoch 2, of which 3 milliseconds was spent in the scheduler.
2025-10-05T19:24:17.832-04:00  INFO 50881 --- [adata-manager-0] k.c.group.GroupMetadataManager           : [GroupMetadataManager brokerId=0] Finished loading offsets and group metadata from __consumer_offsets-38 in 4 milliseconds for epoch 2, of which 3 milliseconds was spent in the scheduler.
2025-10-05T19:24:17.832-04:00  INFO 50881 --- [adata-manager-0] k.c.group.GroupMetadataManager           : [GroupMetadataManager brokerId=0] Finished loading offsets and group metadata from __consumer_offsets-1 in 4 milliseconds for epoch 2, of which 4 milliseconds was spent in the scheduler.
2025-10-05T19:24:17.832-04:00  INFO 50881 --- [adata-manager-0] k.c.group.GroupMetadataManager           : [GroupMetadataManager brokerId=0] Finished loading offsets and group metadata from __consumer_offsets-34 in 4 milliseconds for epoch 2, of which 4 milliseconds was spent in the scheduler.
2025-10-05T19:24:17.832-04:00  INFO 50881 --- [adata-manager-0] k.c.group.GroupMetadataManager           : [GroupMetadataManager brokerId=0] Finished loading offsets and group metadata from __consumer_offsets-16 in 3 milliseconds for epoch 2, of which 3 milliseconds was spent in the scheduler.
2025-10-05T19:24:17.832-04:00  INFO 50881 --- [adata-manager-0] k.c.group.GroupMetadataManager           : [GroupMetadataManager brokerId=0] Finished loading offsets and group metadata from __consumer_offsets-45 in 3 milliseconds for epoch 2, of which 3 milliseconds was spent in the scheduler.
2025-10-05T19:24:17.832-04:00  INFO 50881 --- [adata-manager-0] k.c.group.GroupMetadataManager           : [GroupMetadataManager brokerId=0] Finished loading offsets and group metadata from __consumer_offsets-12 in 3 milliseconds for epoch 2, of which 3 milliseconds was spent in the scheduler.
2025-10-05T19:24:17.832-04:00  INFO 50881 --- [adata-manager-0] k.c.group.GroupMetadataManager           : [GroupMetadataManager brokerId=0] Finished loading offsets and group metadata from __consumer_offsets-41 in 3 milliseconds for epoch 2, of which 3 milliseconds was spent in the scheduler.
2025-10-05T19:24:17.832-04:00  INFO 50881 --- [adata-manager-0] k.c.group.GroupMetadataManager           : [GroupMetadataManager brokerId=0] Finished loading offsets and group metadata from __consumer_offsets-24 in 3 milliseconds for epoch 2, of which 3 milliseconds was spent in the scheduler.
2025-10-05T19:24:17.833-04:00  INFO 50881 --- [r-event-handler] k.coordinator.group.GroupCoordinator     : [GroupCoordinator 0]: Elected as the group coordinator for partition 28 in epoch 2
2025-10-05T19:24:17.833-04:00  INFO 50881 --- [r-event-handler] k.c.group.GroupMetadataManager           : [GroupMetadataManager brokerId=0] Scheduling loading of offsets and group metadata from __consumer_offsets-28 for epoch 2
2025-10-05T19:24:17.833-04:00  INFO 50881 --- [r-event-handler] k.coordinator.group.GroupCoordinator     : [GroupCoordinator 0]: Elected as the group coordinator for partition 7 in epoch 2
2025-10-05T19:24:17.834-04:00  INFO 50881 --- [r-event-handler] k.c.group.GroupMetadataManager           : [GroupMetadataManager brokerId=0] Scheduling loading of offsets and group metadata from __consumer_offsets-7 for epoch 2
2025-10-05T19:24:17.834-04:00  INFO 50881 --- [r-event-handler] k.coordinator.group.GroupCoordinator     : [GroupCoordinator 0]: Elected as the group coordinator for partition 40 in epoch 2
2025-10-05T19:24:17.834-04:00  INFO 50881 --- [r-event-handler] k.c.group.GroupMetadataManager           : [GroupMetadataManager brokerId=0] Scheduling loading of offsets and group metadata from __consumer_offsets-40 for epoch 2
2025-10-05T19:24:17.834-04:00  INFO 50881 --- [r-event-handler] k.coordinator.group.GroupCoordinator     : [GroupCoordinator 0]: Elected as the group coordinator for partition 3 in epoch 2
2025-10-05T19:24:17.834-04:00  INFO 50881 --- [r-event-handler] k.c.group.GroupMetadataManager           : [GroupMetadataManager brokerId=0] Scheduling loading of offsets and group metadata from __consumer_offsets-3 for epoch 2
2025-10-05T19:24:17.834-04:00  INFO 50881 --- [r-event-handler] k.coordinator.group.GroupCoordinator     : [GroupCoordinator 0]: Elected as the group coordinator for partition 36 in epoch 2
2025-10-05T19:24:17.834-04:00  INFO 50881 --- [r-event-handler] k.c.group.GroupMetadataManager           : [GroupMetadataManager brokerId=0] Scheduling loading of offsets and group metadata from __consumer_offsets-36 for epoch 2
2025-10-05T19:24:17.834-04:00  INFO 50881 --- [r-event-handler] k.coordinator.group.GroupCoordinator     : [GroupCoordinator 0]: Elected as the group coordinator for partition 47 in epoch 2
2025-10-05T19:24:17.834-04:00  INFO 50881 --- [r-event-handler] k.c.group.GroupMetadataManager           : [GroupMetadataManager brokerId=0] Scheduling loading of offsets and group metadata from __consumer_offsets-47 for epoch 2
2025-10-05T19:24:17.834-04:00  INFO 50881 --- [r-event-handler] k.coordinator.group.GroupCoordinator     : [GroupCoordinator 0]: Elected as the group coordinator for partition 14 in epoch 2
2025-10-05T19:24:17.834-04:00  INFO 50881 --- [r-event-handler] k.c.group.GroupMetadataManager           : [GroupMetadataManager brokerId=0] Scheduling loading of offsets and group metadata from __consumer_offsets-14 for epoch 2
2025-10-05T19:24:17.834-04:00  INFO 50881 --- [r-event-handler] k.coordinator.group.GroupCoordinator     : [GroupCoordinator 0]: Elected as the group coordinator for partition 43 in epoch 2
2025-10-05T19:24:17.834-04:00  INFO 50881 --- [r-event-handler] k.c.group.GroupMetadataManager           : [GroupMetadataManager brokerId=0] Scheduling loading of offsets and group metadata from __consumer_offsets-43 for epoch 2
2025-10-05T19:24:17.834-04:00  INFO 50881 --- [r-event-handler] k.coordinator.group.GroupCoordinator     : [GroupCoordinator 0]: Elected as the group coordinator for partition 10 in epoch 2
2025-10-05T19:24:17.834-04:00  INFO 50881 --- [r-event-handler] k.c.group.GroupMetadataManager           : [GroupMetadataManager brokerId=0] Scheduling loading of offsets and group metadata from __consumer_offsets-10 for epoch 2
2025-10-05T19:24:17.834-04:00  INFO 50881 --- [r-event-handler] k.coordinator.group.GroupCoordinator     : [GroupCoordinator 0]: Elected as the group coordinator for partition 22 in epoch 2
2025-10-05T19:24:17.834-04:00  INFO 50881 --- [r-event-handler] k.c.group.GroupMetadataManager           : [GroupMetadataManager brokerId=0] Scheduling loading of offsets and group metadata from __consumer_offsets-22 for epoch 2
2025-10-05T19:24:17.834-04:00  INFO 50881 --- [r-event-handler] k.coordinator.group.GroupCoordinator     : [GroupCoordinator 0]: Elected as the group coordinator for partition 18 in epoch 2
2025-10-05T19:24:17.834-04:00  INFO 50881 --- [r-event-handler] k.c.group.GroupMetadataManager           : [GroupMetadataManager brokerId=0] Scheduling loading of offsets and group metadata from __consumer_offsets-18 for epoch 2
2025-10-05T19:24:17.834-04:00  INFO 50881 --- [r-event-handler] k.coordinator.group.GroupCoordinator     : [GroupCoordinator 0]: Elected as the group coordinator for partition 31 in epoch 2
2025-10-05T19:24:17.834-04:00  INFO 50881 --- [r-event-handler] k.c.group.GroupMetadataManager           : [GroupMetadataManager brokerId=0] Scheduling loading of offsets and group metadata from __consumer_offsets-31 for epoch 2
2025-10-05T19:24:17.835-04:00  INFO 50881 --- [r-event-handler] k.coordinator.group.GroupCoordinator     : [GroupCoordinator 0]: Elected as the group coordinator for partition 27 in epoch 2
2025-10-05T19:24:17.835-04:00  INFO 50881 --- [r-event-handler] k.c.group.GroupMetadataManager           : [GroupMetadataManager brokerId=0] Scheduling loading of offsets and group metadata from __consumer_offsets-27 for epoch 2
2025-10-05T19:24:17.835-04:00  INFO 50881 --- [r-event-handler] k.coordinator.group.GroupCoordinator     : [GroupCoordinator 0]: Elected as the group coordinator for partition 39 in epoch 2
2025-10-05T19:24:17.835-04:00  INFO 50881 --- [r-event-handler] k.c.group.GroupMetadataManager           : [GroupMetadataManager brokerId=0] Scheduling loading of offsets and group metadata from __consumer_offsets-39 for epoch 2
2025-10-05T19:24:17.835-04:00  INFO 50881 --- [r-event-handler] k.coordinator.group.GroupCoordinator     : [GroupCoordinator 0]: Elected as the group coordinator for partition 6 in epoch 2
2025-10-05T19:24:17.835-04:00  INFO 50881 --- [r-event-handler] k.c.group.GroupMetadataManager           : [GroupMetadataManager brokerId=0] Scheduling loading of offsets and group metadata from __consumer_offsets-6 for epoch 2
2025-10-05T19:24:17.835-04:00  INFO 50881 --- [r-event-handler] k.coordinator.group.GroupCoordinator     : [GroupCoordinator 0]: Elected as the group coordinator for partition 35 in epoch 2
2025-10-05T19:24:17.835-04:00  INFO 50881 --- [r-event-handler] k.c.group.GroupMetadataManager           : [GroupMetadataManager brokerId=0] Scheduling loading of offsets and group metadata from __consumer_offsets-35 for epoch 2
2025-10-05T19:24:17.835-04:00  INFO 50881 --- [r-event-handler] k.coordinator.group.GroupCoordinator     : [GroupCoordinator 0]: Elected as the group coordinator for partition 2 in epoch 2
2025-10-05T19:24:17.835-04:00  INFO 50881 --- [r-event-handler] k.c.group.GroupMetadataManager           : [GroupMetadataManager brokerId=0] Scheduling loading of offsets and group metadata from __consumer_offsets-2 for epoch 2
2025-10-05T19:24:17.882-04:00  INFO 50881 --- [adata-manager-0] kafka.coordinator.group.GroupMetadata$   : Loaded member MemberMetadata(memberId=consumer-midas-core-1-8d36a91c-669d-409c-963b-56f2a0aa76d9, groupInstanceId=None, clientId=consumer-midas-core-1, clientHost=/127.0.0.1, sessionTimeoutMs=45000, rebalanceTimeoutMs=300000, supportedProtocols=List(range)) in group midas-core with generation 1.
2025-10-05T19:24:17.892-04:00  INFO 50881 --- [adata-manager-0] k.coordinator.group.GroupCoordinator     : [GroupCoordinator 0]: Loading group metadata for midas-core with generation 1
2025-10-05T19:24:17.893-04:00  INFO 50881 --- [adata-manager-0] k.c.group.GroupMetadataManager           : [GroupMetadataManager brokerId=0] Finished loading offsets and group metadata from __consumer_offsets-20 in 64 milliseconds for epoch 2, of which 3 milliseconds was spent in the scheduler.
2025-10-05T19:24:17.893-04:00  INFO 50881 --- [adata-manager-0] k.c.group.GroupMetadataManager           : [GroupMetadataManager brokerId=0] Finished loading offsets and group metadata from __consumer_offsets-49 in 64 milliseconds for epoch 2, of which 64 milliseconds was spent in the scheduler.
2025-10-05T19:24:17.893-04:00  INFO 50881 --- [adata-manager-0] k.c.group.GroupMetadataManager           : [GroupMetadataManager brokerId=0] Finished loading offsets and group metadata from __consumer_offsets-0 in 64 milliseconds for epoch 2, of which 64 milliseconds was spent in the scheduler.
2025-10-05T19:24:17.894-04:00  INFO 50881 --- [adata-manager-0] k.c.group.GroupMetadataManager           : [GroupMetadataManager brokerId=0] Finished loading offsets and group metadata from __consumer_offsets-29 in 65 milliseconds for epoch 2, of which 65 milliseconds was spent in the scheduler.
2025-10-05T19:24:17.894-04:00  INFO 50881 --- [adata-manager-0] k.c.group.GroupMetadataManager           : [GroupMetadataManager brokerId=0] Finished loading offsets and group metadata from __consumer_offsets-25 in 65 milliseconds for epoch 2, of which 65 milliseconds was spent in the scheduler.
2025-10-05T19:24:17.894-04:00  INFO 50881 --- [adata-manager-0] k.c.group.GroupMetadataManager           : [GroupMetadataManager brokerId=0] Finished loading offsets and group metadata from __consumer_offsets-8 in 65 milliseconds for epoch 2, of which 65 milliseconds was spent in the scheduler.
2025-10-05T19:24:17.894-04:00  INFO 50881 --- [adata-manager-0] k.c.group.GroupMetadataManager           : [GroupMetadataManager brokerId=0] Finished loading offsets and group metadata from __consumer_offsets-37 in 65 milliseconds for epoch 2, of which 65 milliseconds was spent in the scheduler.
2025-10-05T19:24:17.894-04:00  INFO 50881 --- [adata-manager-0] k.c.group.GroupMetadataManager           : [GroupMetadataManager brokerId=0] Finished loading offsets and group metadata from __consumer_offsets-4 in 65 milliseconds for epoch 2, of which 65 milliseconds was spent in the scheduler.
2025-10-05T19:24:17.895-04:00  INFO 50881 --- [adata-manager-0] k.c.group.GroupMetadataManager           : [GroupMetadataManager brokerId=0] Finished loading offsets and group metadata from __consumer_offsets-33 in 66 milliseconds for epoch 2, of which 66 milliseconds was spent in the scheduler.
2025-10-05T19:24:17.898-04:00  INFO 50881 --- [adata-manager-0] k.c.group.GroupMetadataManager           : [GroupMetadataManager brokerId=0] Finished loading offsets and group metadata from __consumer_offsets-15 in 67 milliseconds for epoch 2, of which 65 milliseconds was spent in the scheduler.
2025-10-05T19:24:17.898-04:00  INFO 50881 --- [adata-manager-0] k.c.group.GroupMetadataManager           : [GroupMetadataManager brokerId=0] Finished loading offsets and group metadata from __consumer_offsets-48 in 68 milliseconds for epoch 2, of which 68 milliseconds was spent in the scheduler.
2025-10-05T19:24:17.899-04:00  INFO 50881 --- [adata-manager-0] k.c.group.GroupMetadataManager           : [GroupMetadataManager brokerId=0] Finished loading offsets and group metadata from __consumer_offsets-11 in 69 milliseconds for epoch 2, of which 68 milliseconds was spent in the scheduler.
2025-10-05T19:24:17.899-04:00  INFO 50881 --- [adata-manager-0] k.c.group.GroupMetadataManager           : [GroupMetadataManager brokerId=0] Finished loading offsets and group metadata from __consumer_offsets-44 in 69 milliseconds for epoch 2, of which 69 milliseconds was spent in the scheduler.
2025-10-05T19:24:17.899-04:00  INFO 50881 --- [adata-manager-0] k.c.group.GroupMetadataManager           : [GroupMetadataManager brokerId=0] Finished loading offsets and group metadata from __consumer_offsets-23 in 69 milliseconds for epoch 2, of which 69 milliseconds was spent in the scheduler.
2025-10-05T19:24:17.900-04:00  INFO 50881 --- [adata-manager-0] k.c.group.GroupMetadataManager           : [GroupMetadataManager brokerId=0] Finished loading offsets and group metadata from __consumer_offsets-19 in 70 milliseconds for epoch 2, of which 69 milliseconds was spent in the scheduler.
2025-10-05T19:24:17.900-04:00  INFO 50881 --- [adata-manager-0] k.c.group.GroupMetadataManager           : [GroupMetadataManager brokerId=0] Finished loading offsets and group metadata from __consumer_offsets-32 in 70 milliseconds for epoch 2, of which 70 milliseconds was spent in the scheduler.
2025-10-05T19:24:17.900-04:00  INFO 50881 --- [adata-manager-0] k.c.group.GroupMetadataManager           : [GroupMetadataManager brokerId=0] Finished loading offsets and group metadata from __consumer_offsets-28 in 67 milliseconds for epoch 2, of which 67 milliseconds was spent in the scheduler.
2025-10-05T19:24:17.900-04:00  INFO 50881 --- [adata-manager-0] k.c.group.GroupMetadataManager           : [GroupMetadataManager brokerId=0] Finished loading offsets and group metadata from __consumer_offsets-7 in 66 milliseconds for epoch 2, of which 66 milliseconds was spent in the scheduler.
2025-10-05T19:24:17.900-04:00  INFO 50881 --- [adata-manager-0] k.c.group.GroupMetadataManager           : [GroupMetadataManager brokerId=0] Finished loading offsets and group metadata from __consumer_offsets-40 in 66 milliseconds for epoch 2, of which 66 milliseconds was spent in the scheduler.
2025-10-05T19:24:17.900-04:00  INFO 50881 --- [adata-manager-0] k.c.group.GroupMetadataManager           : [GroupMetadataManager brokerId=0] Finished loading offsets and group metadata from __consumer_offsets-3 in 66 milliseconds for epoch 2, of which 66 milliseconds was spent in the scheduler.
2025-10-05T19:24:17.901-04:00  INFO 50881 --- [adata-manager-0] k.c.group.GroupMetadataManager           : [GroupMetadataManager brokerId=0] Finished loading offsets and group metadata from __consumer_offsets-36 in 67 milliseconds for epoch 2, of which 67 milliseconds was spent in the scheduler.
2025-10-05T19:24:17.901-04:00  INFO 50881 --- [adata-manager-0] k.c.group.GroupMetadataManager           : [GroupMetadataManager brokerId=0] Finished loading offsets and group metadata from __consumer_offsets-47 in 67 milliseconds for epoch 2, of which 67 milliseconds was spent in the scheduler.
2025-10-05T19:24:17.901-04:00  INFO 50881 --- [adata-manager-0] k.c.group.GroupMetadataManager           : [GroupMetadataManager brokerId=0] Finished loading offsets and group metadata from __consumer_offsets-14 in 67 milliseconds for epoch 2, of which 67 milliseconds was spent in the scheduler.
2025-10-05T19:24:17.901-04:00  INFO 50881 --- [adata-manager-0] k.c.group.GroupMetadataManager           : [GroupMetadataManager brokerId=0] Finished loading offsets and group metadata from __consumer_offsets-43 in 67 milliseconds for epoch 2, of which 67 milliseconds was spent in the scheduler.
2025-10-05T19:24:17.901-04:00  INFO 50881 --- [adata-manager-0] k.c.group.GroupMetadataManager           : [GroupMetadataManager brokerId=0] Finished loading offsets and group metadata from __consumer_offsets-10 in 67 milliseconds for epoch 2, of which 67 milliseconds was spent in the scheduler.
2025-10-05T19:24:17.901-04:00  INFO 50881 --- [adata-manager-0] k.c.group.GroupMetadataManager           : [GroupMetadataManager brokerId=0] Finished loading offsets and group metadata from __consumer_offsets-22 in 67 milliseconds for epoch 2, of which 67 milliseconds was spent in the scheduler.
2025-10-05T19:24:17.901-04:00  INFO 50881 --- [adata-manager-0] k.c.group.GroupMetadataManager           : [GroupMetadataManager brokerId=0] Finished loading offsets and group metadata from __consumer_offsets-18 in 67 milliseconds for epoch 2, of which 67 milliseconds was spent in the scheduler.
2025-10-05T19:24:17.901-04:00  INFO 50881 --- [adata-manager-0] k.c.group.GroupMetadataManager           : [GroupMetadataManager brokerId=0] Finished loading offsets and group metadata from __consumer_offsets-31 in 66 milliseconds for epoch 2, of which 66 milliseconds was spent in the scheduler.
2025-10-05T19:24:17.902-04:00  INFO 50881 --- [adata-manager-0] k.c.group.GroupMetadataManager           : [GroupMetadataManager brokerId=0] Finished loading offsets and group metadata from __consumer_offsets-27 in 67 milliseconds for epoch 2, of which 67 milliseconds was spent in the scheduler.
2025-10-05T19:24:17.902-04:00  INFO 50881 --- [adata-manager-0] k.c.group.GroupMetadataManager           : [GroupMetadataManager brokerId=0] Finished loading offsets and group metadata from __consumer_offsets-39 in 67 milliseconds for epoch 2, of which 67 milliseconds was spent in the scheduler.
2025-10-05T19:24:17.902-04:00  INFO 50881 --- [adata-manager-0] k.c.group.GroupMetadataManager           : [GroupMetadataManager brokerId=0] Finished loading offsets and group metadata from __consumer_offsets-6 in 67 milliseconds for epoch 2, of which 67 milliseconds was spent in the scheduler.
2025-10-05T19:24:17.902-04:00  INFO 50881 --- [adata-manager-0] k.c.group.GroupMetadataManager           : [GroupMetadataManager brokerId=0] Finished loading offsets and group metadata from __consumer_offsets-35 in 67 milliseconds for epoch 2, of which 67 milliseconds was spent in the scheduler.
2025-10-05T19:24:17.902-04:00  INFO 50881 --- [adata-manager-0] k.c.group.GroupMetadataManager           : [GroupMetadataManager brokerId=0] Finished loading offsets and group metadata from __consumer_offsets-2 in 67 milliseconds for epoch 2, of which 67 milliseconds was spent in the scheduler.
2025-10-05T21:24:23.517-04:00  INFO 50881 --- [ntainer#0-0-C-1] org.apache.kafka.clients.NetworkClient   : [Consumer clientId=consumer-midas-core-1, groupId=midas-core] Disconnecting from node 0 due to request timeout.
2025-10-05T21:24:23.878-04:00  INFO 50881 --- [ntainer#0-0-C-1] org.apache.kafka.clients.NetworkClient   : [Consumer clientId=consumer-midas-core-1, groupId=midas-core] Cancelled in-flight FETCH request with correlation id 1139 due to node 0 being disconnected (elapsed time since creation: 7203881ms, elapsed time since send: 7203881ms, request timeout: 30000ms)
2025-10-05T21:24:23.910-04:00  INFO 50881 --- [ad | midas-core] o.a.k.c.c.internals.ConsumerCoordinator  : [Consumer clientId=consumer-midas-core-1, groupId=midas-core] Group coordinator localhost:64550 (id: 2147483647 rack: null) is unavailable or invalid due to cause: session timed out without receiving a heartbeat response. isDisconnected: false. Rediscovery will be attempted.
2025-10-05T21:24:23.911-04:00  INFO 50881 --- [ad | midas-core] o.a.k.c.c.internals.ConsumerCoordinator  : [Consumer clientId=consumer-midas-core-1, groupId=midas-core] Requesting disconnect from last known coordinator localhost:64550 (id: 2147483647 rack: null)
2025-10-05T21:24:23.912-04:00  INFO 50881 --- [ad | midas-core] org.apache.kafka.clients.NetworkClient   : [Consumer clientId=consumer-midas-core-1, groupId=midas-core] Client requested disconnect from node 2147483647
2025-10-05T21:24:23.921-04:00  INFO 50881 --- [ntainer#0-0-C-1] o.a.kafka.clients.FetchSessionHandler    : [Consumer clientId=consumer-midas-core-1, groupId=midas-core] Error sending fetch request (sessionId=294321784, epoch=69) to node 0:

org.apache.kafka.common.errors.DisconnectException: null

2025-10-05T21:24:23.970-04:00  INFO 50881 --- [ntainer#0-0-C-1] o.a.k.c.c.internals.ConsumerCoordinator  : [Consumer clientId=consumer-midas-core-1, groupId=midas-core] Discovered group coordinator localhost:64550 (id: 2147483647 rack: null)
2025-10-05T21:24:23.972-04:00  INFO 50881 --- [ntainer#0-0-C-1] o.a.k.c.c.internals.ConsumerCoordinator  : [Consumer clientId=consumer-midas-core-1, groupId=midas-core] Discovered group coordinator localhost:64550 (id: 2147483647 rack: null)
2025-10-05T21:24:27.091-04:00  WARN 50881 --- [l-1 housekeeper] com.zaxxer.hikari.pool.HikariPool        : HikariPool-1 - Thread starvation or clock leap detected (housekeeper delta=4h21s18ms).
2025-10-05T21:24:33.560-04:00  INFO 50881 --- [           main] com.jpmc.midascore.TaskTwoTests          : ...
2025-10-05T23:24:33.994-04:00  INFO 50881 --- [ntainer#0-0-C-1] org.apache.kafka.clients.NetworkClient   : [Consumer clientId=consumer-midas-core-1, groupId=midas-core] Disconnecting from node 0 due to request timeout.
2025-10-05T23:24:34.171-04:00  INFO 50881 --- [0-event-handler] o.a.k.c.ReplicationControlManager        : [QuorumController id=0] Fencing broker 0 because its session has timed out.
2025-10-05T23:24:34.177-04:00  INFO 50881 --- [ntainer#0-0-C-1] org.apache.kafka.clients.NetworkClient   : [Consumer clientId=consumer-midas-core-1, groupId=midas-core] Cancelled in-flight FETCH request with correlation id 1167 due to node 0 being disconnected (elapsed time since creation: 7198042ms, elapsed time since send: 7198042ms, request timeout: 30000ms)
2025-10-05T23:24:34.181-04:00  INFO 50881 --- [ad | midas-core] o.a.k.c.c.internals.ConsumerCoordinator  : [Consumer clientId=consumer-midas-core-1, groupId=midas-core] Group coordinator localhost:64550 (id: 2147483647 rack: null) is unavailable or invalid due to cause: session timed out without receiving a heartbeat response. isDisconnected: false. Rediscovery will be attempted.
2025-10-05T23:24:34.181-04:00  INFO 50881 --- [ad | midas-core] o.a.k.c.c.internals.ConsumerCoordinator  : [Consumer clientId=consumer-midas-core-1, groupId=midas-core] Requesting disconnect from last known coordinator localhost:64550 (id: 2147483647 rack: null)
2025-10-05T23:24:34.183-04:00  INFO 50881 --- [ad | midas-core] org.apache.kafka.clients.NetworkClient   : [Consumer clientId=consumer-midas-core-1, groupId=midas-core] Client requested disconnect from node 2147483647
2025-10-05T23:24:34.195-04:00  INFO 50881 --- [ntainer#0-0-C-1] o.a.kafka.clients.FetchSessionHandler    : [Consumer clientId=consumer-midas-core-1, groupId=midas-core] Error sending fetch request (sessionId=620560424, epoch=18) to node 0:

org.apache.kafka.common.errors.DisconnectException: null

2025-10-05T23:24:34.317-04:00  INFO 50881 --- [0-event-handler] o.a.k.c.ReplicationControlManager        : [QuorumController id=0] handleBrokerFenced: changing 51 partition(s)
2025-10-05T23:24:34.522-04:00  INFO 50881 --- [0-event-handler] o.a.k.controller.ClusterControlManager   : [QuorumController id=0] Replayed BrokerRegistrationChangeRecord modifying the registration for broker 0: BrokerRegistrationChangeRecord(brokerId=0, brokerEpoch=5, fenced=1, inControlledShutdown=0)
2025-10-05T23:24:34.523-04:00  INFO 50881 --- [ntainer#0-0-C-1] o.a.k.c.c.internals.ConsumerCoordinator  : [Consumer clientId=consumer-midas-core-1, groupId=midas-core] Discovered group coordinator localhost:64550 (id: 2147483647 rack: null)
2025-10-05T23:24:34.524-04:00  INFO 50881 --- [0-event-handler] o.a.k.controller.BrokerHeartbeatManager  : [QuorumController id=0] The request from broker 0 to unfence has been granted because it has caught up with the offset of its register broker record 5.
2025-10-05T23:24:34.574-04:00  INFO 50881 --- [0-event-handler] o.a.k.c.ReplicationControlManager        : [QuorumController id=0] handleBrokerUnfenced: changing 51 partition(s)
2025-10-05T23:24:34.574-04:00  INFO 50881 --- [0-event-handler] o.a.k.controller.ClusterControlManager   : [QuorumController id=0] Replayed BrokerRegistrationChangeRecord modifying the registration for broker 0: BrokerRegistrationChangeRecord(brokerId=0, brokerEpoch=5, fenced=-1, inControlledShutdown=0)
2025-10-05T23:24:34.595-04:00  INFO 50881 --- [r-event-handler] state.change.logger                      : [Broker id=0] Transitioning 51 partition(s) to local followers.
2025-10-05T23:24:34.603-04:00  INFO 50881 --- [r-event-handler] state.change.logger                      : [Broker id=0] Follower __consumer_offsets-13 starts at leader epoch 3 from offset 0 with partition epoch 3 and high watermark 0. Current leader is -1. Previous leader Some(-1) and previous leader epoch was 3.
2025-10-05T23:24:34.611-04:00  INFO 50881 --- [r-event-handler] state.change.logger                      : [Broker id=0] Follower __consumer_offsets-46 starts at leader epoch 3 from offset 0 with partition epoch 3 and high watermark 0. Current leader is -1. Previous leader Some(-1) and previous leader epoch was 3.
2025-10-05T23:24:34.611-04:00  INFO 50881 --- [r-event-handler] state.change.logger                      : [Broker id=0] Follower __consumer_offsets-9 starts at leader epoch 3 from offset 0 with partition epoch 3 and high watermark 0. Current leader is -1. Previous leader Some(-1) and previous leader epoch was 3.
2025-10-05T23:24:34.612-04:00  INFO 50881 --- [r-event-handler] state.change.logger                      : [Broker id=0] Follower __consumer_offsets-42 starts at leader epoch 3 from offset 0 with partition epoch 3 and high watermark 0. Current leader is -1. Previous leader Some(-1) and previous leader epoch was 3.
2025-10-05T23:24:34.612-04:00  INFO 50881 --- [r-event-handler] state.change.logger                      : [Broker id=0] Follower __consumer_offsets-21 starts at leader epoch 3 from offset 0 with partition epoch 3 and high watermark 0. Current leader is -1. Previous leader Some(-1) and previous leader epoch was 3.
2025-10-05T23:24:34.612-04:00  INFO 50881 --- [r-event-handler] state.change.logger                      : [Broker id=0] Follower __consumer_offsets-17 starts at leader epoch 3 from offset 0 with partition epoch 3 and high watermark 0. Current leader is -1. Previous leader Some(-1) and previous leader epoch was 3.
2025-10-05T23:24:34.612-04:00  INFO 50881 --- [r-event-handler] state.change.logger                      : [Broker id=0] Follower __consumer_offsets-30 starts at leader epoch 3 from offset 0 with partition epoch 3 and high watermark 0. Current leader is -1. Previous leader Some(-1) and previous leader epoch was 3.
2025-10-05T23:24:34.612-04:00  INFO 50881 --- [r-event-handler] state.change.logger                      : [Broker id=0] Follower __consumer_offsets-26 starts at leader epoch 3 from offset 0 with partition epoch 3 and high watermark 0. Current leader is -1. Previous leader Some(-1) and previous leader epoch was 3.
2025-10-05T23:24:34.613-04:00  INFO 50881 --- [r-event-handler] state.change.logger                      : [Broker id=0] Follower __consumer_offsets-5 starts at leader epoch 3 from offset 0 with partition epoch 3 and high watermark 0. Current leader is -1. Previous leader Some(-1) and previous leader epoch was 3.
2025-10-05T23:24:34.613-04:00  INFO 50881 --- [r-event-handler] state.change.logger                      : [Broker id=0] Follower __consumer_offsets-38 starts at leader epoch 3 from offset 0 with partition epoch 3 and high watermark 0. Current leader is -1. Previous leader Some(-1) and previous leader epoch was 3.
2025-10-05T23:24:34.613-04:00  INFO 50881 --- [r-event-handler] state.change.logger                      : [Broker id=0] Follower __consumer_offsets-1 starts at leader epoch 3 from offset 0 with partition epoch 3 and high watermark 0. Current leader is -1. Previous leader Some(-1) and previous leader epoch was 3.
2025-10-05T23:24:34.613-04:00  INFO 50881 --- [r-event-handler] state.change.logger                      : [Broker id=0] Follower __consumer_offsets-34 starts at leader epoch 3 from offset 0 with partition epoch 3 and high watermark 0. Current leader is -1. Previous leader Some(-1) and previous leader epoch was 3.
2025-10-05T23:24:34.662-04:00  INFO 50881 --- [r-event-handler] state.change.logger                      : [Broker id=0] Follower __consumer_offsets-16 starts at leader epoch 3 from offset 0 with partition epoch 3 and high watermark 0. Current leader is -1. Previous leader Some(-1) and previous leader epoch was 3.
2025-10-05T23:24:34.669-04:00  INFO 50881 --- [r-event-handler] state.change.logger                      : [Broker id=0] Follower __consumer_offsets-45 starts at leader epoch 3 from offset 0 with partition epoch 3 and high watermark 0. Current leader is -1. Previous leader Some(-1) and previous leader epoch was 3.
2025-10-05T23:24:34.669-04:00  INFO 50881 --- [r-event-handler] state.change.logger                      : [Broker id=0] Follower __consumer_offsets-12 starts at leader epoch 3 from offset 0 with partition epoch 3 and high watermark 0. Current leader is -1. Previous leader Some(-1) and previous leader epoch was 3.
2025-10-05T23:24:34.669-04:00  INFO 50881 --- [r-event-handler] state.change.logger                      : [Broker id=0] Follower __consumer_offsets-41 starts at leader epoch 3 from offset 0 with partition epoch 3 and high watermark 0. Current leader is -1. Previous leader Some(-1) and previous leader epoch was 3.
2025-10-05T23:24:34.670-04:00  INFO 50881 --- [r-event-handler] state.change.logger                      : [Broker id=0] Follower __consumer_offsets-24 starts at leader epoch 3 from offset 0 with partition epoch 3 and high watermark 0. Current leader is -1. Previous leader Some(-1) and previous leader epoch was 3.
2025-10-05T23:24:34.671-04:00  INFO 50881 --- [r-event-handler] state.change.logger                      : [Broker id=0] Follower __consumer_offsets-20 starts at leader epoch 3 from offset 2 with partition epoch 3 and high watermark 2. Current leader is -1. Previous leader Some(-1) and previous leader epoch was 3.
2025-10-05T23:24:34.671-04:00  INFO 50881 --- [r-event-handler] state.change.logger                      : [Broker id=0] Follower __consumer_offsets-49 starts at leader epoch 3 from offset 0 with partition epoch 3 and high watermark 0. Current leader is -1. Previous leader Some(-1) and previous leader epoch was 3.
2025-10-05T23:24:34.671-04:00  INFO 50881 --- [r-event-handler] state.change.logger                      : [Broker id=0] Follower __consumer_offsets-0 starts at leader epoch 3 from offset 0 with partition epoch 3 and high watermark 0. Current leader is -1. Previous leader Some(-1) and previous leader epoch was 3.
2025-10-05T23:24:34.671-04:00  INFO 50881 --- [r-event-handler] state.change.logger                      : [Broker id=0] Follower __consumer_offsets-29 starts at leader epoch 3 from offset 0 with partition epoch 3 and high watermark 0. Current leader is -1. Previous leader Some(-1) and previous leader epoch was 3.
2025-10-05T23:24:34.672-04:00  INFO 50881 --- [r-event-handler] state.change.logger                      : [Broker id=0] Follower __consumer_offsets-25 starts at leader epoch 3 from offset 0 with partition epoch 3 and high watermark 0. Current leader is -1. Previous leader Some(-1) and previous leader epoch was 3.
2025-10-05T23:24:34.672-04:00  INFO 50881 --- [r-event-handler] state.change.logger                      : [Broker id=0] Follower __consumer_offsets-8 starts at leader epoch 3 from offset 0 with partition epoch 3 and high watermark 0. Current leader is -1. Previous leader Some(-1) and previous leader epoch was 3.
2025-10-05T23:24:34.672-04:00  INFO 50881 --- [r-event-handler] state.change.logger                      : [Broker id=0] Follower __consumer_offsets-37 starts at leader epoch 3 from offset 0 with partition epoch 3 and high watermark 0. Current leader is -1. Previous leader Some(-1) and previous leader epoch was 3.
2025-10-05T23:24:34.672-04:00  INFO 50881 --- [r-event-handler] state.change.logger                      : [Broker id=0] Follower __consumer_offsets-4 starts at leader epoch 3 from offset 0 with partition epoch 3 and high watermark 0. Current leader is -1. Previous leader Some(-1) and previous leader epoch was 3.
2025-10-05T23:24:34.672-04:00  INFO 50881 --- [r-event-handler] state.change.logger                      : [Broker id=0] Follower __consumer_offsets-33 starts at leader epoch 3 from offset 0 with partition epoch 3 and high watermark 0. Current leader is -1. Previous leader Some(-1) and previous leader epoch was 3.
2025-10-05T23:24:34.673-04:00  INFO 50881 --- [r-event-handler] state.change.logger                      : [Broker id=0] Follower __consumer_offsets-15 starts at leader epoch 3 from offset 0 with partition epoch 3 and high watermark 0. Current leader is -1. Previous leader Some(-1) and previous leader epoch was 3.
2025-10-05T23:24:34.673-04:00  INFO 50881 --- [r-event-handler] state.change.logger                      : [Broker id=0] Follower __consumer_offsets-48 starts at leader epoch 3 from offset 0 with partition epoch 3 and high watermark 0. Current leader is -1. Previous leader Some(-1) and previous leader epoch was 3.
2025-10-05T23:24:34.673-04:00  INFO 50881 --- [r-event-handler] state.change.logger                      : [Broker id=0] Follower __consumer_offsets-11 starts at leader epoch 3 from offset 0 with partition epoch 3 and high watermark 0. Current leader is -1. Previous leader Some(-1) and previous leader epoch was 3.
2025-10-05T23:24:34.676-04:00  INFO 50881 --- [r-event-handler] state.change.logger                      : [Broker id=0] Follower __consumer_offsets-44 starts at leader epoch 3 from offset 0 with partition epoch 3 and high watermark 0. Current leader is -1. Previous leader Some(-1) and previous leader epoch was 3.
2025-10-05T23:24:34.677-04:00  INFO 50881 --- [r-event-handler] state.change.logger                      : [Broker id=0] Follower __consumer_offsets-23 starts at leader epoch 3 from offset 0 with partition epoch 3 and high watermark 0. Current leader is -1. Previous leader Some(-1) and previous leader epoch was 3.
2025-10-05T23:24:34.677-04:00  INFO 50881 --- [r-event-handler] state.change.logger                      : [Broker id=0] Follower __consumer_offsets-19 starts at leader epoch 3 from offset 0 with partition epoch 3 and high watermark 0. Current leader is -1. Previous leader Some(-1) and previous leader epoch was 3.
2025-10-05T23:24:34.677-04:00  INFO 50881 --- [r-event-handler] state.change.logger                      : [Broker id=0] Follower __consumer_offsets-32 starts at leader epoch 3 from offset 0 with partition epoch 3 and high watermark 0. Current leader is -1. Previous leader Some(-1) and previous leader epoch was 3.
2025-10-05T23:24:34.677-04:00  INFO 50881 --- [r-event-handler] state.change.logger                      : [Broker id=0] Follower test-topic-0 starts at leader epoch 3 from offset 22 with partition epoch 3 and high watermark 22. Current leader is -1. Previous leader Some(-1) and previous leader epoch was 3.
2025-10-05T23:24:34.681-04:00  INFO 50881 --- [r-event-handler] state.change.logger                      : [Broker id=0] Follower __consumer_offsets-28 starts at leader epoch 3 from offset 0 with partition epoch 3 and high watermark 0. Current leader is -1. Previous leader Some(-1) and previous leader epoch was 3.
2025-10-05T23:24:34.682-04:00  INFO 50881 --- [r-event-handler] state.change.logger                      : [Broker id=0] Follower __consumer_offsets-7 starts at leader epoch 3 from offset 0 with partition epoch 3 and high watermark 0. Current leader is -1. Previous leader Some(-1) and previous leader epoch was 3.
2025-10-05T23:24:34.685-04:00  INFO 50881 --- [r-event-handler] state.change.logger                      : [Broker id=0] Follower __consumer_offsets-40 starts at leader epoch 3 from offset 0 with partition epoch 3 and high watermark 0. Current leader is -1. Previous leader Some(-1) and previous leader epoch was 3.
2025-10-05T23:24:34.686-04:00  INFO 50881 --- [r-event-handler] state.change.logger                      : [Broker id=0] Follower __consumer_offsets-3 starts at leader epoch 3 from offset 0 with partition epoch 3 and high watermark 0. Current leader is -1. Previous leader Some(-1) and previous leader epoch was 3.
2025-10-05T23:24:34.687-04:00  INFO 50881 --- [r-event-handler] state.change.logger                      : [Broker id=0] Follower __consumer_offsets-36 starts at leader epoch 3 from offset 0 with partition epoch 3 and high watermark 0. Current leader is -1. Previous leader Some(-1) and previous leader epoch was 3.
2025-10-05T23:24:34.687-04:00  INFO 50881 --- [r-event-handler] state.change.logger                      : [Broker id=0] Follower __consumer_offsets-47 starts at leader epoch 3 from offset 0 with partition epoch 3 and high watermark 0. Current leader is -1. Previous leader Some(-1) and previous leader epoch was 3.
2025-10-05T23:24:34.687-04:00  INFO 50881 --- [r-event-handler] state.change.logger                      : [Broker id=0] Follower __consumer_offsets-14 starts at leader epoch 3 from offset 0 with partition epoch 3 and high watermark 0. Current leader is -1. Previous leader Some(-1) and previous leader epoch was 3.
2025-10-05T23:24:34.687-04:00  INFO 50881 --- [r-event-handler] state.change.logger                      : [Broker id=0] Follower __consumer_offsets-43 starts at leader epoch 3 from offset 0 with partition epoch 3 and high watermark 0. Current leader is -1. Previous leader Some(-1) and previous leader epoch was 3.
2025-10-05T23:24:34.687-04:00  INFO 50881 --- [r-event-handler] state.change.logger                      : [Broker id=0] Follower __consumer_offsets-10 starts at leader epoch 3 from offset 0 with partition epoch 3 and high watermark 0. Current leader is -1. Previous leader Some(-1) and previous leader epoch was 3.
2025-10-05T23:24:34.687-04:00  INFO 50881 --- [r-event-handler] state.change.logger                      : [Broker id=0] Follower __consumer_offsets-22 starts at leader epoch 3 from offset 0 with partition epoch 3 and high watermark 0. Current leader is -1. Previous leader Some(-1) and previous leader epoch was 3.
2025-10-05T23:24:34.688-04:00  INFO 50881 --- [r-event-handler] state.change.logger                      : [Broker id=0] Follower __consumer_offsets-18 starts at leader epoch 3 from offset 0 with partition epoch 3 and high watermark 0. Current leader is -1. Previous leader Some(-1) and previous leader epoch was 3.
2025-10-05T23:24:34.688-04:00  INFO 50881 --- [r-event-handler] state.change.logger                      : [Broker id=0] Follower __consumer_offsets-31 starts at leader epoch 3 from offset 0 with partition epoch 3 and high watermark 0. Current leader is -1. Previous leader Some(-1) and previous leader epoch was 3.
2025-10-05T23:24:34.689-04:00  INFO 50881 --- [r-event-handler] state.change.logger                      : [Broker id=0] Follower __consumer_offsets-27 starts at leader epoch 3 from offset 0 with partition epoch 3 and high watermark 0. Current leader is -1. Previous leader Some(-1) and previous leader epoch was 3.
2025-10-05T23:24:34.690-04:00  INFO 50881 --- [r-event-handler] state.change.logger                      : [Broker id=0] Follower __consumer_offsets-39 starts at leader epoch 3 from offset 0 with partition epoch 3 and high watermark 0. Current leader is -1. Previous leader Some(-1) and previous leader epoch was 3.
2025-10-05T23:24:34.690-04:00  INFO 50881 --- [r-event-handler] state.change.logger                      : [Broker id=0] Follower __consumer_offsets-6 starts at leader epoch 3 from offset 0 with partition epoch 3 and high watermark 0. Current leader is -1. Previous leader Some(-1) and previous leader epoch was 3.
2025-10-05T23:24:34.690-04:00  INFO 50881 --- [r-event-handler] state.change.logger                      : [Broker id=0] Follower __consumer_offsets-35 starts at leader epoch 3 from offset 0 with partition epoch 3 and high watermark 0. Current leader is -1. Previous leader Some(-1) and previous leader epoch was 3.
2025-10-05T23:24:34.692-04:00  INFO 50881 --- [r-event-handler] state.change.logger                      : [Broker id=0] Follower __consumer_offsets-2 starts at leader epoch 3 from offset 0 with partition epoch 3 and high watermark 0. Current leader is -1. Previous leader Some(-1) and previous leader epoch was 3.
2025-10-05T23:24:34.696-04:00  INFO 50881 --- [r-event-handler] kafka.server.ReplicaFetcherManager       : [ReplicaFetcherManager on broker 0] Removed fetcher for partitions Set(__consumer_offsets-13, __consumer_offsets-46, __consumer_offsets-9, __consumer_offsets-42, __consumer_offsets-21, __consumer_offsets-17, __consumer_offsets-30, __consumer_offsets-26, __consumer_offsets-5, __consumer_offsets-38, __consumer_offsets-1, __consumer_offsets-34, __consumer_offsets-16, __consumer_offsets-45, __consumer_offsets-12, __consumer_offsets-41, __consumer_offsets-24, __consumer_offsets-20, __consumer_offsets-49, __consumer_offsets-0, __consumer_offsets-29, __consumer_offsets-25, __consumer_offsets-8, __consumer_offsets-37, __consumer_offsets-4, __consumer_offsets-33, __consumer_offsets-15, __consumer_offsets-48, __consumer_offsets-11, __consumer_offsets-44, __consumer_offsets-23, __consumer_offsets-19, __consumer_offsets-32, test-topic-0, __consumer_offsets-28, __consumer_offsets-7, __consumer_offsets-40, __consumer_offsets-3, __consumer_offsets-36, __consumer_offsets-47, __consumer_offsets-14, __consumer_offsets-43, __consumer_offsets-10, __consumer_offsets-22, __consumer_offsets-18, __consumer_offsets-31, __consumer_offsets-27, __consumer_offsets-39, __consumer_offsets-6, __consumer_offsets-35, __consumer_offsets-2)
2025-10-05T23:24:34.696-04:00  INFO 50881 --- [r-event-handler] state.change.logger                      : [Broker id=0] Stopped fetchers as part of become-follower for 51 partitions
2025-10-05T23:24:34.704-04:00  INFO 50881 --- [r-event-handler] state.change.logger                      : [Broker id=0] Started fetchers as part of become-follower for 51 partitions
2025-10-05T23:24:34.995-04:00  INFO 50881 --- [r-event-handler] k.coordinator.group.GroupCoordinator     : [GroupCoordinator 0]: Resigned as the group coordinator for partition 13 in epoch OptionalInt[3]
2025-10-05T23:24:34.996-04:00  INFO 50881 --- [r-event-handler] k.c.group.GroupMetadataManager           : [GroupMetadataManager brokerId=0] Scheduling unloading of offsets and group metadata from __consumer_offsets-13
2025-10-05T23:24:34.997-04:00  INFO 50881 --- [r-event-handler] k.coordinator.group.GroupCoordinator     : [GroupCoordinator 0]: Resigned as the group coordinator for partition 46 in epoch OptionalInt[3]
2025-10-05T23:24:34.999-04:00  INFO 50881 --- [adata-manager-0] k.c.group.GroupMetadataManager           : [GroupMetadataManager brokerId=0] Finished unloading __consumer_offsets-13 for coordinator epoch OptionalInt[3]. Removed 0 cached offsets and 0 cached groups.
2025-10-05T23:24:34.998-04:00  INFO 50881 --- [r-event-handler] k.c.group.GroupMetadataManager           : [GroupMetadataManager brokerId=0] Scheduling unloading of offsets and group metadata from __consumer_offsets-46
2025-10-05T23:24:34.999-04:00  INFO 50881 --- [adata-manager-0] k.c.group.GroupMetadataManager           : [GroupMetadataManager brokerId=0] Finished unloading __consumer_offsets-46 for coordinator epoch OptionalInt[3]. Removed 0 cached offsets and 0 cached groups.
2025-10-05T23:24:35.000-04:00  INFO 50881 --- [r-event-handler] k.coordinator.group.GroupCoordinator     : [GroupCoordinator 0]: Resigned as the group coordinator for partition 9 in epoch OptionalInt[3]
2025-10-05T23:24:35.000-04:00  INFO 50881 --- [r-event-handler] k.c.group.GroupMetadataManager           : [GroupMetadataManager brokerId=0] Scheduling unloading of offsets and group metadata from __consumer_offsets-9
2025-10-05T23:24:35.000-04:00  INFO 50881 --- [r-event-handler] k.coordinator.group.GroupCoordinator     : [GroupCoordinator 0]: Resigned as the group coordinator for partition 42 in epoch OptionalInt[3]
2025-10-05T23:24:35.000-04:00  INFO 50881 --- [r-event-handler] k.c.group.GroupMetadataManager           : [GroupMetadataManager brokerId=0] Scheduling unloading of offsets and group metadata from __consumer_offsets-42
2025-10-05T23:24:35.000-04:00  INFO 50881 --- [r-event-handler] k.coordinator.group.GroupCoordinator     : [GroupCoordinator 0]: Resigned as the group coordinator for partition 21 in epoch OptionalInt[3]
2025-10-05T23:24:35.000-04:00  INFO 50881 --- [r-event-handler] k.c.group.GroupMetadataManager           : [GroupMetadataManager brokerId=0] Scheduling unloading of offsets and group metadata from __consumer_offsets-21
2025-10-05T23:24:35.000-04:00  INFO 50881 --- [r-event-handler] k.coordinator.group.GroupCoordinator     : [GroupCoordinator 0]: Resigned as the group coordinator for partition 17 in epoch OptionalInt[3]
2025-10-05T23:24:35.001-04:00  INFO 50881 --- [r-event-handler] k.c.group.GroupMetadataManager           : [GroupMetadataManager brokerId=0] Scheduling unloading of offsets and group metadata from __consumer_offsets-17
2025-10-05T23:24:35.001-04:00  INFO 50881 --- [r-event-handler] k.coordinator.group.GroupCoordinator     : [GroupCoordinator 0]: Resigned as the group coordinator for partition 30 in epoch OptionalInt[3]
2025-10-05T23:24:35.001-04:00  INFO 50881 --- [r-event-handler] k.c.group.GroupMetadataManager           : [GroupMetadataManager brokerId=0] Scheduling unloading of offsets and group metadata from __consumer_offsets-30
2025-10-05T23:24:35.001-04:00  INFO 50881 --- [adata-manager-0] k.c.group.GroupMetadataManager           : [GroupMetadataManager brokerId=0] Finished unloading __consumer_offsets-9 for coordinator epoch OptionalInt[3]. Removed 0 cached offsets and 0 cached groups.
2025-10-05T23:24:35.001-04:00  INFO 50881 --- [adata-manager-0] k.c.group.GroupMetadataManager           : [GroupMetadataManager brokerId=0] Finished unloading __consumer_offsets-42 for coordinator epoch OptionalInt[3]. Removed 0 cached offsets and 0 cached groups.
2025-10-05T23:24:35.001-04:00  INFO 50881 --- [adata-manager-0] k.c.group.GroupMetadataManager           : [GroupMetadataManager brokerId=0] Finished unloading __consumer_offsets-21 for coordinator epoch OptionalInt[3]. Removed 0 cached offsets and 0 cached groups.
2025-10-05T23:24:35.001-04:00  INFO 50881 --- [adata-manager-0] k.c.group.GroupMetadataManager           : [GroupMetadataManager brokerId=0] Finished unloading __consumer_offsets-17 for coordinator epoch OptionalInt[3]. Removed 0 cached offsets and 0 cached groups.
2025-10-05T23:24:35.001-04:00  INFO 50881 --- [adata-manager-0] k.c.group.GroupMetadataManager           : [GroupMetadataManager brokerId=0] Finished unloading __consumer_offsets-30 for coordinator epoch OptionalInt[3]. Removed 0 cached offsets and 0 cached groups.
2025-10-05T23:24:35.001-04:00  INFO 50881 --- [r-event-handler] k.coordinator.group.GroupCoordinator     : [GroupCoordinator 0]: Resigned as the group coordinator for partition 26 in epoch OptionalInt[3]
2025-10-05T23:24:35.001-04:00  INFO 50881 --- [r-event-handler] k.c.group.GroupMetadataManager           : [GroupMetadataManager brokerId=0] Scheduling unloading of offsets and group metadata from __consumer_offsets-26
2025-10-05T23:24:35.002-04:00  INFO 50881 --- [adata-manager-0] k.c.group.GroupMetadataManager           : [GroupMetadataManager brokerId=0] Finished unloading __consumer_offsets-26 for coordinator epoch OptionalInt[3]. Removed 0 cached offsets and 0 cached groups.
2025-10-05T23:24:35.007-04:00  INFO 50881 --- [r-event-handler] k.coordinator.group.GroupCoordinator     : [GroupCoordinator 0]: Resigned as the group coordinator for partition 5 in epoch OptionalInt[3]
2025-10-05T23:24:35.007-04:00  INFO 50881 --- [r-event-handler] k.c.group.GroupMetadataManager           : [GroupMetadataManager brokerId=0] Scheduling unloading of offsets and group metadata from __consumer_offsets-5
2025-10-05T23:24:35.007-04:00  INFO 50881 --- [r-event-handler] k.coordinator.group.GroupCoordinator     : [GroupCoordinator 0]: Resigned as the group coordinator for partition 38 in epoch OptionalInt[3]
2025-10-05T23:24:35.007-04:00  INFO 50881 --- [r-event-handler] k.c.group.GroupMetadataManager           : [GroupMetadataManager brokerId=0] Scheduling unloading of offsets and group metadata from __consumer_offsets-38
2025-10-05T23:24:35.007-04:00  INFO 50881 --- [adata-manager-0] k.c.group.GroupMetadataManager           : [GroupMetadataManager brokerId=0] Finished unloading __consumer_offsets-5 for coordinator epoch OptionalInt[3]. Removed 0 cached offsets and 0 cached groups.
2025-10-05T23:24:35.007-04:00  INFO 50881 --- [adata-manager-0] k.c.group.GroupMetadataManager           : [GroupMetadataManager brokerId=0] Finished unloading __consumer_offsets-38 for coordinator epoch OptionalInt[3]. Removed 0 cached offsets and 0 cached groups.
2025-10-05T23:24:35.007-04:00  INFO 50881 --- [r-event-handler] k.coordinator.group.GroupCoordinator     : [GroupCoordinator 0]: Resigned as the group coordinator for partition 1 in epoch OptionalInt[3]
2025-10-05T23:24:35.007-04:00  INFO 50881 --- [r-event-handler] k.c.group.GroupMetadataManager           : [GroupMetadataManager brokerId=0] Scheduling unloading of offsets and group metadata from __consumer_offsets-1
2025-10-05T23:24:35.007-04:00  INFO 50881 --- [r-event-handler] k.coordinator.group.GroupCoordinator     : [GroupCoordinator 0]: Resigned as the group coordinator for partition 34 in epoch OptionalInt[3]
2025-10-05T23:24:35.007-04:00  INFO 50881 --- [adata-manager-0] k.c.group.GroupMetadataManager           : [GroupMetadataManager brokerId=0] Finished unloading __consumer_offsets-1 for coordinator epoch OptionalInt[3]. Removed 0 cached offsets and 0 cached groups.
2025-10-05T23:24:35.007-04:00  INFO 50881 --- [r-event-handler] k.c.group.GroupMetadataManager           : [GroupMetadataManager brokerId=0] Scheduling unloading of offsets and group metadata from __consumer_offsets-34
2025-10-05T23:24:35.007-04:00  INFO 50881 --- [r-event-handler] k.coordinator.group.GroupCoordinator     : [GroupCoordinator 0]: Resigned as the group coordinator for partition 16 in epoch OptionalInt[3]
2025-10-05T23:24:35.007-04:00  INFO 50881 --- [r-event-handler] k.c.group.GroupMetadataManager           : [GroupMetadataManager brokerId=0] Scheduling unloading of offsets and group metadata from __consumer_offsets-16
2025-10-05T23:24:35.007-04:00  INFO 50881 --- [adata-manager-0] k.c.group.GroupMetadataManager           : [GroupMetadataManager brokerId=0] Finished unloading __consumer_offsets-34 for coordinator epoch OptionalInt[3]. Removed 0 cached offsets and 0 cached groups.
2025-10-05T23:24:35.007-04:00  INFO 50881 --- [r-event-handler] k.coordinator.group.GroupCoordinator     : [GroupCoordinator 0]: Resigned as the group coordinator for partition 45 in epoch OptionalInt[3]
2025-10-05T23:24:35.007-04:00  INFO 50881 --- [r-event-handler] k.c.group.GroupMetadataManager           : [GroupMetadataManager brokerId=0] Scheduling unloading of offsets and group metadata from __consumer_offsets-45
2025-10-05T23:24:35.007-04:00  INFO 50881 --- [adata-manager-0] k.c.group.GroupMetadataManager           : [GroupMetadataManager brokerId=0] Finished unloading __consumer_offsets-16 for coordinator epoch OptionalInt[3]. Removed 0 cached offsets and 0 cached groups.
2025-10-05T23:24:35.007-04:00  INFO 50881 --- [r-event-handler] k.coordinator.group.GroupCoordinator     : [GroupCoordinator 0]: Resigned as the group coordinator for partition 12 in epoch OptionalInt[3]
2025-10-05T23:24:35.007-04:00  INFO 50881 --- [adata-manager-0] k.c.group.GroupMetadataManager           : [GroupMetadataManager brokerId=0] Finished unloading __consumer_offsets-45 for coordinator epoch OptionalInt[3]. Removed 0 cached offsets and 0 cached groups.
2025-10-05T23:24:35.007-04:00  INFO 50881 --- [r-event-handler] k.c.group.GroupMetadataManager           : [GroupMetadataManager brokerId=0] Scheduling unloading of offsets and group metadata from __consumer_offsets-12
2025-10-05T23:24:35.008-04:00  INFO 50881 --- [r-event-handler] k.coordinator.group.GroupCoordinator     : [GroupCoordinator 0]: Resigned as the group coordinator for partition 41 in epoch OptionalInt[3]
2025-10-05T23:24:35.008-04:00  INFO 50881 --- [r-event-handler] k.c.group.GroupMetadataManager           : [GroupMetadataManager brokerId=0] Scheduling unloading of offsets and group metadata from __consumer_offsets-41
2025-10-05T23:24:35.008-04:00  INFO 50881 --- [adata-manager-0] k.c.group.GroupMetadataManager           : [GroupMetadataManager brokerId=0] Finished unloading __consumer_offsets-12 for coordinator epoch OptionalInt[3]. Removed 0 cached offsets and 0 cached groups.
2025-10-05T23:24:35.008-04:00  INFO 50881 --- [r-event-handler] k.coordinator.group.GroupCoordinator     : [GroupCoordinator 0]: Resigned as the group coordinator for partition 24 in epoch OptionalInt[3]
2025-10-05T23:24:35.008-04:00  INFO 50881 --- [adata-manager-0] k.c.group.GroupMetadataManager           : [GroupMetadataManager brokerId=0] Finished unloading __consumer_offsets-41 for coordinator epoch OptionalInt[3]. Removed 0 cached offsets and 0 cached groups.
2025-10-05T23:24:35.008-04:00  INFO 50881 --- [r-event-handler] k.c.group.GroupMetadataManager           : [GroupMetadataManager brokerId=0] Scheduling unloading of offsets and group metadata from __consumer_offsets-24
2025-10-05T23:24:35.008-04:00  INFO 50881 --- [r-event-handler] k.coordinator.group.GroupCoordinator     : [GroupCoordinator 0]: Resigned as the group coordinator for partition 20 in epoch OptionalInt[3]
2025-10-05T23:24:35.008-04:00  INFO 50881 --- [r-event-handler] k.c.group.GroupMetadataManager           : [GroupMetadataManager brokerId=0] Scheduling unloading of offsets and group metadata from __consumer_offsets-20
2025-10-05T23:24:35.008-04:00  INFO 50881 --- [r-event-handler] k.coordinator.group.GroupCoordinator     : [GroupCoordinator 0]: Resigned as the group coordinator for partition 49 in epoch OptionalInt[3]
2025-10-05T23:24:35.008-04:00  INFO 50881 --- [r-event-handler] k.c.group.GroupMetadataManager           : [GroupMetadataManager brokerId=0] Scheduling unloading of offsets and group metadata from __consumer_offsets-49
2025-10-05T23:24:35.008-04:00  INFO 50881 --- [r-event-handler] k.coordinator.group.GroupCoordinator     : [GroupCoordinator 0]: Resigned as the group coordinator for partition 0 in epoch OptionalInt[3]
2025-10-05T23:24:35.008-04:00  INFO 50881 --- [r-event-handler] k.c.group.GroupMetadataManager           : [GroupMetadataManager brokerId=0] Scheduling unloading of offsets and group metadata from __consumer_offsets-0
2025-10-05T23:24:35.008-04:00  INFO 50881 --- [r-event-handler] k.coordinator.group.GroupCoordinator     : [GroupCoordinator 0]: Resigned as the group coordinator for partition 29 in epoch OptionalInt[3]
2025-10-05T23:24:35.009-04:00  INFO 50881 --- [r-event-handler] k.c.group.GroupMetadataManager           : [GroupMetadataManager brokerId=0] Scheduling unloading of offsets and group metadata from __consumer_offsets-29
2025-10-05T23:24:35.009-04:00  INFO 50881 --- [r-event-handler] k.coordinator.group.GroupCoordinator     : [GroupCoordinator 0]: Resigned as the group coordinator for partition 25 in epoch OptionalInt[3]
2025-10-05T23:24:35.009-04:00  INFO 50881 --- [r-event-handler] k.c.group.GroupMetadataManager           : [GroupMetadataManager brokerId=0] Scheduling unloading of offsets and group metadata from __consumer_offsets-25
2025-10-05T23:24:35.009-04:00  INFO 50881 --- [r-event-handler] k.coordinator.group.GroupCoordinator     : [GroupCoordinator 0]: Resigned as the group coordinator for partition 8 in epoch OptionalInt[3]
2025-10-05T23:24:35.009-04:00  INFO 50881 --- [r-event-handler] k.c.group.GroupMetadataManager           : [GroupMetadataManager brokerId=0] Scheduling unloading of offsets and group metadata from __consumer_offsets-8
2025-10-05T23:24:35.008-04:00  INFO 50881 --- [adata-manager-0] k.c.group.GroupMetadataManager           : [GroupMetadataManager brokerId=0] Finished unloading __consumer_offsets-24 for coordinator epoch OptionalInt[3]. Removed 0 cached offsets and 0 cached groups.
2025-10-05T23:24:35.009-04:00  INFO 50881 --- [r-event-handler] k.coordinator.group.GroupCoordinator     : [GroupCoordinator 0]: Resigned as the group coordinator for partition 37 in epoch OptionalInt[3]
2025-10-05T23:24:35.009-04:00  INFO 50881 --- [adata-manager-0] k.coordinator.group.GroupCoordinator     : [GroupCoordinator 0]: Unloading group metadata for midas-core with generation 1
2025-10-05T23:24:35.010-04:00  INFO 50881 --- [r-event-handler] k.c.group.GroupMetadataManager           : [GroupMetadataManager brokerId=0] Scheduling unloading of offsets and group metadata from __consumer_offsets-37
2025-10-05T23:24:35.010-04:00  INFO 50881 --- [r-event-handler] k.coordinator.group.GroupCoordinator     : [GroupCoordinator 0]: Resigned as the group coordinator for partition 4 in epoch OptionalInt[3]
2025-10-05T23:24:35.010-04:00  INFO 50881 --- [r-event-handler] k.c.group.GroupMetadataManager           : [GroupMetadataManager brokerId=0] Scheduling unloading of offsets and group metadata from __consumer_offsets-4
2025-10-05T23:24:35.010-04:00  INFO 50881 --- [r-event-handler] k.coordinator.group.GroupCoordinator     : [GroupCoordinator 0]: Resigned as the group coordinator for partition 33 in epoch OptionalInt[3]
2025-10-05T23:24:35.011-04:00  INFO 50881 --- [r-event-handler] k.c.group.GroupMetadataManager           : [GroupMetadataManager brokerId=0] Scheduling unloading of offsets and group metadata from __consumer_offsets-33
2025-10-05T23:24:35.011-04:00  INFO 50881 --- [r-event-handler] k.coordinator.group.GroupCoordinator     : [GroupCoordinator 0]: Resigned as the group coordinator for partition 15 in epoch OptionalInt[3]
2025-10-05T23:24:35.011-04:00  INFO 50881 --- [r-event-handler] k.c.group.GroupMetadataManager           : [GroupMetadataManager brokerId=0] Scheduling unloading of offsets and group metadata from __consumer_offsets-15
2025-10-05T23:24:35.011-04:00  INFO 50881 --- [r-event-handler] k.coordinator.group.GroupCoordinator     : [GroupCoordinator 0]: Resigned as the group coordinator for partition 48 in epoch OptionalInt[3]
2025-10-05T23:24:35.011-04:00  INFO 50881 --- [r-event-handler] k.c.group.GroupMetadataManager           : [GroupMetadataManager brokerId=0] Scheduling unloading of offsets and group metadata from __consumer_offsets-48
2025-10-05T23:24:35.011-04:00  INFO 50881 --- [r-event-handler] k.coordinator.group.GroupCoordinator     : [GroupCoordinator 0]: Resigned as the group coordinator for partition 11 in epoch OptionalInt[3]
2025-10-05T23:24:35.011-04:00  INFO 50881 --- [r-event-handler] k.c.group.GroupMetadataManager           : [GroupMetadataManager brokerId=0] Scheduling unloading of offsets and group metadata from __consumer_offsets-11
2025-10-05T23:24:35.011-04:00  INFO 50881 --- [r-event-handler] k.coordinator.group.GroupCoordinator     : [GroupCoordinator 0]: Resigned as the group coordinator for partition 44 in epoch OptionalInt[3]
2025-10-05T23:24:35.011-04:00  INFO 50881 --- [r-event-handler] k.c.group.GroupMetadataManager           : [GroupMetadataManager brokerId=0] Scheduling unloading of offsets and group metadata from __consumer_offsets-44
2025-10-05T23:24:35.011-04:00  INFO 50881 --- [r-event-handler] k.coordinator.group.GroupCoordinator     : [GroupCoordinator 0]: Resigned as the group coordinator for partition 23 in epoch OptionalInt[3]
2025-10-05T23:24:35.011-04:00  INFO 50881 --- [r-event-handler] k.c.group.GroupMetadataManager           : [GroupMetadataManager brokerId=0] Scheduling unloading of offsets and group metadata from __consumer_offsets-23
2025-10-05T23:24:35.011-04:00  INFO 50881 --- [r-event-handler] k.coordinator.group.GroupCoordinator     : [GroupCoordinator 0]: Resigned as the group coordinator for partition 19 in epoch OptionalInt[3]
2025-10-05T23:24:35.011-04:00  INFO 50881 --- [r-event-handler] k.c.group.GroupMetadataManager           : [GroupMetadataManager brokerId=0] Scheduling unloading of offsets and group metadata from __consumer_offsets-19
2025-10-05T23:24:35.011-04:00  INFO 50881 --- [r-event-handler] k.coordinator.group.GroupCoordinator     : [GroupCoordinator 0]: Resigned as the group coordinator for partition 32 in epoch OptionalInt[3]
2025-10-05T23:24:35.011-04:00  INFO 50881 --- [r-event-handler] k.c.group.GroupMetadataManager           : [GroupMetadataManager brokerId=0] Scheduling unloading of offsets and group metadata from __consumer_offsets-32
2025-10-05T23:24:35.011-04:00  INFO 50881 --- [r-event-handler] k.coordinator.group.GroupCoordinator     : [GroupCoordinator 0]: Resigned as the group coordinator for partition 28 in epoch OptionalInt[3]
2025-10-05T23:24:35.011-04:00  INFO 50881 --- [r-event-handler] k.c.group.GroupMetadataManager           : [GroupMetadataManager brokerId=0] Scheduling unloading of offsets and group metadata from __consumer_offsets-28
2025-10-05T23:24:35.011-04:00  INFO 50881 --- [r-event-handler] k.coordinator.group.GroupCoordinator     : [GroupCoordinator 0]: Resigned as the group coordinator for partition 7 in epoch OptionalInt[3]
2025-10-05T23:24:35.011-04:00  INFO 50881 --- [r-event-handler] k.c.group.GroupMetadataManager           : [GroupMetadataManager brokerId=0] Scheduling unloading of offsets and group metadata from __consumer_offsets-7
2025-10-05T23:24:35.011-04:00  INFO 50881 --- [r-event-handler] k.coordinator.group.GroupCoordinator     : [GroupCoordinator 0]: Resigned as the group coordinator for partition 40 in epoch OptionalInt[3]
2025-10-05T23:24:35.011-04:00  INFO 50881 --- [r-event-handler] k.c.group.GroupMetadataManager           : [GroupMetadataManager brokerId=0] Scheduling unloading of offsets and group metadata from __consumer_offsets-40
2025-10-05T23:24:35.011-04:00  INFO 50881 --- [r-event-handler] k.coordinator.group.GroupCoordinator     : [GroupCoordinator 0]: Resigned as the group coordinator for partition 3 in epoch OptionalInt[3]
2025-10-05T23:24:35.012-04:00  INFO 50881 --- [r-event-handler] k.c.group.GroupMetadataManager           : [GroupMetadataManager brokerId=0] Scheduling unloading of offsets and group metadata from __consumer_offsets-3
2025-10-05T23:24:35.012-04:00  INFO 50881 --- [r-event-handler] k.coordinator.group.GroupCoordinator     : [GroupCoordinator 0]: Resigned as the group coordinator for partition 36 in epoch OptionalInt[3]
2025-10-05T23:24:35.012-04:00  INFO 50881 --- [r-event-handler] k.c.group.GroupMetadataManager           : [GroupMetadataManager brokerId=0] Scheduling unloading of offsets and group metadata from __consumer_offsets-36
2025-10-05T23:24:35.012-04:00  INFO 50881 --- [r-event-handler] k.coordinator.group.GroupCoordinator     : [GroupCoordinator 0]: Resigned as the group coordinator for partition 47 in epoch OptionalInt[3]
2025-10-05T23:24:35.012-04:00  INFO 50881 --- [r-event-handler] k.c.group.GroupMetadataManager           : [GroupMetadataManager brokerId=0] Scheduling unloading of offsets and group metadata from __consumer_offsets-47
2025-10-05T23:24:35.012-04:00  INFO 50881 --- [r-event-handler] k.coordinator.group.GroupCoordinator     : [GroupCoordinator 0]: Resigned as the group coordinator for partition 14 in epoch OptionalInt[3]
2025-10-05T23:24:35.012-04:00  INFO 50881 --- [r-event-handler] k.c.group.GroupMetadataManager           : [GroupMetadataManager brokerId=0] Scheduling unloading of offsets and group metadata from __consumer_offsets-14
2025-10-05T23:24:35.012-04:00  INFO 50881 --- [r-event-handler] k.coordinator.group.GroupCoordinator     : [GroupCoordinator 0]: Resigned as the group coordinator for partition 43 in epoch OptionalInt[3]
2025-10-05T23:24:35.012-04:00  INFO 50881 --- [r-event-handler] k.c.group.GroupMetadataManager           : [GroupMetadataManager brokerId=0] Scheduling unloading of offsets and group metadata from __consumer_offsets-43
2025-10-05T23:24:35.013-04:00  INFO 50881 --- [r-event-handler] k.coordinator.group.GroupCoordinator     : [GroupCoordinator 0]: Resigned as the group coordinator for partition 10 in epoch OptionalInt[3]
2025-10-05T23:24:35.013-04:00  INFO 50881 --- [r-event-handler] k.c.group.GroupMetadataManager           : [GroupMetadataManager brokerId=0] Scheduling unloading of offsets and group metadata from __consumer_offsets-10
2025-10-05T23:24:35.013-04:00  INFO 50881 --- [adata-manager-0] k.c.group.GroupMetadataManager           : [GroupMetadataManager brokerId=0] Finished unloading __consumer_offsets-20 for coordinator epoch OptionalInt[3]. Removed 1 cached offsets and 1 cached groups.
2025-10-05T23:24:35.013-04:00  INFO 50881 --- [adata-manager-0] k.c.group.GroupMetadataManager           : [GroupMetadataManager brokerId=0] Finished unloading __consumer_offsets-49 for coordinator epoch OptionalInt[3]. Removed 0 cached offsets and 0 cached groups.
2025-10-05T23:24:35.013-04:00  INFO 50881 --- [adata-manager-0] k.c.group.GroupMetadataManager           : [GroupMetadataManager brokerId=0] Finished unloading __consumer_offsets-0 for coordinator epoch OptionalInt[3]. Removed 0 cached offsets and 0 cached groups.
2025-10-05T23:24:35.014-04:00  INFO 50881 --- [adata-manager-0] k.c.group.GroupMetadataManager           : [GroupMetadataManager brokerId=0] Finished unloading __consumer_offsets-29 for coordinator epoch OptionalInt[3]. Removed 0 cached offsets and 0 cached groups.
2025-10-05T23:24:35.013-04:00  INFO 50881 --- [r-event-handler] k.coordinator.group.GroupCoordinator     : [GroupCoordinator 0]: Resigned as the group coordinator for partition 22 in epoch OptionalInt[3]
2025-10-05T23:24:35.014-04:00  INFO 50881 --- [r-event-handler] k.c.group.GroupMetadataManager           : [GroupMetadataManager brokerId=0] Scheduling unloading of offsets and group metadata from __consumer_offsets-22
2025-10-05T23:24:35.014-04:00  INFO 50881 --- [adata-manager-0] k.c.group.GroupMetadataManager           : [GroupMetadataManager brokerId=0] Finished unloading __consumer_offsets-25 for coordinator epoch OptionalInt[3]. Removed 0 cached offsets and 0 cached groups.
2025-10-05T23:24:35.014-04:00  INFO 50881 --- [adata-manager-0] k.c.group.GroupMetadataManager           : [GroupMetadataManager brokerId=0] Finished unloading __consumer_offsets-8 for coordinator epoch OptionalInt[3]. Removed 0 cached offsets and 0 cached groups.
2025-10-05T23:24:35.014-04:00  INFO 50881 --- [r-event-handler] k.coordinator.group.GroupCoordinator     : [GroupCoordinator 0]: Resigned as the group coordinator for partition 18 in epoch OptionalInt[3]
2025-10-05T23:24:35.014-04:00  INFO 50881 --- [r-event-handler] k.c.group.GroupMetadataManager           : [GroupMetadataManager brokerId=0] Scheduling unloading of offsets and group metadata from __consumer_offsets-18
2025-10-05T23:24:35.014-04:00  INFO 50881 --- [adata-manager-0] k.c.group.GroupMetadataManager           : [GroupMetadataManager brokerId=0] Finished unloading __consumer_offsets-37 for coordinator epoch OptionalInt[3]. Removed 0 cached offsets and 0 cached groups.
2025-10-05T23:24:35.014-04:00  INFO 50881 --- [r-event-handler] k.coordinator.group.GroupCoordinator     : [GroupCoordinator 0]: Resigned as the group coordinator for partition 31 in epoch OptionalInt[3]
2025-10-05T23:24:35.014-04:00  INFO 50881 --- [r-event-handler] k.c.group.GroupMetadataManager           : [GroupMetadataManager brokerId=0] Scheduling unloading of offsets and group metadata from __consumer_offsets-31
2025-10-05T23:24:35.014-04:00  INFO 50881 --- [r-event-handler] k.coordinator.group.GroupCoordinator     : [GroupCoordinator 0]: Resigned as the group coordinator for partition 27 in epoch OptionalInt[3]
2025-10-05T23:24:35.014-04:00  INFO 50881 --- [r-event-handler] k.c.group.GroupMetadataManager           : [GroupMetadataManager brokerId=0] Scheduling unloading of offsets and group metadata from __consumer_offsets-27
2025-10-05T23:24:35.014-04:00  INFO 50881 --- [r-event-handler] k.coordinator.group.GroupCoordinator     : [GroupCoordinator 0]: Resigned as the group coordinator for partition 39 in epoch OptionalInt[3]
2025-10-05T23:24:35.014-04:00  INFO 50881 --- [r-event-handler] k.c.group.GroupMetadataManager           : [GroupMetadataManager brokerId=0] Scheduling unloading of offsets and group metadata from __consumer_offsets-39
2025-10-05T23:24:35.014-04:00  INFO 50881 --- [r-event-handler] k.coordinator.group.GroupCoordinator     : [GroupCoordinator 0]: Resigned as the group coordinator for partition 6 in epoch OptionalInt[3]
2025-10-05T23:24:35.014-04:00  INFO 50881 --- [r-event-handler] k.c.group.GroupMetadataManager           : [GroupMetadataManager brokerId=0] Scheduling unloading of offsets and group metadata from __consumer_offsets-6
2025-10-05T23:24:35.014-04:00  INFO 50881 --- [adata-manager-0] k.c.group.GroupMetadataManager           : [GroupMetadataManager brokerId=0] Finished unloading __consumer_offsets-4 for coordinator epoch OptionalInt[3]. Removed 0 cached offsets and 0 cached groups.
2025-10-05T23:24:35.015-04:00  INFO 50881 --- [adata-manager-0] k.c.group.GroupMetadataManager           : [GroupMetadataManager brokerId=0] Finished unloading __consumer_offsets-33 for coordinator epoch OptionalInt[3]. Removed 0 cached offsets and 0 cached groups.
2025-10-05T23:24:35.015-04:00  INFO 50881 --- [r-event-handler] k.coordinator.group.GroupCoordinator     : [GroupCoordinator 0]: Resigned as the group coordinator for partition 35 in epoch OptionalInt[3]
2025-10-05T23:24:35.015-04:00  INFO 50881 --- [adata-manager-0] k.c.group.GroupMetadataManager           : [GroupMetadataManager brokerId=0] Finished unloading __consumer_offsets-15 for coordinator epoch OptionalInt[3]. Removed 0 cached offsets and 0 cached groups.
2025-10-05T23:24:35.015-04:00  INFO 50881 --- [r-event-handler] k.c.group.GroupMetadataManager           : [GroupMetadataManager brokerId=0] Scheduling unloading of offsets and group metadata from __consumer_offsets-35
2025-10-05T23:24:35.015-04:00  INFO 50881 --- [r-event-handler] k.coordinator.group.GroupCoordinator     : [GroupCoordinator 0]: Resigned as the group coordinator for partition 2 in epoch OptionalInt[3]
2025-10-05T23:24:35.015-04:00  INFO 50881 --- [adata-manager-0] k.c.group.GroupMetadataManager           : [GroupMetadataManager brokerId=0] Finished unloading __consumer_offsets-48 for coordinator epoch OptionalInt[3]. Removed 0 cached offsets and 0 cached groups.
2025-10-05T23:24:35.015-04:00  INFO 50881 --- [r-event-handler] k.c.group.GroupMetadataManager           : [GroupMetadataManager brokerId=0] Scheduling unloading of offsets and group metadata from __consumer_offsets-2
2025-10-05T23:24:35.015-04:00  INFO 50881 --- [adata-manager-0] k.c.group.GroupMetadataManager           : [GroupMetadataManager brokerId=0] Finished unloading __consumer_offsets-11 for coordinator epoch OptionalInt[3]. Removed 0 cached offsets and 0 cached groups.
2025-10-05T23:24:35.015-04:00  INFO 50881 --- [adata-manager-0] k.c.group.GroupMetadataManager           : [GroupMetadataManager brokerId=0] Finished unloading __consumer_offsets-44 for coordinator epoch OptionalInt[3]. Removed 0 cached offsets and 0 cached groups.
2025-10-05T23:24:35.015-04:00  INFO 50881 --- [adata-manager-0] k.c.group.GroupMetadataManager           : [GroupMetadataManager brokerId=0] Finished unloading __consumer_offsets-23 for coordinator epoch OptionalInt[3]. Removed 0 cached offsets and 0 cached groups.
2025-10-05T23:24:35.015-04:00  INFO 50881 --- [adata-manager-0] k.c.group.GroupMetadataManager           : [GroupMetadataManager brokerId=0] Finished unloading __consumer_offsets-19 for coordinator epoch OptionalInt[3]. Removed 0 cached offsets and 0 cached groups.
2025-10-05T23:24:35.015-04:00  INFO 50881 --- [adata-manager-0] k.c.group.GroupMetadataManager           : [GroupMetadataManager brokerId=0] Finished unloading __consumer_offsets-32 for coordinator epoch OptionalInt[3]. Removed 0 cached offsets and 0 cached groups.
2025-10-05T23:24:35.015-04:00  INFO 50881 --- [adata-manager-0] k.c.group.GroupMetadataManager           : [GroupMetadataManager brokerId=0] Finished unloading __consumer_offsets-28 for coordinator epoch OptionalInt[3]. Removed 0 cached offsets and 0 cached groups.
2025-10-05T23:24:35.015-04:00  INFO 50881 --- [adata-manager-0] k.c.group.GroupMetadataManager           : [GroupMetadataManager brokerId=0] Finished unloading __consumer_offsets-7 for coordinator epoch OptionalInt[3]. Removed 0 cached offsets and 0 cached groups.
2025-10-05T23:24:35.016-04:00  INFO 50881 --- [adata-manager-0] k.c.group.GroupMetadataManager           : [GroupMetadataManager brokerId=0] Finished unloading __consumer_offsets-40 for coordinator epoch OptionalInt[3]. Removed 0 cached offsets and 0 cached groups.
2025-10-05T23:24:35.016-04:00  INFO 50881 --- [adata-manager-0] k.c.group.GroupMetadataManager           : [GroupMetadataManager brokerId=0] Finished unloading __consumer_offsets-3 for coordinator epoch OptionalInt[3]. Removed 0 cached offsets and 0 cached groups.
2025-10-05T23:24:35.016-04:00  INFO 50881 --- [adata-manager-0] k.c.group.GroupMetadataManager           : [GroupMetadataManager brokerId=0] Finished unloading __consumer_offsets-36 for coordinator epoch OptionalInt[3]. Removed 0 cached offsets and 0 cached groups.
2025-10-05T23:24:35.016-04:00  INFO 50881 --- [adata-manager-0] k.c.group.GroupMetadataManager           : [GroupMetadataManager brokerId=0] Finished unloading __consumer_offsets-47 for coordinator epoch OptionalInt[3]. Removed 0 cached offsets and 0 cached groups.
2025-10-05T23:24:35.016-04:00  INFO 50881 --- [adata-manager-0] k.c.group.GroupMetadataManager           : [GroupMetadataManager brokerId=0] Finished unloading __consumer_offsets-14 for coordinator epoch OptionalInt[3]. Removed 0 cached offsets and 0 cached groups.
2025-10-05T23:24:35.016-04:00  INFO 50881 --- [r-event-handler] state.change.logger                      : [Broker id=0] Transitioning 51 partition(s) to local leaders.
2025-10-05T23:24:35.016-04:00  INFO 50881 --- [adata-manager-0] k.c.group.GroupMetadataManager           : [GroupMetadataManager brokerId=0] Finished unloading __consumer_offsets-43 for coordinator epoch OptionalInt[3]. Removed 0 cached offsets and 0 cached groups.
2025-10-05T23:24:35.016-04:00  INFO 50881 --- [adata-manager-0] k.c.group.GroupMetadataManager           : [GroupMetadataManager brokerId=0] Finished unloading __consumer_offsets-10 for coordinator epoch OptionalInt[3]. Removed 0 cached offsets and 0 cached groups.
2025-10-05T23:24:35.016-04:00  INFO 50881 --- [adata-manager-0] k.c.group.GroupMetadataManager           : [GroupMetadataManager brokerId=0] Finished unloading __consumer_offsets-22 for coordinator epoch OptionalInt[3]. Removed 0 cached offsets and 0 cached groups.
2025-10-05T23:24:35.017-04:00  INFO 50881 --- [r-event-handler] kafka.server.ReplicaFetcherManager       : [ReplicaFetcherManager on broker 0] Removed fetcher for partitions Set(__consumer_offsets-13, __consumer_offsets-46, __consumer_offsets-9, __consumer_offsets-42, __consumer_offsets-21, __consumer_offsets-17, __consumer_offsets-30, __consumer_offsets-26, __consumer_offsets-5, __consumer_offsets-38, __consumer_offsets-1, __consumer_offsets-34, __consumer_offsets-16, __consumer_offsets-45, __consumer_offsets-12, __consumer_offsets-41, __consumer_offsets-24, __consumer_offsets-20, __consumer_offsets-49, __consumer_offsets-0, __consumer_offsets-29, __consumer_offsets-25, __consumer_offsets-8, __consumer_offsets-37, __consumer_offsets-4, __consumer_offsets-33, __consumer_offsets-15, __consumer_offsets-48, __consumer_offsets-11, __consumer_offsets-44, __consumer_offsets-23, __consumer_offsets-19, __consumer_offsets-32, test-topic-0, __consumer_offsets-28, __consumer_offsets-7, __consumer_offsets-40, __consumer_offsets-3, __consumer_offsets-36, __consumer_offsets-47, __consumer_offsets-14, __consumer_offsets-43, __consumer_offsets-10, __consumer_offsets-22, __consumer_offsets-18, __consumer_offsets-31, __consumer_offsets-27, __consumer_offsets-39, __consumer_offsets-6, __consumer_offsets-35, __consumer_offsets-2)
2025-10-05T23:24:35.017-04:00  INFO 50881 --- [adata-manager-0] k.c.group.GroupMetadataManager           : [GroupMetadataManager brokerId=0] Finished unloading __consumer_offsets-18 for coordinator epoch OptionalInt[3]. Removed 0 cached offsets and 0 cached groups.
2025-10-05T23:24:35.017-04:00  INFO 50881 --- [adata-manager-0] k.c.group.GroupMetadataManager           : [GroupMetadataManager brokerId=0] Finished unloading __consumer_offsets-31 for coordinator epoch OptionalInt[3]. Removed 0 cached offsets and 0 cached groups.
2025-10-05T23:24:35.017-04:00  INFO 50881 --- [adata-manager-0] k.c.group.GroupMetadataManager           : [GroupMetadataManager brokerId=0] Finished unloading __consumer_offsets-27 for coordinator epoch OptionalInt[3]. Removed 0 cached offsets and 0 cached groups.
2025-10-05T23:24:35.017-04:00  INFO 50881 --- [adata-manager-0] k.c.group.GroupMetadataManager           : [GroupMetadataManager brokerId=0] Finished unloading __consumer_offsets-39 for coordinator epoch OptionalInt[3]. Removed 0 cached offsets and 0 cached groups.
2025-10-05T23:24:35.017-04:00  INFO 50881 --- [adata-manager-0] k.c.group.GroupMetadataManager           : [GroupMetadataManager brokerId=0] Finished unloading __consumer_offsets-6 for coordinator epoch OptionalInt[3]. Removed 0 cached offsets and 0 cached groups.
2025-10-05T23:24:35.018-04:00  INFO 50881 --- [adata-manager-0] k.c.group.GroupMetadataManager           : [GroupMetadataManager brokerId=0] Finished unloading __consumer_offsets-35 for coordinator epoch OptionalInt[3]. Removed 0 cached offsets and 0 cached groups.
2025-10-05T23:24:35.018-04:00  INFO 50881 --- [adata-manager-0] k.c.group.GroupMetadataManager           : [GroupMetadataManager brokerId=0] Finished unloading __consumer_offsets-2 for coordinator epoch OptionalInt[3]. Removed 0 cached offsets and 0 cached groups.
2025-10-05T23:24:35.018-04:00  INFO 50881 --- [r-event-handler] state.change.logger                      : [Broker id=0] Leader __consumer_offsets-13 with topic id Some(MfDJ1SpQRIaxyQGo6LVcpQ) starts at leader epoch 4 from offset 0 with partition epoch 4, high watermark 0, ISR [0], adding replicas [] and removing replicas [] . Previous leader Some(-1) and previous leader epoch was 3.
2025-10-05T23:24:35.035-04:00  INFO 50881 --- [r-event-handler] state.change.logger                      : [Broker id=0] Leader __consumer_offsets-46 with topic id Some(MfDJ1SpQRIaxyQGo6LVcpQ) starts at leader epoch 4 from offset 0 with partition epoch 4, high watermark 0, ISR [0], adding replicas [] and removing replicas [] . Previous leader Some(-1) and previous leader epoch was 3.
2025-10-05T23:24:35.048-04:00  INFO 50881 --- [r-event-handler] state.change.logger                      : [Broker id=0] Leader __consumer_offsets-9 with topic id Some(MfDJ1SpQRIaxyQGo6LVcpQ) starts at leader epoch 4 from offset 0 with partition epoch 4, high watermark 0, ISR [0], adding replicas [] and removing replicas [] . Previous leader Some(-1) and previous leader epoch was 3.
2025-10-05T23:24:35.081-04:00  INFO 50881 --- [r-event-handler] state.change.logger                      : [Broker id=0] Leader __consumer_offsets-42 with topic id Some(MfDJ1SpQRIaxyQGo6LVcpQ) starts at leader epoch 4 from offset 0 with partition epoch 4, high watermark 0, ISR [0], adding replicas [] and removing replicas [] . Previous leader Some(-1) and previous leader epoch was 3.
2025-10-05T23:24:36.323-04:00  INFO 50881 --- [r-event-handler] state.change.logger                      : [Broker id=0] Leader __consumer_offsets-21 with topic id Some(MfDJ1SpQRIaxyQGo6LVcpQ) starts at leader epoch 4 from offset 0 with partition epoch 4, high watermark 0, ISR [0], adding replicas [] and removing replicas [] . Previous leader Some(-1) and previous leader epoch was 3.
2025-10-05T23:24:36.343-04:00  INFO 50881 --- [r-event-handler] state.change.logger                      : [Broker id=0] Leader __consumer_offsets-17 with topic id Some(MfDJ1SpQRIaxyQGo6LVcpQ) starts at leader epoch 4 from offset 0 with partition epoch 4, high watermark 0, ISR [0], adding replicas [] and removing replicas [] . Previous leader Some(-1) and previous leader epoch was 3.
2025-10-05T23:24:36.362-04:00  INFO 50881 --- [r-event-handler] state.change.logger                      : [Broker id=0] Leader __consumer_offsets-30 with topic id Some(MfDJ1SpQRIaxyQGo6LVcpQ) starts at leader epoch 4 from offset 0 with partition epoch 4, high watermark 0, ISR [0], adding replicas [] and removing replicas [] . Previous leader Some(-1) and previous leader epoch was 3.
2025-10-05T23:24:36.384-04:00  INFO 50881 --- [r-event-handler] state.change.logger                      : [Broker id=0] Leader __consumer_offsets-26 with topic id Some(MfDJ1SpQRIaxyQGo6LVcpQ) starts at leader epoch 4 from offset 0 with partition epoch 4, high watermark 0, ISR [0], adding replicas [] and removing replicas [] . Previous leader Some(-1) and previous leader epoch was 3.
2025-10-05T23:24:36.408-04:00  INFO 50881 --- [r-event-handler] state.change.logger                      : [Broker id=0] Leader __consumer_offsets-5 with topic id Some(MfDJ1SpQRIaxyQGo6LVcpQ) starts at leader epoch 4 from offset 0 with partition epoch 4, high watermark 0, ISR [0], adding replicas [] and removing replicas [] . Previous leader Some(-1) and previous leader epoch was 3.
2025-10-05T23:24:36.432-04:00  INFO 50881 --- [r-event-handler] state.change.logger                      : [Broker id=0] Leader __consumer_offsets-38 with topic id Some(MfDJ1SpQRIaxyQGo6LVcpQ) starts at leader epoch 4 from offset 0 with partition epoch 4, high watermark 0, ISR [0], adding replicas [] and removing replicas [] . Previous leader Some(-1) and previous leader epoch was 3.
2025-10-05T23:24:36.449-04:00  INFO 50881 --- [r-event-handler] state.change.logger                      : [Broker id=0] Leader __consumer_offsets-1 with topic id Some(MfDJ1SpQRIaxyQGo6LVcpQ) starts at leader epoch 4 from offset 0 with partition epoch 4, high watermark 0, ISR [0], adding replicas [] and removing replicas [] . Previous leader Some(-1) and previous leader epoch was 3.
2025-10-05T23:24:36.490-04:00  INFO 50881 --- [r-event-handler] state.change.logger                      : [Broker id=0] Leader __consumer_offsets-34 with topic id Some(MfDJ1SpQRIaxyQGo6LVcpQ) starts at leader epoch 4 from offset 0 with partition epoch 4, high watermark 0, ISR [0], adding replicas [] and removing replicas [] . Previous leader Some(-1) and previous leader epoch was 3.
2025-10-05T23:24:36.520-04:00  INFO 50881 --- [r-event-handler] state.change.logger                      : [Broker id=0] Leader __consumer_offsets-16 with topic id Some(MfDJ1SpQRIaxyQGo6LVcpQ) starts at leader epoch 4 from offset 0 with partition epoch 4, high watermark 0, ISR [0], adding replicas [] and removing replicas [] . Previous leader Some(-1) and previous leader epoch was 3.
2025-10-05T23:24:36.538-04:00  INFO 50881 --- [r-event-handler] state.change.logger                      : [Broker id=0] Leader __consumer_offsets-45 with topic id Some(MfDJ1SpQRIaxyQGo6LVcpQ) starts at leader epoch 4 from offset 0 with partition epoch 4, high watermark 0, ISR [0], adding replicas [] and removing replicas [] . Previous leader Some(-1) and previous leader epoch was 3.
2025-10-05T23:24:36.553-04:00  INFO 50881 --- [r-event-handler] state.change.logger                      : [Broker id=0] Leader __consumer_offsets-12 with topic id Some(MfDJ1SpQRIaxyQGo6LVcpQ) starts at leader epoch 4 from offset 0 with partition epoch 4, high watermark 0, ISR [0], adding replicas [] and removing replicas [] . Previous leader Some(-1) and previous leader epoch was 3.
2025-10-05T23:24:36.573-04:00  INFO 50881 --- [r-event-handler] state.change.logger                      : [Broker id=0] Leader __consumer_offsets-41 with topic id Some(MfDJ1SpQRIaxyQGo6LVcpQ) starts at leader epoch 4 from offset 0 with partition epoch 4, high watermark 0, ISR [0], adding replicas [] and removing replicas [] . Previous leader Some(-1) and previous leader epoch was 3.
2025-10-05T23:24:36.592-04:00  INFO 50881 --- [r-event-handler] state.change.logger                      : [Broker id=0] Leader __consumer_offsets-24 with topic id Some(MfDJ1SpQRIaxyQGo6LVcpQ) starts at leader epoch 4 from offset 0 with partition epoch 4, high watermark 0, ISR [0], adding replicas [] and removing replicas [] . Previous leader Some(-1) and previous leader epoch was 3.
2025-10-05T23:24:36.624-04:00  INFO 50881 --- [r-event-handler] state.change.logger                      : [Broker id=0] Leader __consumer_offsets-20 with topic id Some(MfDJ1SpQRIaxyQGo6LVcpQ) starts at leader epoch 4 from offset 2 with partition epoch 4, high watermark 2, ISR [0], adding replicas [] and removing replicas [] . Previous leader Some(-1) and previous leader epoch was 3.
2025-10-05T23:24:36.661-04:00  INFO 50881 --- [r-event-handler] state.change.logger                      : [Broker id=0] Leader __consumer_offsets-49 with topic id Some(MfDJ1SpQRIaxyQGo6LVcpQ) starts at leader epoch 4 from offset 0 with partition epoch 4, high watermark 0, ISR [0], adding replicas [] and removing replicas [] . Previous leader Some(-1) and previous leader epoch was 3.
2025-10-05T23:24:36.674-04:00  INFO 50881 --- [r-event-handler] state.change.logger                      : [Broker id=0] Leader __consumer_offsets-0 with topic id Some(MfDJ1SpQRIaxyQGo6LVcpQ) starts at leader epoch 4 from offset 0 with partition epoch 4, high watermark 0, ISR [0], adding replicas [] and removing replicas [] . Previous leader Some(-1) and previous leader epoch was 3.
2025-10-05T23:24:36.686-04:00  INFO 50881 --- [r-event-handler] state.change.logger                      : [Broker id=0] Leader __consumer_offsets-29 with topic id Some(MfDJ1SpQRIaxyQGo6LVcpQ) starts at leader epoch 4 from offset 0 with partition epoch 4, high watermark 0, ISR [0], adding replicas [] and removing replicas [] . Previous leader Some(-1) and previous leader epoch was 3.
2025-10-05T23:24:36.699-04:00  INFO 50881 --- [r-event-handler] state.change.logger                      : [Broker id=0] Leader __consumer_offsets-25 with topic id Some(MfDJ1SpQRIaxyQGo6LVcpQ) starts at leader epoch 4 from offset 0 with partition epoch 4, high watermark 0, ISR [0], adding replicas [] and removing replicas [] . Previous leader Some(-1) and previous leader epoch was 3.
2025-10-05T23:24:36.714-04:00  INFO 50881 --- [r-event-handler] state.change.logger                      : [Broker id=0] Leader __consumer_offsets-8 with topic id Some(MfDJ1SpQRIaxyQGo6LVcpQ) starts at leader epoch 4 from offset 0 with partition epoch 4, high watermark 0, ISR [0], adding replicas [] and removing replicas [] . Previous leader Some(-1) and previous leader epoch was 3.
2025-10-05T23:24:36.728-04:00  INFO 50881 --- [r-event-handler] state.change.logger                      : [Broker id=0] Leader __consumer_offsets-37 with topic id Some(MfDJ1SpQRIaxyQGo6LVcpQ) starts at leader epoch 4 from offset 0 with partition epoch 4, high watermark 0, ISR [0], adding replicas [] and removing replicas [] . Previous leader Some(-1) and previous leader epoch was 3.
2025-10-05T23:24:36.741-04:00  INFO 50881 --- [r-event-handler] state.change.logger                      : [Broker id=0] Leader __consumer_offsets-4 with topic id Some(MfDJ1SpQRIaxyQGo6LVcpQ) starts at leader epoch 4 from offset 0 with partition epoch 4, high watermark 0, ISR [0], adding replicas [] and removing replicas [] . Previous leader Some(-1) and previous leader epoch was 3.
2025-10-05T23:24:36.754-04:00  INFO 50881 --- [r-event-handler] state.change.logger                      : [Broker id=0] Leader __consumer_offsets-33 with topic id Some(MfDJ1SpQRIaxyQGo6LVcpQ) starts at leader epoch 4 from offset 0 with partition epoch 4, high watermark 0, ISR [0], adding replicas [] and removing replicas [] . Previous leader Some(-1) and previous leader epoch was 3.
2025-10-05T23:24:36.772-04:00  INFO 50881 --- [r-event-handler] state.change.logger                      : [Broker id=0] Leader __consumer_offsets-15 with topic id Some(MfDJ1SpQRIaxyQGo6LVcpQ) starts at leader epoch 4 from offset 0 with partition epoch 4, high watermark 0, ISR [0], adding replicas [] and removing replicas [] . Previous leader Some(-1) and previous leader epoch was 3.
2025-10-05T23:24:36.788-04:00  INFO 50881 --- [r-event-handler] state.change.logger                      : [Broker id=0] Leader __consumer_offsets-48 with topic id Some(MfDJ1SpQRIaxyQGo6LVcpQ) starts at leader epoch 4 from offset 0 with partition epoch 4, high watermark 0, ISR [0], adding replicas [] and removing replicas [] . Previous leader Some(-1) and previous leader epoch was 3.
2025-10-05T23:24:36.821-04:00  INFO 50881 --- [r-event-handler] state.change.logger                      : [Broker id=0] Leader __consumer_offsets-11 with topic id Some(MfDJ1SpQRIaxyQGo6LVcpQ) starts at leader epoch 4 from offset 0 with partition epoch 4, high watermark 0, ISR [0], adding replicas [] and removing replicas [] . Previous leader Some(-1) and previous leader epoch was 3.
2025-10-05T23:24:36.836-04:00  INFO 50881 --- [r-event-handler] state.change.logger                      : [Broker id=0] Leader __consumer_offsets-44 with topic id Some(MfDJ1SpQRIaxyQGo6LVcpQ) starts at leader epoch 4 from offset 0 with partition epoch 4, high watermark 0, ISR [0], adding replicas [] and removing replicas [] . Previous leader Some(-1) and previous leader epoch was 3.
2025-10-05T23:24:36.858-04:00  INFO 50881 --- [r-event-handler] state.change.logger                      : [Broker id=0] Leader __consumer_offsets-23 with topic id Some(MfDJ1SpQRIaxyQGo6LVcpQ) starts at leader epoch 4 from offset 0 with partition epoch 4, high watermark 0, ISR [0], adding replicas [] and removing replicas [] . Previous leader Some(-1) and previous leader epoch was 3.
2025-10-05T23:24:36.874-04:00  INFO 50881 --- [r-event-handler] state.change.logger                      : [Broker id=0] Leader __consumer_offsets-19 with topic id Some(MfDJ1SpQRIaxyQGo6LVcpQ) starts at leader epoch 4 from offset 0 with partition epoch 4, high watermark 0, ISR [0], adding replicas [] and removing replicas [] . Previous leader Some(-1) and previous leader epoch was 3.
2025-10-05T23:24:36.890-04:00  INFO 50881 --- [r-event-handler] state.change.logger                      : [Broker id=0] Leader __consumer_offsets-32 with topic id Some(MfDJ1SpQRIaxyQGo6LVcpQ) starts at leader epoch 4 from offset 0 with partition epoch 4, high watermark 0, ISR [0], adding replicas [] and removing replicas [] . Previous leader Some(-1) and previous leader epoch was 3.
2025-10-05T23:24:36.904-04:00  INFO 50881 --- [r-event-handler] state.change.logger                      : [Broker id=0] Leader test-topic-0 with topic id Some(ebDSyiGXT3qfZt5l9-wuXA) starts at leader epoch 4 from offset 22 with partition epoch 4, high watermark 22, ISR [0], adding replicas [] and removing replicas [] . Previous leader Some(-1) and previous leader epoch was 3.
2025-10-05T23:24:36.925-04:00  INFO 50881 --- [r-event-handler] state.change.logger                      : [Broker id=0] Leader __consumer_offsets-28 with topic id Some(MfDJ1SpQRIaxyQGo6LVcpQ) starts at leader epoch 4 from offset 0 with partition epoch 4, high watermark 0, ISR [0], adding replicas [] and removing replicas [] . Previous leader Some(-1) and previous leader epoch was 3.
2025-10-05T23:24:36.947-04:00  INFO 50881 --- [r-event-handler] state.change.logger                      : [Broker id=0] Leader __consumer_offsets-7 with topic id Some(MfDJ1SpQRIaxyQGo6LVcpQ) starts at leader epoch 4 from offset 0 with partition epoch 4, high watermark 0, ISR [0], adding replicas [] and removing replicas [] . Previous leader Some(-1) and previous leader epoch was 3.
2025-10-05T23:24:36.963-04:00  INFO 50881 --- [r-event-handler] state.change.logger                      : [Broker id=0] Leader __consumer_offsets-40 with topic id Some(MfDJ1SpQRIaxyQGo6LVcpQ) starts at leader epoch 4 from offset 0 with partition epoch 4, high watermark 0, ISR [0], adding replicas [] and removing replicas [] . Previous leader Some(-1) and previous leader epoch was 3.
2025-10-05T23:24:36.995-04:00  INFO 50881 --- [r-event-handler] state.change.logger                      : [Broker id=0] Leader __consumer_offsets-3 with topic id Some(MfDJ1SpQRIaxyQGo6LVcpQ) starts at leader epoch 4 from offset 0 with partition epoch 4, high watermark 0, ISR [0], adding replicas [] and removing replicas [] . Previous leader Some(-1) and previous leader epoch was 3.
2025-10-05T23:24:37.009-04:00  INFO 50881 --- [r-event-handler] state.change.logger                      : [Broker id=0] Leader __consumer_offsets-36 with topic id Some(MfDJ1SpQRIaxyQGo6LVcpQ) starts at leader epoch 4 from offset 0 with partition epoch 4, high watermark 0, ISR [0], adding replicas [] and removing replicas [] . Previous leader Some(-1) and previous leader epoch was 3.
2025-10-05T23:24:37.058-04:00  INFO 50881 --- [r-event-handler] state.change.logger                      : [Broker id=0] Leader __consumer_offsets-47 with topic id Some(MfDJ1SpQRIaxyQGo6LVcpQ) starts at leader epoch 4 from offset 0 with partition epoch 4, high watermark 0, ISR [0], adding replicas [] and removing replicas [] . Previous leader Some(-1) and previous leader epoch was 3.
2025-10-05T23:24:37.086-04:00  INFO 50881 --- [r-event-handler] state.change.logger                      : [Broker id=0] Leader __consumer_offsets-14 with topic id Some(MfDJ1SpQRIaxyQGo6LVcpQ) starts at leader epoch 4 from offset 0 with partition epoch 4, high watermark 0, ISR [0], adding replicas [] and removing replicas [] . Previous leader Some(-1) and previous leader epoch was 3.
2025-10-05T23:24:37.106-04:00  INFO 50881 --- [r-event-handler] state.change.logger                      : [Broker id=0] Leader __consumer_offsets-43 with topic id Some(MfDJ1SpQRIaxyQGo6LVcpQ) starts at leader epoch 4 from offset 0 with partition epoch 4, high watermark 0, ISR [0], adding replicas [] and removing replicas [] . Previous leader Some(-1) and previous leader epoch was 3.
2025-10-05T23:24:37.134-04:00  INFO 50881 --- [r-event-handler] state.change.logger                      : [Broker id=0] Leader __consumer_offsets-10 with topic id Some(MfDJ1SpQRIaxyQGo6LVcpQ) starts at leader epoch 4 from offset 0 with partition epoch 4, high watermark 0, ISR [0], adding replicas [] and removing replicas [] . Previous leader Some(-1) and previous leader epoch was 3.
2025-10-05T23:24:37.147-04:00  INFO 50881 --- [r-event-handler] state.change.logger                      : [Broker id=0] Leader __consumer_offsets-22 with topic id Some(MfDJ1SpQRIaxyQGo6LVcpQ) starts at leader epoch 4 from offset 0 with partition epoch 4, high watermark 0, ISR [0], adding replicas [] and removing replicas [] . Previous leader Some(-1) and previous leader epoch was 3.
2025-10-05T23:24:37.164-04:00  INFO 50881 --- [r-event-handler] state.change.logger                      : [Broker id=0] Leader __consumer_offsets-18 with topic id Some(MfDJ1SpQRIaxyQGo6LVcpQ) starts at leader epoch 4 from offset 0 with partition epoch 4, high watermark 0, ISR [0], adding replicas [] and removing replicas [] . Previous leader Some(-1) and previous leader epoch was 3.
2025-10-05T23:24:37.180-04:00  INFO 50881 --- [r-event-handler] state.change.logger                      : [Broker id=0] Leader __consumer_offsets-31 with topic id Some(MfDJ1SpQRIaxyQGo6LVcpQ) starts at leader epoch 4 from offset 0 with partition epoch 4, high watermark 0, ISR [0], adding replicas [] and removing replicas [] . Previous leader Some(-1) and previous leader epoch was 3.
2025-10-05T23:24:37.195-04:00  INFO 50881 --- [r-event-handler] state.change.logger                      : [Broker id=0] Leader __consumer_offsets-27 with topic id Some(MfDJ1SpQRIaxyQGo6LVcpQ) starts at leader epoch 4 from offset 0 with partition epoch 4, high watermark 0, ISR [0], adding replicas [] and removing replicas [] . Previous leader Some(-1) and previous leader epoch was 3.
2025-10-05T23:24:37.215-04:00  INFO 50881 --- [r-event-handler] state.change.logger                      : [Broker id=0] Leader __consumer_offsets-39 with topic id Some(MfDJ1SpQRIaxyQGo6LVcpQ) starts at leader epoch 4 from offset 0 with partition epoch 4, high watermark 0, ISR [0], adding replicas [] and removing replicas [] . Previous leader Some(-1) and previous leader epoch was 3.
2025-10-05T23:24:37.233-04:00  INFO 50881 --- [r-event-handler] state.change.logger                      : [Broker id=0] Leader __consumer_offsets-6 with topic id Some(MfDJ1SpQRIaxyQGo6LVcpQ) starts at leader epoch 4 from offset 0 with partition epoch 4, high watermark 0, ISR [0], adding replicas [] and removing replicas [] . Previous leader Some(-1) and previous leader epoch was 3.
2025-10-05T23:24:37.347-04:00  INFO 50881 --- [r-event-handler] state.change.logger                      : [Broker id=0] Leader __consumer_offsets-35 with topic id Some(MfDJ1SpQRIaxyQGo6LVcpQ) starts at leader epoch 4 from offset 0 with partition epoch 4, high watermark 0, ISR [0], adding replicas [] and removing replicas [] . Previous leader Some(-1) and previous leader epoch was 3.
2025-10-05T23:24:37.411-04:00  INFO 50881 --- [r-event-handler] state.change.logger                      : [Broker id=0] Leader __consumer_offsets-2 with topic id Some(MfDJ1SpQRIaxyQGo6LVcpQ) starts at leader epoch 4 from offset 0 with partition epoch 4, high watermark 0, ISR [0], adding replicas [] and removing replicas [] . Previous leader Some(-1) and previous leader epoch was 3.
2025-10-05T23:24:37.436-04:00  INFO 50881 --- [r-event-handler] k.coordinator.group.GroupCoordinator     : [GroupCoordinator 0]: Elected as the group coordinator for partition 13 in epoch 4
2025-10-05T23:24:37.438-04:00  INFO 50881 --- [r-event-handler] k.c.group.GroupMetadataManager           : [GroupMetadataManager brokerId=0] Scheduling loading of offsets and group metadata from __consumer_offsets-13 for epoch 4
2025-10-05T23:24:37.440-04:00  INFO 50881 --- [r-event-handler] k.coordinator.group.GroupCoordinator     : [GroupCoordinator 0]: Elected as the group coordinator for partition 46 in epoch 4
2025-10-05T23:24:37.441-04:00  INFO 50881 --- [adata-manager-0] k.c.group.GroupMetadataManager           : [GroupMetadataManager brokerId=0] Finished loading offsets and group metadata from __consumer_offsets-13 in 2 milliseconds for epoch 4, of which 1 milliseconds was spent in the scheduler.
2025-10-05T23:24:37.443-04:00  INFO 50881 --- [r-event-handler] k.c.group.GroupMetadataManager           : [GroupMetadataManager brokerId=0] Scheduling loading of offsets and group metadata from __consumer_offsets-46 for epoch 4
2025-10-05T23:24:37.447-04:00  INFO 50881 --- [adata-manager-0] k.c.group.GroupMetadataManager           : [GroupMetadataManager brokerId=0] Finished loading offsets and group metadata from __consumer_offsets-46 in 3 milliseconds for epoch 4, of which 3 milliseconds was spent in the scheduler.
2025-10-05T23:24:37.452-04:00  INFO 50881 --- [r-event-handler] k.coordinator.group.GroupCoordinator     : [GroupCoordinator 0]: Elected as the group coordinator for partition 9 in epoch 4
2025-10-05T23:24:37.452-04:00  INFO 50881 --- [r-event-handler] k.c.group.GroupMetadataManager           : [GroupMetadataManager brokerId=0] Scheduling loading of offsets and group metadata from __consumer_offsets-9 for epoch 4
2025-10-05T23:24:37.452-04:00  INFO 50881 --- [r-event-handler] k.coordinator.group.GroupCoordinator     : [GroupCoordinator 0]: Elected as the group coordinator for partition 42 in epoch 4
2025-10-05T23:24:37.453-04:00  INFO 50881 --- [adata-manager-0] k.c.group.GroupMetadataManager           : [GroupMetadataManager brokerId=0] Finished loading offsets and group metadata from __consumer_offsets-9 in 1 milliseconds for epoch 4, of which 0 milliseconds was spent in the scheduler.
2025-10-05T23:24:37.470-04:00  INFO 50881 --- [r-event-handler] k.c.group.GroupMetadataManager           : [GroupMetadataManager brokerId=0] Scheduling loading of offsets and group metadata from __consumer_offsets-42 for epoch 4
2025-10-05T23:24:37.477-04:00  INFO 50881 --- [adata-manager-0] k.c.group.GroupMetadataManager           : [GroupMetadataManager brokerId=0] Finished loading offsets and group metadata from __consumer_offsets-42 in 1 milliseconds for epoch 4, of which 1 milliseconds was spent in the scheduler.
2025-10-05T23:24:37.477-04:00  INFO 50881 --- [r-event-handler] k.coordinator.group.GroupCoordinator     : [GroupCoordinator 0]: Elected as the group coordinator for partition 21 in epoch 4
2025-10-05T23:24:37.494-04:00  INFO 50881 --- [r-event-handler] k.c.group.GroupMetadataManager           : [GroupMetadataManager brokerId=0] Scheduling loading of offsets and group metadata from __consumer_offsets-21 for epoch 4
2025-10-05T23:24:37.495-04:00  INFO 50881 --- [adata-manager-0] k.c.group.GroupMetadataManager           : [GroupMetadataManager brokerId=0] Finished loading offsets and group metadata from __consumer_offsets-21 in 1 milliseconds for epoch 4, of which 1 milliseconds was spent in the scheduler.
2025-10-05T23:24:37.497-04:00  INFO 50881 --- [r-event-handler] k.coordinator.group.GroupCoordinator     : [GroupCoordinator 0]: Elected as the group coordinator for partition 17 in epoch 4
2025-10-05T23:24:37.519-04:00  INFO 50881 --- [r-event-handler] k.c.group.GroupMetadataManager           : [GroupMetadataManager brokerId=0] Scheduling loading of offsets and group metadata from __consumer_offsets-17 for epoch 4
2025-10-05T23:24:37.519-04:00  INFO 50881 --- [r-event-handler] k.coordinator.group.GroupCoordinator     : [GroupCoordinator 0]: Elected as the group coordinator for partition 30 in epoch 4
2025-10-05T23:24:37.519-04:00  INFO 50881 --- [r-event-handler] k.c.group.GroupMetadataManager           : [GroupMetadataManager brokerId=0] Scheduling loading of offsets and group metadata from __consumer_offsets-30 for epoch 4
2025-10-05T23:24:37.519-04:00  INFO 50881 --- [r-event-handler] k.coordinator.group.GroupCoordinator     : [GroupCoordinator 0]: Elected as the group coordinator for partition 26 in epoch 4
2025-10-05T23:24:37.519-04:00  INFO 50881 --- [r-event-handler] k.c.group.GroupMetadataManager           : [GroupMetadataManager brokerId=0] Scheduling loading of offsets and group metadata from __consumer_offsets-26 for epoch 4
2025-10-05T23:24:37.520-04:00  INFO 50881 --- [r-event-handler] k.coordinator.group.GroupCoordinator     : [GroupCoordinator 0]: Elected as the group coordinator for partition 5 in epoch 4
2025-10-05T23:24:37.520-04:00  INFO 50881 --- [r-event-handler] k.c.group.GroupMetadataManager           : [GroupMetadataManager brokerId=0] Scheduling loading of offsets and group metadata from __consumer_offsets-5 for epoch 4
2025-10-05T23:24:37.520-04:00  INFO 50881 --- [r-event-handler] k.coordinator.group.GroupCoordinator     : [GroupCoordinator 0]: Elected as the group coordinator for partition 38 in epoch 4
2025-10-05T23:24:37.520-04:00  INFO 50881 --- [r-event-handler] k.c.group.GroupMetadataManager           : [GroupMetadataManager brokerId=0] Scheduling loading of offsets and group metadata from __consumer_offsets-38 for epoch 4
2025-10-05T23:24:37.520-04:00  INFO 50881 --- [r-event-handler] k.coordinator.group.GroupCoordinator     : [GroupCoordinator 0]: Elected as the group coordinator for partition 1 in epoch 4
2025-10-05T23:24:37.520-04:00  INFO 50881 --- [r-event-handler] k.c.group.GroupMetadataManager           : [GroupMetadataManager brokerId=0] Scheduling loading of offsets and group metadata from __consumer_offsets-1 for epoch 4
2025-10-05T23:24:37.520-04:00  INFO 50881 --- [adata-manager-0] k.c.group.GroupMetadataManager           : [GroupMetadataManager brokerId=0] Finished loading offsets and group metadata from __consumer_offsets-17 in 1 milliseconds for epoch 4, of which 0 milliseconds was spent in the scheduler.
2025-10-05T23:24:37.520-04:00  INFO 50881 --- [adata-manager-0] k.c.group.GroupMetadataManager           : [GroupMetadataManager brokerId=0] Finished loading offsets and group metadata from __consumer_offsets-30 in 1 milliseconds for epoch 4, of which 1 milliseconds was spent in the scheduler.
2025-10-05T23:24:37.521-04:00  INFO 50881 --- [adata-manager-0] k.c.group.GroupMetadataManager           : [GroupMetadataManager brokerId=0] Finished loading offsets and group metadata from __consumer_offsets-26 in 1 milliseconds for epoch 4, of which 1 milliseconds was spent in the scheduler.
2025-10-05T23:24:37.520-04:00  INFO 50881 --- [r-event-handler] k.coordinator.group.GroupCoordinator     : [GroupCoordinator 0]: Elected as the group coordinator for partition 34 in epoch 4
2025-10-05T23:24:37.522-04:00  INFO 50881 --- [adata-manager-0] k.c.group.GroupMetadataManager           : [GroupMetadataManager brokerId=0] Finished loading offsets and group metadata from __consumer_offsets-5 in 2 milliseconds for epoch 4, of which 2 milliseconds was spent in the scheduler.
2025-10-05T23:24:37.523-04:00  INFO 50881 --- [adata-manager-0] k.c.group.GroupMetadataManager           : [GroupMetadataManager brokerId=0] Finished loading offsets and group metadata from __consumer_offsets-38 in 3 milliseconds for epoch 4, of which 3 milliseconds was spent in the scheduler.
2025-10-05T23:24:37.524-04:00  INFO 50881 --- [r-event-handler] k.c.group.GroupMetadataManager           : [GroupMetadataManager brokerId=0] Scheduling loading of offsets and group metadata from __consumer_offsets-34 for epoch 4
2025-10-05T23:24:37.524-04:00  INFO 50881 --- [adata-manager-0] k.c.group.GroupMetadataManager           : [GroupMetadataManager brokerId=0] Finished loading offsets and group metadata from __consumer_offsets-1 in 4 milliseconds for epoch 4, of which 4 milliseconds was spent in the scheduler.
2025-10-05T23:24:37.525-04:00  INFO 50881 --- [adata-manager-0] k.c.group.GroupMetadataManager           : [GroupMetadataManager brokerId=0] Finished loading offsets and group metadata from __consumer_offsets-34 in 1 milliseconds for epoch 4, of which 0 milliseconds was spent in the scheduler.
2025-10-05T23:24:37.525-04:00  INFO 50881 --- [r-event-handler] k.coordinator.group.GroupCoordinator     : [GroupCoordinator 0]: Elected as the group coordinator for partition 16 in epoch 4
2025-10-05T23:24:37.525-04:00  INFO 50881 --- [r-event-handler] k.c.group.GroupMetadataManager           : [GroupMetadataManager brokerId=0] Scheduling loading of offsets and group metadata from __consumer_offsets-16 for epoch 4
2025-10-05T23:24:37.525-04:00  INFO 50881 --- [adata-manager-0] k.c.group.GroupMetadataManager           : [GroupMetadataManager brokerId=0] Finished loading offsets and group metadata from __consumer_offsets-16 in 0 milliseconds for epoch 4, of which 0 milliseconds was spent in the scheduler.
2025-10-05T23:24:37.525-04:00  INFO 50881 --- [r-event-handler] k.coordinator.group.GroupCoordinator     : [GroupCoordinator 0]: Elected as the group coordinator for partition 45 in epoch 4
2025-10-05T23:24:37.525-04:00  INFO 50881 --- [r-event-handler] k.c.group.GroupMetadataManager           : [GroupMetadataManager brokerId=0] Scheduling loading of offsets and group metadata from __consumer_offsets-45 for epoch 4
2025-10-05T23:24:37.526-04:00  INFO 50881 --- [adata-manager-0] k.c.group.GroupMetadataManager           : [GroupMetadataManager brokerId=0] Finished loading offsets and group metadata from __consumer_offsets-45 in 0 milliseconds for epoch 4, of which 0 milliseconds was spent in the scheduler.
2025-10-05T23:24:37.526-04:00  INFO 50881 --- [r-event-handler] k.coordinator.group.GroupCoordinator     : [GroupCoordinator 0]: Elected as the group coordinator for partition 12 in epoch 4
2025-10-05T23:24:37.526-04:00  INFO 50881 --- [r-event-handler] k.c.group.GroupMetadataManager           : [GroupMetadataManager brokerId=0] Scheduling loading of offsets and group metadata from __consumer_offsets-12 for epoch 4
2025-10-05T23:24:37.527-04:00  INFO 50881 --- [adata-manager-0] k.c.group.GroupMetadataManager           : [GroupMetadataManager brokerId=0] Finished loading offsets and group metadata from __consumer_offsets-12 in 1 milliseconds for epoch 4, of which 0 milliseconds was spent in the scheduler.
2025-10-05T23:24:37.527-04:00  INFO 50881 --- [r-event-handler] k.coordinator.group.GroupCoordinator     : [GroupCoordinator 0]: Elected as the group coordinator for partition 41 in epoch 4
2025-10-05T23:24:37.527-04:00  INFO 50881 --- [r-event-handler] k.c.group.GroupMetadataManager           : [GroupMetadataManager brokerId=0] Scheduling loading of offsets and group metadata from __consumer_offsets-41 for epoch 4
2025-10-05T23:24:37.528-04:00  INFO 50881 --- [adata-manager-0] k.c.group.GroupMetadataManager           : [GroupMetadataManager brokerId=0] Finished loading offsets and group metadata from __consumer_offsets-41 in 1 milliseconds for epoch 4, of which 0 milliseconds was spent in the scheduler.
2025-10-05T23:24:37.528-04:00  INFO 50881 --- [r-event-handler] k.coordinator.group.GroupCoordinator     : [GroupCoordinator 0]: Elected as the group coordinator for partition 24 in epoch 4
2025-10-05T23:24:37.528-04:00  INFO 50881 --- [r-event-handler] k.c.group.GroupMetadataManager           : [GroupMetadataManager brokerId=0] Scheduling loading of offsets and group metadata from __consumer_offsets-24 for epoch 4
2025-10-05T23:24:37.528-04:00  INFO 50881 --- [r-event-handler] k.coordinator.group.GroupCoordinator     : [GroupCoordinator 0]: Elected as the group coordinator for partition 20 in epoch 4
2025-10-05T23:24:37.528-04:00  INFO 50881 --- [adata-manager-0] k.c.group.GroupMetadataManager           : [GroupMetadataManager brokerId=0] Finished loading offsets and group metadata from __consumer_offsets-24 in 0 milliseconds for epoch 4, of which 0 milliseconds was spent in the scheduler.
2025-10-05T23:24:37.528-04:00  INFO 50881 --- [r-event-handler] k.c.group.GroupMetadataManager           : [GroupMetadataManager brokerId=0] Scheduling loading of offsets and group metadata from __consumer_offsets-20 for epoch 4
2025-10-05T23:24:37.529-04:00  INFO 50881 --- [r-event-handler] k.coordinator.group.GroupCoordinator     : [GroupCoordinator 0]: Elected as the group coordinator for partition 49 in epoch 4
2025-10-05T23:24:37.529-04:00  INFO 50881 --- [r-event-handler] k.c.group.GroupMetadataManager           : [GroupMetadataManager brokerId=0] Scheduling loading of offsets and group metadata from __consumer_offsets-49 for epoch 4
2025-10-05T23:24:37.529-04:00  INFO 50881 --- [r-event-handler] k.coordinator.group.GroupCoordinator     : [GroupCoordinator 0]: Elected as the group coordinator for partition 0 in epoch 4
2025-10-05T23:24:37.529-04:00  INFO 50881 --- [r-event-handler] k.c.group.GroupMetadataManager           : [GroupMetadataManager brokerId=0] Scheduling loading of offsets and group metadata from __consumer_offsets-0 for epoch 4
2025-10-05T23:24:37.529-04:00  INFO 50881 --- [r-event-handler] k.coordinator.group.GroupCoordinator     : [GroupCoordinator 0]: Elected as the group coordinator for partition 29 in epoch 4
2025-10-05T23:24:37.530-04:00  INFO 50881 --- [r-event-handler] k.c.group.GroupMetadataManager           : [GroupMetadataManager brokerId=0] Scheduling loading of offsets and group metadata from __consumer_offsets-29 for epoch 4
2025-10-05T23:24:37.533-04:00  INFO 50881 --- [r-event-handler] k.coordinator.group.GroupCoordinator     : [GroupCoordinator 0]: Elected as the group coordinator for partition 25 in epoch 4
2025-10-05T23:24:37.533-04:00  INFO 50881 --- [r-event-handler] k.c.group.GroupMetadataManager           : [GroupMetadataManager brokerId=0] Scheduling loading of offsets and group metadata from __consumer_offsets-25 for epoch 4
2025-10-05T23:24:37.533-04:00  INFO 50881 --- [r-event-handler] k.coordinator.group.GroupCoordinator     : [GroupCoordinator 0]: Elected as the group coordinator for partition 8 in epoch 4
2025-10-05T23:24:37.533-04:00  INFO 50881 --- [r-event-handler] k.c.group.GroupMetadataManager           : [GroupMetadataManager brokerId=0] Scheduling loading of offsets and group metadata from __consumer_offsets-8 for epoch 4
2025-10-05T23:24:37.533-04:00  INFO 50881 --- [r-event-handler] k.coordinator.group.GroupCoordinator     : [GroupCoordinator 0]: Elected as the group coordinator for partition 37 in epoch 4
2025-10-05T23:24:37.533-04:00  INFO 50881 --- [r-event-handler] k.c.group.GroupMetadataManager           : [GroupMetadataManager brokerId=0] Scheduling loading of offsets and group metadata from __consumer_offsets-37 for epoch 4
2025-10-05T23:24:37.533-04:00  INFO 50881 --- [r-event-handler] k.coordinator.group.GroupCoordinator     : [GroupCoordinator 0]: Elected as the group coordinator for partition 4 in epoch 4
2025-10-05T23:24:37.533-04:00  INFO 50881 --- [r-event-handler] k.c.group.GroupMetadataManager           : [GroupMetadataManager brokerId=0] Scheduling loading of offsets and group metadata from __consumer_offsets-4 for epoch 4
2025-10-05T23:24:37.534-04:00  INFO 50881 --- [ntainer#0-0-C-1] o.a.k.c.c.internals.ConsumerCoordinator  : [Consumer clientId=consumer-midas-core-1, groupId=midas-core] Attempt to heartbeat failed since coordinator localhost:64550 (id: 2147483647 rack: null) is either not started or not valid
2025-10-05T23:24:37.534-04:00  INFO 50881 --- [ntainer#0-0-C-1] o.a.k.c.c.internals.ConsumerCoordinator  : [Consumer clientId=consumer-midas-core-1, groupId=midas-core] Group coordinator localhost:64550 (id: 2147483647 rack: null) is unavailable or invalid due to cause: error response NOT_COORDINATOR. isDisconnected: false. Rediscovery will be attempted.
2025-10-05T23:24:37.534-04:00  INFO 50881 --- [ntainer#0-0-C-1] o.a.k.c.c.internals.ConsumerCoordinator  : [Consumer clientId=consumer-midas-core-1, groupId=midas-core] Requesting disconnect from last known coordinator localhost:64550 (id: 2147483647 rack: null)
2025-10-05T23:24:37.535-04:00  INFO 50881 --- [r-event-handler] k.coordinator.group.GroupCoordinator     : [GroupCoordinator 0]: Elected as the group coordinator for partition 33 in epoch 4
2025-10-05T23:24:37.535-04:00  INFO 50881 --- [r-event-handler] k.c.group.GroupMetadataManager           : [GroupMetadataManager brokerId=0] Scheduling loading of offsets and group metadata from __consumer_offsets-33 for epoch 4
2025-10-05T23:24:37.535-04:00  INFO 50881 --- [r-event-handler] k.coordinator.group.GroupCoordinator     : [GroupCoordinator 0]: Elected as the group coordinator for partition 15 in epoch 4
2025-10-05T23:24:37.535-04:00  INFO 50881 --- [r-event-handler] k.c.group.GroupMetadataManager           : [GroupMetadataManager brokerId=0] Scheduling loading of offsets and group metadata from __consumer_offsets-15 for epoch 4
2025-10-05T23:24:37.535-04:00  INFO 50881 --- [r-event-handler] k.coordinator.group.GroupCoordinator     : [GroupCoordinator 0]: Elected as the group coordinator for partition 48 in epoch 4
2025-10-05T23:24:37.535-04:00  INFO 50881 --- [r-event-handler] k.c.group.GroupMetadataManager           : [GroupMetadataManager brokerId=0] Scheduling loading of offsets and group metadata from __consumer_offsets-48 for epoch 4
2025-10-05T23:24:37.535-04:00  INFO 50881 --- [r-event-handler] k.coordinator.group.GroupCoordinator     : [GroupCoordinator 0]: Elected as the group coordinator for partition 11 in epoch 4
2025-10-05T23:24:37.535-04:00  INFO 50881 --- [r-event-handler] k.c.group.GroupMetadataManager           : [GroupMetadataManager brokerId=0] Scheduling loading of offsets and group metadata from __consumer_offsets-11 for epoch 4
2025-10-05T23:24:37.535-04:00  INFO 50881 --- [r-event-handler] k.coordinator.group.GroupCoordinator     : [GroupCoordinator 0]: Elected as the group coordinator for partition 44 in epoch 4
2025-10-05T23:24:37.535-04:00  INFO 50881 --- [r-event-handler] k.c.group.GroupMetadataManager           : [GroupMetadataManager brokerId=0] Scheduling loading of offsets and group metadata from __consumer_offsets-44 for epoch 4
2025-10-05T23:24:37.536-04:00  INFO 50881 --- [ad | midas-core] org.apache.kafka.clients.NetworkClient   : [Consumer clientId=consumer-midas-core-1, groupId=midas-core] Client requested disconnect from node 2147483647
2025-10-05T23:24:37.538-04:00  INFO 50881 --- [r-event-handler] k.coordinator.group.GroupCoordinator     : [GroupCoordinator 0]: Elected as the group coordinator for partition 23 in epoch 4
2025-10-05T23:24:37.538-04:00  INFO 50881 --- [r-event-handler] k.c.group.GroupMetadataManager           : [GroupMetadataManager brokerId=0] Scheduling loading of offsets and group metadata from __consumer_offsets-23 for epoch 4
2025-10-05T23:24:37.539-04:00  INFO 50881 --- [r-event-handler] k.coordinator.group.GroupCoordinator     : [GroupCoordinator 0]: Elected as the group coordinator for partition 19 in epoch 4
2025-10-05T23:24:37.539-04:00  INFO 50881 --- [r-event-handler] k.c.group.GroupMetadataManager           : [GroupMetadataManager brokerId=0] Scheduling loading of offsets and group metadata from __consumer_offsets-19 for epoch 4
2025-10-05T23:24:37.539-04:00  INFO 50881 --- [r-event-handler] k.coordinator.group.GroupCoordinator     : [GroupCoordinator 0]: Elected as the group coordinator for partition 32 in epoch 4
2025-10-05T23:24:37.539-04:00  INFO 50881 --- [r-event-handler] k.c.group.GroupMetadataManager           : [GroupMetadataManager brokerId=0] Scheduling loading of offsets and group metadata from __consumer_offsets-32 for epoch 4
2025-10-05T23:24:37.539-04:00  INFO 50881 --- [r-event-handler] k.coordinator.group.GroupCoordinator     : [GroupCoordinator 0]: Elected as the group coordinator for partition 28 in epoch 4
2025-10-05T23:24:37.539-04:00  INFO 50881 --- [r-event-handler] k.c.group.GroupMetadataManager           : [GroupMetadataManager brokerId=0] Scheduling loading of offsets and group metadata from __consumer_offsets-28 for epoch 4
2025-10-05T23:24:37.539-04:00  INFO 50881 --- [r-event-handler] k.coordinator.group.GroupCoordinator     : [GroupCoordinator 0]: Elected as the group coordinator for partition 7 in epoch 4
2025-10-05T23:24:37.539-04:00  INFO 50881 --- [r-event-handler] k.c.group.GroupMetadataManager           : [GroupMetadataManager brokerId=0] Scheduling loading of offsets and group metadata from __consumer_offsets-7 for epoch 4
2025-10-05T23:24:37.539-04:00  INFO 50881 --- [r-event-handler] k.coordinator.group.GroupCoordinator     : [GroupCoordinator 0]: Elected as the group coordinator for partition 40 in epoch 4
2025-10-05T23:24:37.539-04:00  INFO 50881 --- [r-event-handler] k.c.group.GroupMetadataManager           : [GroupMetadataManager brokerId=0] Scheduling loading of offsets and group metadata from __consumer_offsets-40 for epoch 4
2025-10-05T23:24:37.540-04:00  INFO 50881 --- [r-event-handler] k.coordinator.group.GroupCoordinator     : [GroupCoordinator 0]: Elected as the group coordinator for partition 3 in epoch 4
2025-10-05T23:24:37.541-04:00  INFO 50881 --- [r-event-handler] k.c.group.GroupMetadataManager           : [GroupMetadataManager brokerId=0] Scheduling loading of offsets and group metadata from __consumer_offsets-3 for epoch 4
2025-10-05T23:24:37.541-04:00  INFO 50881 --- [r-event-handler] k.coordinator.group.GroupCoordinator     : [GroupCoordinator 0]: Elected as the group coordinator for partition 36 in epoch 4
2025-10-05T23:24:37.541-04:00  INFO 50881 --- [r-event-handler] k.c.group.GroupMetadataManager           : [GroupMetadataManager brokerId=0] Scheduling loading of offsets and group metadata from __consumer_offsets-36 for epoch 4
2025-10-05T23:24:37.543-04:00  INFO 50881 --- [r-event-handler] k.coordinator.group.GroupCoordinator     : [GroupCoordinator 0]: Elected as the group coordinator for partition 47 in epoch 4
2025-10-05T23:24:37.543-04:00  INFO 50881 --- [r-event-handler] k.c.group.GroupMetadataManager           : [GroupMetadataManager brokerId=0] Scheduling loading of offsets and group metadata from __consumer_offsets-47 for epoch 4
2025-10-05T23:24:37.543-04:00  INFO 50881 --- [r-event-handler] k.coordinator.group.GroupCoordinator     : [GroupCoordinator 0]: Elected as the group coordinator for partition 14 in epoch 4
2025-10-05T23:24:37.543-04:00  INFO 50881 --- [r-event-handler] k.c.group.GroupMetadataManager           : [GroupMetadataManager brokerId=0] Scheduling loading of offsets and group metadata from __consumer_offsets-14 for epoch 4
2025-10-05T23:24:37.543-04:00  INFO 50881 --- [r-event-handler] k.coordinator.group.GroupCoordinator     : [GroupCoordinator 0]: Elected as the group coordinator for partition 43 in epoch 4
2025-10-05T23:24:37.543-04:00  INFO 50881 --- [r-event-handler] k.c.group.GroupMetadataManager           : [GroupMetadataManager brokerId=0] Scheduling loading of offsets and group metadata from __consumer_offsets-43 for epoch 4
2025-10-05T23:24:37.543-04:00  INFO 50881 --- [r-event-handler] k.coordinator.group.GroupCoordinator     : [GroupCoordinator 0]: Elected as the group coordinator for partition 10 in epoch 4
2025-10-05T23:24:37.543-04:00  INFO 50881 --- [r-event-handler] k.c.group.GroupMetadataManager           : [GroupMetadataManager brokerId=0] Scheduling loading of offsets and group metadata from __consumer_offsets-10 for epoch 4
2025-10-05T23:24:37.543-04:00  INFO 50881 --- [r-event-handler] k.coordinator.group.GroupCoordinator     : [GroupCoordinator 0]: Elected as the group coordinator for partition 22 in epoch 4
2025-10-05T23:24:37.543-04:00  INFO 50881 --- [r-event-handler] k.c.group.GroupMetadataManager           : [GroupMetadataManager brokerId=0] Scheduling loading of offsets and group metadata from __consumer_offsets-22 for epoch 4
2025-10-05T23:24:37.544-04:00  INFO 50881 --- [r-event-handler] k.coordinator.group.GroupCoordinator     : [GroupCoordinator 0]: Elected as the group coordinator for partition 18 in epoch 4
2025-10-05T23:24:37.544-04:00  INFO 50881 --- [r-event-handler] k.c.group.GroupMetadataManager           : [GroupMetadataManager brokerId=0] Scheduling loading of offsets and group metadata from __consumer_offsets-18 for epoch 4
2025-10-05T23:24:37.544-04:00  INFO 50881 --- [r-event-handler] k.coordinator.group.GroupCoordinator     : [GroupCoordinator 0]: Elected as the group coordinator for partition 31 in epoch 4
2025-10-05T23:24:37.544-04:00  INFO 50881 --- [r-event-handler] k.c.group.GroupMetadataManager           : [GroupMetadataManager brokerId=0] Scheduling loading of offsets and group metadata from __consumer_offsets-31 for epoch 4
2025-10-05T23:24:37.544-04:00  INFO 50881 --- [r-event-handler] k.coordinator.group.GroupCoordinator     : [GroupCoordinator 0]: Elected as the group coordinator for partition 27 in epoch 4
2025-10-05T23:24:37.546-04:00  INFO 50881 --- [r-event-handler] k.c.group.GroupMetadataManager           : [GroupMetadataManager brokerId=0] Scheduling loading of offsets and group metadata from __consumer_offsets-27 for epoch 4
2025-10-05T23:24:37.556-04:00  INFO 50881 --- [r-event-handler] k.coordinator.group.GroupCoordinator     : [GroupCoordinator 0]: Elected as the group coordinator for partition 39 in epoch 4
2025-10-05T23:24:37.556-04:00  INFO 50881 --- [r-event-handler] k.c.group.GroupMetadataManager           : [GroupMetadataManager brokerId=0] Scheduling loading of offsets and group metadata from __consumer_offsets-39 for epoch 4
2025-10-05T23:24:37.557-04:00  INFO 50881 --- [r-event-handler] k.coordinator.group.GroupCoordinator     : [GroupCoordinator 0]: Elected as the group coordinator for partition 6 in epoch 4
2025-10-05T23:24:37.557-04:00  INFO 50881 --- [r-event-handler] k.c.group.GroupMetadataManager           : [GroupMetadataManager brokerId=0] Scheduling loading of offsets and group metadata from __consumer_offsets-6 for epoch 4
2025-10-05T23:24:37.557-04:00  INFO 50881 --- [r-event-handler] k.coordinator.group.GroupCoordinator     : [GroupCoordinator 0]: Elected as the group coordinator for partition 35 in epoch 4
2025-10-05T23:24:37.557-04:00  INFO 50881 --- [r-event-handler] k.c.group.GroupMetadataManager           : [GroupMetadataManager brokerId=0] Scheduling loading of offsets and group metadata from __consumer_offsets-35 for epoch 4
2025-10-05T23:24:37.557-04:00  INFO 50881 --- [r-event-handler] k.coordinator.group.GroupCoordinator     : [GroupCoordinator 0]: Elected as the group coordinator for partition 2 in epoch 4
2025-10-05T23:24:37.557-04:00  INFO 50881 --- [r-event-handler] k.c.group.GroupMetadataManager           : [GroupMetadataManager brokerId=0] Scheduling loading of offsets and group metadata from __consumer_offsets-2 for epoch 4
2025-10-05T23:24:37.573-04:00  INFO 50881 --- [adata-manager-0] kafka.coordinator.group.GroupMetadata$   : Loaded member MemberMetadata(memberId=consumer-midas-core-1-8d36a91c-669d-409c-963b-56f2a0aa76d9, groupInstanceId=None, clientId=consumer-midas-core-1, clientHost=/127.0.0.1, sessionTimeoutMs=45000, rebalanceTimeoutMs=300000, supportedProtocols=List(range)) in group midas-core with generation 1.
2025-10-05T23:24:37.576-04:00  INFO 50881 --- [adata-manager-0] k.coordinator.group.GroupCoordinator     : [GroupCoordinator 0]: Loading group metadata for midas-core with generation 1
2025-10-05T23:24:37.576-04:00  INFO 50881 --- [adata-manager-0] k.c.group.GroupMetadataManager           : [GroupMetadataManager brokerId=0] Finished loading offsets and group metadata from __consumer_offsets-20 in 48 milliseconds for epoch 4, of which 0 milliseconds was spent in the scheduler.
2025-10-05T23:24:37.577-04:00  INFO 50881 --- [adata-manager-0] k.c.group.GroupMetadataManager           : [GroupMetadataManager brokerId=0] Finished loading offsets and group metadata from __consumer_offsets-49 in 48 milliseconds for epoch 4, of which 48 milliseconds was spent in the scheduler.
2025-10-05T23:24:37.577-04:00  INFO 50881 --- [adata-manager-0] k.c.group.GroupMetadataManager           : [GroupMetadataManager brokerId=0] Finished loading offsets and group metadata from __consumer_offsets-0 in 48 milliseconds for epoch 4, of which 48 milliseconds was spent in the scheduler.
2025-10-05T23:24:37.577-04:00  INFO 50881 --- [adata-manager-0] k.c.group.GroupMetadataManager           : [GroupMetadataManager brokerId=0] Finished loading offsets and group metadata from __consumer_offsets-29 in 47 milliseconds for epoch 4, of which 47 milliseconds was spent in the scheduler.
2025-10-05T23:24:37.578-04:00  INFO 50881 --- [adata-manager-0] k.c.group.GroupMetadataManager           : [GroupMetadataManager brokerId=0] Finished loading offsets and group metadata from __consumer_offsets-25 in 45 milliseconds for epoch 4, of which 45 milliseconds was spent in the scheduler.
2025-10-05T23:24:37.578-04:00  INFO 50881 --- [adata-manager-0] k.c.group.GroupMetadataManager           : [GroupMetadataManager brokerId=0] Finished loading offsets and group metadata from __consumer_offsets-8 in 45 milliseconds for epoch 4, of which 45 milliseconds was spent in the scheduler.
2025-10-05T23:24:37.578-04:00  INFO 50881 --- [adata-manager-0] k.c.group.GroupMetadataManager           : [GroupMetadataManager brokerId=0] Finished loading offsets and group metadata from __consumer_offsets-37 in 45 milliseconds for epoch 4, of which 45 milliseconds was spent in the scheduler.
2025-10-05T23:24:37.578-04:00  INFO 50881 --- [adata-manager-0] k.c.group.GroupMetadataManager           : [GroupMetadataManager brokerId=0] Finished loading offsets and group metadata from __consumer_offsets-4 in 43 milliseconds for epoch 4, of which 43 milliseconds was spent in the scheduler.
2025-10-05T23:24:37.579-04:00  INFO 50881 --- [adata-manager-0] k.c.group.GroupMetadataManager           : [GroupMetadataManager brokerId=0] Finished loading offsets and group metadata from __consumer_offsets-33 in 44 milliseconds for epoch 4, of which 43 milliseconds was spent in the scheduler.
2025-10-05T23:24:37.579-04:00  INFO 50881 --- [adata-manager-0] k.c.group.GroupMetadataManager           : [GroupMetadataManager brokerId=0] Finished loading offsets and group metadata from __consumer_offsets-15 in 44 milliseconds for epoch 4, of which 44 milliseconds was spent in the scheduler.
2025-10-05T23:24:37.579-04:00  INFO 50881 --- [adata-manager-0] k.c.group.GroupMetadataManager           : [GroupMetadataManager brokerId=0] Finished loading offsets and group metadata from __consumer_offsets-48 in 44 milliseconds for epoch 4, of which 44 milliseconds was spent in the scheduler.
2025-10-05T23:24:37.580-04:00  INFO 50881 --- [adata-manager-0] k.c.group.GroupMetadataManager           : [GroupMetadataManager brokerId=0] Finished loading offsets and group metadata from __consumer_offsets-11 in 44 milliseconds for epoch 4, of which 44 milliseconds was spent in the scheduler.
2025-10-05T23:24:37.580-04:00  INFO 50881 --- [adata-manager-0] k.c.group.GroupMetadataManager           : [GroupMetadataManager brokerId=0] Finished loading offsets and group metadata from __consumer_offsets-44 in 45 milliseconds for epoch 4, of which 45 milliseconds was spent in the scheduler.
2025-10-05T23:24:37.580-04:00  INFO 50881 --- [adata-manager-0] k.c.group.GroupMetadataManager           : [GroupMetadataManager brokerId=0] Finished loading offsets and group metadata from __consumer_offsets-23 in 42 milliseconds for epoch 4, of which 42 milliseconds was spent in the scheduler.
2025-10-05T23:24:37.580-04:00  INFO 50881 --- [adata-manager-0] k.c.group.GroupMetadataManager           : [GroupMetadataManager brokerId=0] Finished loading offsets and group metadata from __consumer_offsets-19 in 41 milliseconds for epoch 4, of which 41 milliseconds was spent in the scheduler.
2025-10-05T23:24:37.580-04:00  INFO 50881 --- [adata-manager-0] k.c.group.GroupMetadataManager           : [GroupMetadataManager brokerId=0] Finished loading offsets and group metadata from __consumer_offsets-32 in 41 milliseconds for epoch 4, of which 41 milliseconds was spent in the scheduler.
2025-10-05T23:24:37.581-04:00  INFO 50881 --- [adata-manager-0] k.c.group.GroupMetadataManager           : [GroupMetadataManager brokerId=0] Finished loading offsets and group metadata from __consumer_offsets-28 in 42 milliseconds for epoch 4, of which 41 milliseconds was spent in the scheduler.
2025-10-05T23:24:37.581-04:00  INFO 50881 --- [adata-manager-0] k.c.group.GroupMetadataManager           : [GroupMetadataManager brokerId=0] Finished loading offsets and group metadata from __consumer_offsets-7 in 42 milliseconds for epoch 4, of which 42 milliseconds was spent in the scheduler.
2025-10-05T23:24:37.581-04:00  INFO 50881 --- [adata-manager-0] k.c.group.GroupMetadataManager           : [GroupMetadataManager brokerId=0] Finished loading offsets and group metadata from __consumer_offsets-40 in 41 milliseconds for epoch 4, of which 41 milliseconds was spent in the scheduler.
2025-10-05T23:24:37.581-04:00  INFO 50881 --- [adata-manager-0] k.c.group.GroupMetadataManager           : [GroupMetadataManager brokerId=0] Finished loading offsets and group metadata from __consumer_offsets-3 in 40 milliseconds for epoch 4, of which 40 milliseconds was spent in the scheduler.
2025-10-05T23:24:37.581-04:00  INFO 50881 --- [adata-manager-0] k.c.group.GroupMetadataManager           : [GroupMetadataManager brokerId=0] Finished loading offsets and group metadata from __consumer_offsets-36 in 38 milliseconds for epoch 4, of which 38 milliseconds was spent in the scheduler.
2025-10-05T23:24:37.582-04:00  INFO 50881 --- [adata-manager-0] k.c.group.GroupMetadataManager           : [GroupMetadataManager brokerId=0] Finished loading offsets and group metadata from __consumer_offsets-47 in 39 milliseconds for epoch 4, of which 39 milliseconds was spent in the scheduler.
2025-10-05T23:24:37.583-04:00  INFO 50881 --- [adata-manager-0] k.c.group.GroupMetadataManager           : [GroupMetadataManager brokerId=0] Finished loading offsets and group metadata from __consumer_offsets-14 in 40 milliseconds for epoch 4, of which 40 milliseconds was spent in the scheduler.
2025-10-05T23:24:37.583-04:00  INFO 50881 --- [adata-manager-0] k.c.group.GroupMetadataManager           : [GroupMetadataManager brokerId=0] Finished loading offsets and group metadata from __consumer_offsets-43 in 40 milliseconds for epoch 4, of which 40 milliseconds was spent in the scheduler.
2025-10-05T23:24:37.583-04:00  INFO 50881 --- [adata-manager-0] k.c.group.GroupMetadataManager           : [GroupMetadataManager brokerId=0] Finished loading offsets and group metadata from __consumer_offsets-10 in 40 milliseconds for epoch 4, of which 40 milliseconds was spent in the scheduler.
2025-10-05T23:24:37.584-04:00  INFO 50881 --- [adata-manager-0] k.c.group.GroupMetadataManager           : [GroupMetadataManager brokerId=0] Finished loading offsets and group metadata from __consumer_offsets-22 in 41 milliseconds for epoch 4, of which 41 milliseconds was spent in the scheduler.
2025-10-05T23:24:37.584-04:00  INFO 50881 --- [adata-manager-0] k.c.group.GroupMetadataManager           : [GroupMetadataManager brokerId=0] Finished loading offsets and group metadata from __consumer_offsets-18 in 40 milliseconds for epoch 4, of which 40 milliseconds was spent in the scheduler.
2025-10-05T23:24:37.584-04:00  INFO 50881 --- [adata-manager-0] k.c.group.GroupMetadataManager           : [GroupMetadataManager brokerId=0] Finished loading offsets and group metadata from __consumer_offsets-31 in 40 milliseconds for epoch 4, of which 40 milliseconds was spent in the scheduler.
2025-10-05T23:24:37.584-04:00  INFO 50881 --- [adata-manager-0] k.c.group.GroupMetadataManager           : [GroupMetadataManager brokerId=0] Finished loading offsets and group metadata from __consumer_offsets-27 in 37 milliseconds for epoch 4, of which 37 milliseconds was spent in the scheduler.
2025-10-05T23:24:37.584-04:00  INFO 50881 --- [adata-manager-0] k.c.group.GroupMetadataManager           : [GroupMetadataManager brokerId=0] Finished loading offsets and group metadata from __consumer_offsets-39 in 28 milliseconds for epoch 4, of which 28 milliseconds was spent in the scheduler.
2025-10-05T23:24:37.584-04:00  INFO 50881 --- [adata-manager-0] k.c.group.GroupMetadataManager           : [GroupMetadataManager brokerId=0] Finished loading offsets and group metadata from __consumer_offsets-6 in 27 milliseconds for epoch 4, of which 27 milliseconds was spent in the scheduler.
2025-10-05T23:24:37.585-04:00  INFO 50881 --- [adata-manager-0] k.c.group.GroupMetadataManager           : [GroupMetadataManager brokerId=0] Finished loading offsets and group metadata from __consumer_offsets-35 in 28 milliseconds for epoch 4, of which 27 milliseconds was spent in the scheduler.
2025-10-05T23:24:37.585-04:00  INFO 50881 --- [adata-manager-0] k.c.group.GroupMetadataManager           : [GroupMetadataManager brokerId=0] Finished loading offsets and group metadata from __consumer_offsets-2 in 28 milliseconds for epoch 4, of which 28 milliseconds was spent in the scheduler.
2025-10-05T23:24:37.965-04:00  INFO 50881 --- [ntainer#0-0-C-1] o.a.k.c.c.internals.ConsumerCoordinator  : [Consumer clientId=consumer-midas-core-1, groupId=midas-core] Discovered group coordinator localhost:64550 (id: 2147483647 rack: null)
2025-10-06T10:34:16.587-04:00  WARN 50881 --- [l-1 housekeeper] com.zaxxer.hikari.pool.HikariPool        : HikariPool-1 - Thread starvation or clock leap detected (housekeeper delta=13h9m49s422ms).
2025-10-06T10:34:16.463-04:00  INFO 50881 --- [ntainer#0-0-C-1] org.apache.kafka.clients.NetworkClient   : [Consumer clientId=consumer-midas-core-1, groupId=midas-core] Disconnecting from node 0 due to request timeout.
2025-10-06T10:34:16.519-04:00  INFO 50881 --- [           main] com.jpmc.midascore.TaskTwoTests          : ...
2025-10-06T10:34:16.925-04:00  INFO 50881 --- [ntainer#0-0-C-1] org.apache.kafka.clients.NetworkClient   : [Consumer clientId=consumer-midas-core-1, groupId=midas-core] Cancelled in-flight FETCH request with correlation id 1264 due to node 0 being disconnected (elapsed time since creation: 40172013ms, elapsed time since send: 40172013ms, request timeout: 30000ms)
2025-10-06T10:34:16.930-04:00  INFO 50881 --- [ad | midas-core] o.a.kafka.clients.FetchSessionHandler    : [Consumer clientId=consumer-midas-core-1, groupId=midas-core] Error sending fetch request (sessionId=1050056584, epoch=67) to node 0:

org.apache.kafka.common.errors.DisconnectException: null

2025-10-06T10:34:16.945-04:00  INFO 50881 --- [ad | midas-core] o.a.k.c.c.internals.ConsumerCoordinator  : [Consumer clientId=consumer-midas-core-1, groupId=midas-core] Group coordinator localhost:64550 (id: 2147483647 rack: null) is unavailable or invalid due to cause: session timed out without receiving a heartbeat response. isDisconnected: false. Rediscovery will be attempted.
2025-10-06T10:34:16.946-04:00  INFO 50881 --- [ad | midas-core] o.a.k.c.c.internals.ConsumerCoordinator  : [Consumer clientId=consumer-midas-core-1, groupId=midas-core] Requesting disconnect from last known coordinator localhost:64550 (id: 2147483647 rack: null)
2025-10-06T10:34:16.948-04:00  INFO 50881 --- [ad | midas-core] org.apache.kafka.clients.NetworkClient   : [Consumer clientId=consumer-midas-core-1, groupId=midas-core] Client requested disconnect from node 2147483647
2025-10-06T10:34:17.539-04:00  INFO 50881 --- [ntainer#0-0-C-1] o.a.k.c.c.internals.ConsumerCoordinator  : [Consumer clientId=consumer-midas-core-1, groupId=midas-core] Discovered group coordinator localhost:64550 (id: 2147483647 rack: null)
2025-10-06T10:34:35.427-04:00  INFO 50881 --- [           main] com.jpmc.midascore.TaskTwoTests          : ...
2025-10-06T10:34:45.379-04:00  WARN 50881 --- [l-1 housekeeper] com.zaxxer.hikari.pool.HikariPool        : HikariPool-1 - Retrograde clock change detected (housekeeper delta=28s866ms), soft-evicting connections from pool.
2025-10-06T10:34:55.431-04:00  INFO 50881 --- [           main] com.jpmc.midascore.TaskTwoTests          : ...
2025-10-06T10:35:14.650-04:00  INFO 50881 --- [ntainer#0-0-C-1] org.apache.kafka.clients.NetworkClient   : [Consumer clientId=consumer-midas-core-1, groupId=midas-core] Node -1 disconnected.
2025-10-06T10:35:15.464-04:00  INFO 50881 --- [           main] com.jpmc.midascore.TaskTwoTests          : ...
2025-10-06T10:35:16.072-04:00  INFO 50881 --- [ad | producer-1] org.apache.kafka.clients.NetworkClient   : [Producer clientId=producer-1] Node -1 disconnected.
2025-10-06T10:35:35.467-04:00  INFO 50881 --- [           main] com.jpmc.midascore.TaskTwoTests          : ...
2025-10-06T10:35:55.471-04:00  INFO 50881 --- [           main] com.jpmc.midascore.TaskTwoTests          : ...
2025-10-06T10:36:15.479-04:00  INFO 50881 --- [           main] com.jpmc.midascore.TaskTwoTests          : ...
2025-10-06T10:36:15.844-04:00  INFO 50881 --- [channel-manager] org.apache.kafka.clients.NetworkClient   : [BrokerToControllerChannelManager id=0 name=forwarding] Node 0 disconnected.
2025-10-06T10:36:35.483-04:00  INFO 50881 --- [           main] com.jpmc.midascore.TaskTwoTests          : ...
2025-10-06T10:36:55.487-04:00  INFO 50881 --- [           main] com.jpmc.midascore.TaskTwoTests          : ...
2025-10-06T10:37:15.491-04:00  INFO 50881 --- [           main] com.jpmc.midascore.TaskTwoTests          : ...
2025-10-06T10:37:35.498-04:00  INFO 50881 --- [           main] com.jpmc.midascore.TaskTwoTests          : ...
2025-10-06T10:37:55.499-04:00  INFO 50881 --- [           main] com.jpmc.midascore.TaskTwoTests          : ...
2025-10-06T10:38:15.530-04:00  INFO 50881 --- [           main] com.jpmc.midascore.TaskTwoTests          : ...
2025-10-06T10:38:35.537-04:00  INFO 50881 --- [           main] com.jpmc.midascore.TaskTwoTests          : ...
2025-10-06T10:38:55.542-04:00  INFO 50881 --- [           main] com.jpmc.midascore.TaskTwoTests          : ...
2025-10-06T10:39:15.545-04:00  INFO 50881 --- [           main] com.jpmc.midascore.TaskTwoTests          : ...
2025-10-06T10:39:35.549-04:00  INFO 50881 --- [           main] com.jpmc.midascore.TaskTwoTests          : ...
2025-10-06T10:39:55.554-04:00  INFO 50881 --- [           main] com.jpmc.midascore.TaskTwoTests          : ...
2025-10-06T10:40:15.558-04:00  INFO 50881 --- [           main] com.jpmc.midascore.TaskTwoTests          : ...
2025-10-06T10:40:35.564-04:00  INFO 50881 --- [           main] com.jpmc.midascore.TaskTwoTests          : ...
2025-10-06T10:40:55.566-04:00  INFO 50881 --- [           main] com.jpmc.midascore.TaskTwoTests          : ...
2025-10-06T10:41:15.571-04:00  INFO 50881 --- [           main] com.jpmc.midascore.TaskTwoTests          : ...
2025-10-06T10:41:35.575-04:00  INFO 50881 --- [           main] com.jpmc.midascore.TaskTwoTests          : ...
2025-10-06T10:41:55.578-04:00  INFO 50881 --- [           main] com.jpmc.midascore.TaskTwoTests          : ...
2025-10-06T10:42:15.580-04:00  INFO 50881 --- [           main] com.jpmc.midascore.TaskTwoTests          : ...
2025-10-06T10:42:35.585-04:00  INFO 50881 --- [           main] com.jpmc.midascore.TaskTwoTests          : ...
2025-10-06T10:42:55.590-04:00  INFO 50881 --- [           main] com.jpmc.midascore.TaskTwoTests          : ...
2025-10-06T10:43:15.590-04:00  INFO 50881 --- [           main] com.jpmc.midascore.TaskTwoTests          : ...
2025-10-06T10:43:35.597-04:00  INFO 50881 --- [           main] com.jpmc.midascore.TaskTwoTests          : ...
2025-10-06T10:43:55.601-04:00  INFO 50881 --- [           main] com.jpmc.midascore.TaskTwoTests          : ...
2025-10-06T10:44:15.607-04:00  INFO 50881 --- [           main] com.jpmc.midascore.TaskTwoTests          : ...
2025-10-06T10:44:35.609-04:00  INFO 50881 --- [           main] com.jpmc.midascore.TaskTwoTests          : ...
2025-10-06T10:44:55.614-04:00  INFO 50881 --- [           main] com.jpmc.midascore.TaskTwoTests          : ...
2025-10-06T10:45:15.619-04:00  INFO 50881 --- [           main] com.jpmc.midascore.TaskTwoTests          : ...
2025-10-06T10:45:35.624-04:00  INFO 50881 --- [           main] com.jpmc.midascore.TaskTwoTests          : ...
2025-10-06T10:45:55.634-04:00  INFO 50881 --- [           main] com.jpmc.midascore.TaskTwoTests          : ...
2025-10-06T10:46:15.640-04:00  INFO 50881 --- [           main] com.jpmc.midascore.TaskTwoTests          : ...
2025-10-06T10:46:35.648-04:00  INFO 50881 --- [           main] com.jpmc.midascore.TaskTwoTests          : ...
2025-10-06T10:46:55.653-04:00  INFO 50881 --- [           main] com.jpmc.midascore.TaskTwoTests          : ...
2025-10-06T10:47:15.657-04:00  INFO 50881 --- [           main] com.jpmc.midascore.TaskTwoTests          : ...
2025-10-06T10:47:35.658-04:00  INFO 50881 --- [           main] com.jpmc.midascore.TaskTwoTests          : ...
2025-10-06T10:47:55.659-04:00  INFO 50881 --- [           main] com.jpmc.midascore.TaskTwoTests          : ...
2025-10-06T10:48:15.662-04:00  INFO 50881 --- [           main] com.jpmc.midascore.TaskTwoTests          : ...
2025-10-06T10:48:35.664-04:00  INFO 50881 --- [           main] com.jpmc.midascore.TaskTwoTests          : ...
2025-10-06T10:48:55.668-04:00  INFO 50881 --- [           main] com.jpmc.midascore.TaskTwoTests          : ...
2025-10-06T10:49:15.673-04:00  INFO 50881 --- [           main] com.jpmc.midascore.TaskTwoTests          : ...
2025-10-06T10:49:35.678-04:00  INFO 50881 --- [           main] com.jpmc.midascore.TaskTwoTests          : ...
2025-10-06T10:49:55.745-04:00  INFO 50881 --- [           main] com.jpmc.midascore.TaskTwoTests          : ...
2025-10-06T10:50:15.751-04:00  INFO 50881 --- [           main] com.jpmc.midascore.TaskTwoTests          : ...
2025-10-06T10:50:35.754-04:00  INFO 50881 --- [           main] com.jpmc.midascore.TaskTwoTests          : ...
2025-10-06T10:50:55.760-04:00  INFO 50881 --- [           main] com.jpmc.midascore.TaskTwoTests          : ...
2025-10-06T10:51:15.763-04:00  INFO 50881 --- [           main] com.jpmc.midascore.TaskTwoTests          : ...
2025-10-06T10:51:35.768-04:00  INFO 50881 --- [           main] com.jpmc.midascore.TaskTwoTests          : ...
2025-10-06T10:51:55.773-04:00  INFO 50881 --- [           main] com.jpmc.midascore.TaskTwoTests          : ...
2025-10-06T10:52:15.776-04:00  INFO 50881 --- [           main] com.jpmc.midascore.TaskTwoTests          : ...
2025-10-06T10:52:35.781-04:00  INFO 50881 --- [           main] com.jpmc.midascore.TaskTwoTests          : ...
2025-10-06T10:52:55.785-04:00  INFO 50881 --- [           main] com.jpmc.midascore.TaskTwoTests          : ...
2025-10-06T10:53:15.788-04:00  INFO 50881 --- [           main] com.jpmc.midascore.TaskTwoTests          : ...
2025-10-06T10:53:35.793-04:00  INFO 50881 --- [           main] com.jpmc.midascore.TaskTwoTests          : ...
2025-10-06T10:53:55.795-04:00  INFO 50881 --- [           main] com.jpmc.midascore.TaskTwoTests          : ...
2025-10-06T10:54:15.800-04:00  INFO 50881 --- [           main] com.jpmc.midascore.TaskTwoTests          : ...
2025-10-06T10:54:35.805-04:00  INFO 50881 --- [           main] com.jpmc.midascore.TaskTwoTests          : ...
2025-10-06T10:54:55.810-04:00  INFO 50881 --- [           main] com.jpmc.midascore.TaskTwoTests          : ...
2025-10-06T10:55:15.840-04:00  INFO 50881 --- [           main] com.jpmc.midascore.TaskTwoTests          : ...
2025-10-06T10:55:35.846-04:00  INFO 50881 --- [           main] com.jpmc.midascore.TaskTwoTests          : ...
2025-10-06T10:55:55.850-04:00  INFO 50881 --- [           main] com.jpmc.midascore.TaskTwoTests          : ...
2025-10-06T10:56:15.854-04:00  INFO 50881 --- [           main] com.jpmc.midascore.TaskTwoTests          : ...
2025-10-06T10:56:35.858-04:00  INFO 50881 --- [           main] com.jpmc.midascore.TaskTwoTests          : ...
2025-10-06T10:56:55.859-04:00  INFO 50881 --- [           main] com.jpmc.midascore.TaskTwoTests          : ...
2025-10-06T10:57:15.862-04:00  INFO 50881 --- [           main] com.jpmc.midascore.TaskTwoTests          : ...
2025-10-06T10:57:35.868-04:00  INFO 50881 --- [           main] com.jpmc.midascore.TaskTwoTests          : ...
2025-10-06T10:57:55.873-04:00  INFO 50881 --- [           main] com.jpmc.midascore.TaskTwoTests          : ...
2025-10-06T10:58:15.875-04:00  INFO 50881 --- [           main] com.jpmc.midascore.TaskTwoTests          : ...
2025-10-06T10:58:35.879-04:00  INFO 50881 --- [           main] com.jpmc.midascore.TaskTwoTests          : ...
2025-10-06T10:58:55.883-04:00  INFO 50881 --- [           main] com.jpmc.midascore.TaskTwoTests          : ...
2025-10-06T10:59:15.887-04:00  INFO 50881 --- [           main] com.jpmc.midascore.TaskTwoTests          : ...
2025-10-06T10:59:35.893-04:00  INFO 50881 --- [           main] com.jpmc.midascore.TaskTwoTests          : ...
2025-10-06T10:59:55.899-04:00  INFO 50881 --- [           main] com.jpmc.midascore.TaskTwoTests          : ...
2025-10-06T11:00:15.904-04:00  INFO 50881 --- [           main] com.jpmc.midascore.TaskTwoTests          : ...
2025-10-06T11:00:35.906-04:00  INFO 50881 --- [           main] com.jpmc.midascore.TaskTwoTests          : ...
2025-10-06T11:00:55.910-04:00  INFO 50881 --- [           main] com.jpmc.midascore.TaskTwoTests          : ...
2025-10-06T11:01:15.917-04:00  INFO 50881 --- [           main] com.jpmc.midascore.TaskTwoTests          : ...
2025-10-06T11:01:35.919-04:00  INFO 50881 --- [           main] com.jpmc.midascore.TaskTwoTests          : ...
2025-10-06T11:01:55.921-04:00  INFO 50881 --- [           main] com.jpmc.midascore.TaskTwoTests          : ...
2025-10-06T11:02:15.927-04:00  INFO 50881 --- [           main] com.jpmc.midascore.TaskTwoTests          : ...
2025-10-06T11:02:35.931-04:00  INFO 50881 --- [           main] com.jpmc.midascore.TaskTwoTests          : ...
2025-10-06T11:02:55.933-04:00  INFO 50881 --- [           main] com.jpmc.midascore.TaskTwoTests          : ...
2025-10-06T11:03:15.934-04:00  INFO 50881 --- [           main] com.jpmc.midascore.TaskTwoTests          : ...
2025-10-06T11:03:35.943-04:00  INFO 50881 --- [           main] com.jpmc.midascore.TaskTwoTests          : ...
2025-10-06T11:03:55.946-04:00  INFO 50881 --- [           main] com.jpmc.midascore.TaskTwoTests          : ...
2025-10-06T11:04:15.952-04:00  INFO 50881 --- [           main] com.jpmc.midascore.TaskTwoTests          : ...
2025-10-06T11:04:35.956-04:00  INFO 50881 --- [           main] com.jpmc.midascore.TaskTwoTests          : ...
2025-10-06T11:04:55.958-04:00  INFO 50881 --- [           main] com.jpmc.midascore.TaskTwoTests          : ...
2025-10-06T11:05:15.964-04:00  INFO 50881 --- [           main] com.jpmc.midascore.TaskTwoTests          : ...
2025-10-06T11:05:35.966-04:00  INFO 50881 --- [           main] com.jpmc.midascore.TaskTwoTests          : ...
2025-10-06T11:05:55.972-04:00  INFO 50881 --- [           main] com.jpmc.midascore.TaskTwoTests          : ...
2025-10-06T11:06:15.974-04:00  INFO 50881 --- [           main] com.jpmc.midascore.TaskTwoTests          : ...
2025-10-06T11:06:35.979-04:00  INFO 50881 --- [           main] com.jpmc.midascore.TaskTwoTests          : ...
2025-10-06T11:06:55.980-04:00  INFO 50881 --- [           main] com.jpmc.midascore.TaskTwoTests          : ...
2025-10-06T11:07:15.983-04:00  INFO 50881 --- [           main] com.jpmc.midascore.TaskTwoTests          : ...
2025-10-06T11:07:35.994-04:00  INFO 50881 --- [           main] com.jpmc.midascore.TaskTwoTests          : ...
2025-10-06T11:07:55.998-04:00  INFO 50881 --- [           main] com.jpmc.midascore.TaskTwoTests          : ...
2025-10-06T11:08:16.001-04:00  INFO 50881 --- [           main] com.jpmc.midascore.TaskTwoTests          : ...
2025-10-06T11:08:36.005-04:00  INFO 50881 --- [           main] com.jpmc.midascore.TaskTwoTests          : ...
2025-10-06T11:08:56.006-04:00  INFO 50881 --- [           main] com.jpmc.midascore.TaskTwoTests          : ...
2025-10-06T11:09:16.012-04:00  INFO 50881 --- [           main] com.jpmc.midascore.TaskTwoTests          : ...
2025-10-06T11:09:36.016-04:00  INFO 50881 --- [           main] com.jpmc.midascore.TaskTwoTests          : ...
2025-10-06T11:09:56.018-04:00  INFO 50881 --- [           main] com.jpmc.midascore.TaskTwoTests          : ...
2025-10-06T11:10:16.019-04:00  INFO 50881 --- [           main] com.jpmc.midascore.TaskTwoTests          : ...
2025-10-06T11:10:36.022-04:00  INFO 50881 --- [           main] com.jpmc.midascore.TaskTwoTests          : ...
2025-10-06T11:10:56.025-04:00  INFO 50881 --- [           main] com.jpmc.midascore.TaskTwoTests          : ...
2025-10-06T11:11:16.026-04:00  INFO 50881 --- [           main] com.jpmc.midascore.TaskTwoTests          : ...
2025-10-06T11:11:36.031-04:00  INFO 50881 --- [           main] com.jpmc.midascore.TaskTwoTests          : ...
2025-10-06T11:11:56.036-04:00  INFO 50881 --- [           main] com.jpmc.midascore.TaskTwoTests          : ...
2025-10-06T11:12:16.041-04:00  INFO 50881 --- [           main] com.jpmc.midascore.TaskTwoTests          : ...
2025-10-06T11:12:36.047-04:00  INFO 50881 --- [           main] com.jpmc.midascore.TaskTwoTests          : ...
2025-10-06T11:12:56.047-04:00  INFO 50881 --- [           main] com.jpmc.midascore.TaskTwoTests          : ...
2025-10-06T11:13:16.052-04:00  INFO 50881 --- [           main] com.jpmc.midascore.TaskTwoTests          : ...
2025-10-06T11:13:36.094-04:00  INFO 50881 --- [           main] com.jpmc.midascore.TaskTwoTests          : ...
2025-10-06T11:13:56.099-04:00  INFO 50881 --- [           main] com.jpmc.midascore.TaskTwoTests          : ...
2025-10-06T11:14:16.104-04:00  INFO 50881 --- [           main] com.jpmc.midascore.TaskTwoTests          : ...
2025-10-06T11:14:36.106-04:00  INFO 50881 --- [           main] com.jpmc.midascore.TaskTwoTests          : ...
2025-10-06T11:14:56.110-04:00  INFO 50881 --- [           main] com.jpmc.midascore.TaskTwoTests          : ...
2025-10-06T11:15:16.112-04:00  INFO 50881 --- [           main] com.jpmc.midascore.TaskTwoTests          : ...
2025-10-06T11:15:36.114-04:00  INFO 50881 --- [           main] com.jpmc.midascore.TaskTwoTests          : ...
2025-10-06T11:15:56.117-04:00  INFO 50881 --- [           main] com.jpmc.midascore.TaskTwoTests          : ...
2025-10-06T11:16:16.118-04:00  INFO 50881 --- [           main] com.jpmc.midascore.TaskTwoTests          : ...
2025-10-06T11:16:36.123-04:00  INFO 50881 --- [           main] com.jpmc.midascore.TaskTwoTests          : ...
2025-10-06T11:16:56.129-04:00  INFO 50881 --- [           main] com.jpmc.midascore.TaskTwoTests          : ...
2025-10-06T11:17:16.138-04:00  INFO 50881 --- [           main] com.jpmc.midascore.TaskTwoTests          : ...
2025-10-06T11:17:36.140-04:00  INFO 50881 --- [           main] com.jpmc.midascore.TaskTwoTests          : ...
2025-10-06T11:17:56.150-04:00  INFO 50881 --- [           main] com.jpmc.midascore.TaskTwoTests          : ...
2025-10-06T11:18:16.156-04:00  INFO 50881 --- [           main] com.jpmc.midascore.TaskTwoTests          : ...
2025-10-06T11:18:36.157-04:00  INFO 50881 --- [           main] com.jpmc.midascore.TaskTwoTests          : ...
2025-10-06T11:18:56.162-04:00  INFO 50881 --- [           main] com.jpmc.midascore.TaskTwoTests          : ...
2025-10-06T11:19:16.164-04:00  INFO 50881 --- [           main] com.jpmc.midascore.TaskTwoTests          : ...
2025-10-06T11:19:36.166-04:00  INFO 50881 --- [           main] com.jpmc.midascore.TaskTwoTests          : ...
2025-10-06T11:19:56.167-04:00  INFO 50881 --- [           main] com.jpmc.midascore.TaskTwoTests          : ...
2025-10-06T11:20:16.172-04:00  INFO 50881 --- [           main] com.jpmc.midascore.TaskTwoTests          : ...
2025-10-06T11:20:36.173-04:00  INFO 50881 --- [           main] com.jpmc.midascore.TaskTwoTests          : ...
2025-10-06T11:20:56.176-04:00  INFO 50881 --- [           main] com.jpmc.midascore.TaskTwoTests          : ...
2025-10-06T11:21:16.180-04:00  INFO 50881 --- [           main] com.jpmc.midascore.TaskTwoTests          : ...
2025-10-06T11:21:36.183-04:00  INFO 50881 --- [           main] com.jpmc.midascore.TaskTwoTests          : ...
2025-10-06T11:21:56.188-04:00  INFO 50881 --- [           main] com.jpmc.midascore.TaskTwoTests          : ...
2025-10-06T11:22:16.194-04:00  INFO 50881 --- [           main] com.jpmc.midascore.TaskTwoTests          : ...
2025-10-06T11:22:36.198-04:00  INFO 50881 --- [           main] com.jpmc.midascore.TaskTwoTests          : ...
2025-10-06T11:22:56.203-04:00  INFO 50881 --- [           main] com.jpmc.midascore.TaskTwoTests          : ...
2025-10-06T11:23:16.206-04:00  INFO 50881 --- [           main] com.jpmc.midascore.TaskTwoTests          : ...
2025-10-06T11:23:36.207-04:00  INFO 50881 --- [           main] com.jpmc.midascore.TaskTwoTests          : ...
2025-10-06T11:23:56.212-04:00  INFO 50881 --- [           main] com.jpmc.midascore.TaskTwoTests          : ...
2025-10-06T11:24:16.217-04:00  INFO 50881 --- [           main] com.jpmc.midascore.TaskTwoTests          : ...
2025-10-06T11:24:36.219-04:00  INFO 50881 --- [           main] com.jpmc.midascore.TaskTwoTests          : ...
2025-10-06T11:24:56.225-04:00  INFO 50881 --- [           main] com.jpmc.midascore.TaskTwoTests          : ...
2025-10-06T11:25:16.226-04:00  INFO 50881 --- [           main] com.jpmc.midascore.TaskTwoTests          : ...
2025-10-06T11:25:36.229-04:00  INFO 50881 --- [           main] com.jpmc.midascore.TaskTwoTests          : ...
2025-10-06T11:25:56.234-04:00  INFO 50881 --- [           main] com.jpmc.midascore.TaskTwoTests          : ...
2025-10-06T11:26:08.322-04:00  INFO 50881 --- [r-event-handler] o.a.k.image.publisher.SnapshotGenerator  : [SnapshotGenerator id=0] Creating new KRaft snapshot file snapshot 00000000000000007347-0000000001 because we have waited at least 60 minute(s).
2025-10-06T11:26:08.410-04:00  INFO 50881 --- [r-event-handler] o.a.k.image.publisher.SnapshotEmitter    : [SnapshotEmitter id=0] Successfully wrote snapshot 00000000000000007347-0000000001
2025-10-06T11:26:16.242-04:00  INFO 50881 --- [           main] com.jpmc.midascore.TaskTwoTests          : ...
2025-10-06T11:26:36.245-04:00  INFO 50881 --- [           main] com.jpmc.midascore.TaskTwoTests          : ...
2025-10-06T11:26:56.249-04:00  INFO 50881 --- [           main] com.jpmc.midascore.TaskTwoTests          : ...
2025-10-06T11:27:16.252-04:00  INFO 50881 --- [           main] com.jpmc.midascore.TaskTwoTests          : ...
2025-10-06T11:27:36.253-04:00  INFO 50881 --- [           main] com.jpmc.midascore.TaskTwoTests          : ...
2025-10-06T11:27:56.262-04:00  INFO 50881 --- [           main] com.jpmc.midascore.TaskTwoTests          : ...
2025-10-06T11:28:16.272-04:00  INFO 50881 --- [           main] com.jpmc.midascore.TaskTwoTests          : ...
2025-10-06T11:28:36.283-04:00  INFO 50881 --- [           main] com.jpmc.midascore.TaskTwoTests          : ...
2025-10-06T11:28:56.287-04:00  INFO 50881 --- [           main] com.jpmc.midascore.TaskTwoTests          : ...
2025-10-06T11:29:16.295-04:00  INFO 50881 --- [           main] com.jpmc.midascore.TaskTwoTests          : ...
2025-10-06T11:29:36.304-04:00  INFO 50881 --- [           main] com.jpmc.midascore.TaskTwoTests          : ...
2025-10-06T11:29:56.314-04:00  INFO 50881 --- [           main] com.jpmc.midascore.TaskTwoTests          : ...
2025-10-06T11:30:16.325-04:00  INFO 50881 --- [           main] com.jpmc.midascore.TaskTwoTests          : ...
2025-10-06T11:30:36.338-04:00  INFO 50881 --- [           main] com.jpmc.midascore.TaskTwoTests          : ...
2025-10-06T11:30:56.343-04:00  INFO 50881 --- [           main] com.jpmc.midascore.TaskTwoTests          : ...
2025-10-06T11:31:16.350-04:00  INFO 50881 --- [           main] com.jpmc.midascore.TaskTwoTests          : ...
2025-10-06T11:31:36.357-04:00  INFO 50881 --- [           main] com.jpmc.midascore.TaskTwoTests          : ...
2025-10-06T11:31:56.367-04:00  INFO 50881 --- [           main] com.jpmc.midascore.TaskTwoTests          : ...
2025-10-06T11:32:16.378-04:00  INFO 50881 --- [           main] com.jpmc.midascore.TaskTwoTests          : ...
2025-10-06T11:32:36.388-04:00  INFO 50881 --- [           main] com.jpmc.midascore.TaskTwoTests          : ...
2025-10-06T11:32:56.404-04:00  INFO 50881 --- [           main] com.jpmc.midascore.TaskTwoTests          : ...
2025-10-06T11:33:16.411-04:00  INFO 50881 --- [           main] com.jpmc.midascore.TaskTwoTests          : ...
2025-10-06T11:33:36.421-04:00  INFO 50881 --- [           main] com.jpmc.midascore.TaskTwoTests          : ...
2025-10-06T11:33:56.431-04:00  INFO 50881 --- [           main] com.jpmc.midascore.TaskTwoTests          : ...
2025-10-06T11:34:16.444-04:00  INFO 50881 --- [           main] com.jpmc.midascore.TaskTwoTests          : ...
2025-10-06T11:34:36.454-04:00  INFO 50881 --- [           main] com.jpmc.midascore.TaskTwoTests          : ...
2025-10-06T11:34:56.459-04:00  INFO 50881 --- [           main] com.jpmc.midascore.TaskTwoTests          : ...
2025-10-06T11:35:16.469-04:00  INFO 50881 --- [           main] com.jpmc.midascore.TaskTwoTests          : ...
2025-10-06T11:35:36.474-04:00  INFO 50881 --- [           main] com.jpmc.midascore.TaskTwoTests          : ...
2025-10-06T11:35:56.478-04:00  INFO 50881 --- [           main] com.jpmc.midascore.TaskTwoTests          : ...
2025-10-06T11:36:16.484-04:00  INFO 50881 --- [           main] com.jpmc.midascore.TaskTwoTests          : ...
2025-10-06T11:36:36.490-04:00  INFO 50881 --- [           main] com.jpmc.midascore.TaskTwoTests          : ...
2025-10-06T11:36:56.494-04:00  INFO 50881 --- [           main] com.jpmc.midascore.TaskTwoTests          : ...
2025-10-06T11:37:16.498-04:00  INFO 50881 --- [           main] com.jpmc.midascore.TaskTwoTests          : ...
2025-10-06T11:37:36.501-04:00  INFO 50881 --- [           main] com.jpmc.midascore.TaskTwoTests          : ...
2025-10-06T11:37:56.505-04:00  INFO 50881 --- [           main] com.jpmc.midascore.TaskTwoTests          : ...
2025-10-06T11:38:16.509-04:00  INFO 50881 --- [           main] com.jpmc.midascore.TaskTwoTests          : ...
2025-10-06T11:38:36.511-04:00  INFO 50881 --- [           main] com.jpmc.midascore.TaskTwoTests          : ...
2025-10-06T11:38:56.516-04:00  INFO 50881 --- [           main] com.jpmc.midascore.TaskTwoTests          : ...
2025-10-06T11:39:16.522-04:00  INFO 50881 --- [           main] com.jpmc.midascore.TaskTwoTests          : ...
2025-10-06T11:39:36.527-04:00  INFO 50881 --- [           main] com.jpmc.midascore.TaskTwoTests          : ...
2025-10-06T11:39:56.530-04:00  INFO 50881 --- [           main] com.jpmc.midascore.TaskTwoTests          : ...
2025-10-06T11:40:16.535-04:00  INFO 50881 --- [           main] com.jpmc.midascore.TaskTwoTests          : ...
2025-10-06T11:40:36.544-04:00  INFO 50881 --- [           main] com.jpmc.midascore.TaskTwoTests          : ...
2025-10-06T11:40:56.549-04:00  INFO 50881 --- [           main] com.jpmc.midascore.TaskTwoTests          : ...
2025-10-06T11:41:16.553-04:00  INFO 50881 --- [           main] com.jpmc.midascore.TaskTwoTests          : ...
2025-10-06T11:41:36.558-04:00  INFO 50881 --- [           main] com.jpmc.midascore.TaskTwoTests          : ...
2025-10-06T11:41:56.561-04:00  INFO 50881 --- [           main] com.jpmc.midascore.TaskTwoTests          : ...
2025-10-06T11:42:16.565-04:00  INFO 50881 --- [           main] com.jpmc.midascore.TaskTwoTests          : ...
2025-10-06T11:42:36.566-04:00  INFO 50881 --- [           main] com.jpmc.midascore.TaskTwoTests          : ...
2025-10-06T11:42:56.571-04:00  INFO 50881 --- [           main] com.jpmc.midascore.TaskTwoTests          : ...
2025-10-06T11:43:16.574-04:00  INFO 50881 --- [           main] com.jpmc.midascore.TaskTwoTests          : ...
2025-10-06T11:43:36.575-04:00  INFO 50881 --- [           main] com.jpmc.midascore.TaskTwoTests          : ...
2025-10-06T11:43:56.577-04:00  INFO 50881 --- [           main] com.jpmc.midascore.TaskTwoTests          : ...
2025-10-06T11:44:16.584-04:00  INFO 50881 --- [           main] com.jpmc.midascore.TaskTwoTests          : ...
2025-10-06T11:44:36.598-04:00  INFO 50881 --- [           main] com.jpmc.midascore.TaskTwoTests          : ...
2025-10-06T11:44:56.607-04:00  INFO 50881 --- [           main] com.jpmc.midascore.TaskTwoTests          : ...
2025-10-06T11:45:16.614-04:00  INFO 50881 --- [           main] com.jpmc.midascore.TaskTwoTests          : ...
2025-10-06T11:45:36.617-04:00  INFO 50881 --- [           main] com.jpmc.midascore.TaskTwoTests          : ...
2025-10-06T11:45:56.622-04:00  INFO 50881 --- [           main] com.jpmc.midascore.TaskTwoTests          : ...
2025-10-06T11:46:16.628-04:00  INFO 50881 --- [           main] com.jpmc.midascore.TaskTwoTests          : ...
2025-10-06T11:46:36.634-04:00  INFO 50881 --- [           main] com.jpmc.midascore.TaskTwoTests          : ...
2025-10-06T11:46:56.637-04:00  INFO 50881 --- [           main] com.jpmc.midascore.TaskTwoTests          : ...
2025-10-06T11:47:16.644-04:00  INFO 50881 --- [           main] com.jpmc.midascore.TaskTwoTests          : ...
2025-10-06T11:47:36.649-04:00  INFO 50881 --- [           main] com.jpmc.midascore.TaskTwoTests          : ...
2025-10-06T11:47:56.653-04:00  INFO 50881 --- [           main] com.jpmc.midascore.TaskTwoTests          : ...
2025-10-06T11:48:16.657-04:00  INFO 50881 --- [           main] com.jpmc.midascore.TaskTwoTests          : ...
2025-10-06T11:48:36.665-04:00  INFO 50881 --- [           main] com.jpmc.midascore.TaskTwoTests          : ...
2025-10-06T11:48:56.667-04:00  INFO 50881 --- [           main] com.jpmc.midascore.TaskTwoTests          : ...
2025-10-06T11:49:16.668-04:00  INFO 50881 --- [           main] com.jpmc.midascore.TaskTwoTests          : ...
2025-10-06T11:49:36.674-04:00  INFO 50881 --- [           main] com.jpmc.midascore.TaskTwoTests          : ...
2025-10-06T11:49:56.678-04:00  INFO 50881 --- [           main] com.jpmc.midascore.TaskTwoTests          : ...
2025-10-06T11:50:16.681-04:00  INFO 50881 --- [           main] com.jpmc.midascore.TaskTwoTests          : ...
2025-10-06T11:50:36.687-04:00  INFO 50881 --- [           main] com.jpmc.midascore.TaskTwoTests          : ...
2025-10-06T11:50:56.693-04:00  INFO 50881 --- [           main] com.jpmc.midascore.TaskTwoTests          : ...
2025-10-06T11:51:16.698-04:00  INFO 50881 --- [           main] com.jpmc.midascore.TaskTwoTests          : ...
2025-10-06T11:51:36.703-04:00  INFO 50881 --- [           main] com.jpmc.midascore.TaskTwoTests          : ...
2025-10-06T11:51:56.709-04:00  INFO 50881 --- [           main] com.jpmc.midascore.TaskTwoTests          : ...
2025-10-06T11:52:16.715-04:00  INFO 50881 --- [           main] com.jpmc.midascore.TaskTwoTests          : ...
2025-10-06T11:52:36.720-04:00  INFO 50881 --- [           main] com.jpmc.midascore.TaskTwoTests          : ...
2025-10-06T11:54:30.016-04:00  INFO 50881 --- [           main] com.jpmc.midascore.TaskTwoTests          : ...
2025-10-06T11:54:30.025-04:00  INFO 50881 --- [ad | midas-core] o.a.k.c.c.internals.ConsumerCoordinator  : [Consumer clientId=consumer-midas-core-1, groupId=midas-core] Group coordinator localhost:64550 (id: 2147483647 rack: null) is unavailable or invalid due to cause: session timed out without receiving a heartbeat response. isDisconnected: false. Rediscovery will be attempted.
2025-10-06T11:54:30.026-04:00  INFO 50881 --- [ad | midas-core] o.a.k.c.c.internals.ConsumerCoordinator  : [Consumer clientId=consumer-midas-core-1, groupId=midas-core] Requesting disconnect from last known coordinator localhost:64550 (id: 2147483647 rack: null)
2025-10-06T11:54:30.026-04:00  INFO 50881 --- [ad | midas-core] org.apache.kafka.clients.NetworkClient   : [Consumer clientId=consumer-midas-core-1, groupId=midas-core] Client requested disconnect from node 2147483647
2025-10-06T11:54:30.043-04:00  INFO 50881 --- [ntainer#0-0-C-1] o.a.k.c.c.internals.ConsumerCoordinator  : [Consumer clientId=consumer-midas-core-1, groupId=midas-core] Discovered group coordinator localhost:64550 (id: 2147483647 rack: null)
2025-10-06T11:54:30.044-04:00  INFO 50881 --- [ntainer#0-0-C-1] o.a.k.c.c.internals.ConsumerCoordinator  : [Consumer clientId=consumer-midas-core-1, groupId=midas-core] Group coordinator localhost:64550 (id: 2147483647 rack: null) is unavailable or invalid due to cause: coordinator unavailable. isDisconnected: false. Rediscovery will be attempted.
2025-10-06T11:54:30.052-04:00  INFO 50881 --- [ntainer#0-0-C-1] o.a.k.c.c.internals.ConsumerCoordinator  : [Consumer clientId=consumer-midas-core-1, groupId=midas-core] Requesting disconnect from last known coordinator localhost:64550 (id: 2147483647 rack: null)
2025-10-06T11:54:30.162-04:00  INFO 50881 --- [ntainer#0-0-C-1] o.a.k.c.c.internals.ConsumerCoordinator  : [Consumer clientId=consumer-midas-core-1, groupId=midas-core] Discovered group coordinator localhost:64550 (id: 2147483647 rack: null)
2025-10-06T11:54:47.761-04:00  WARN 50881 --- [l-1 housekeeper] com.zaxxer.hikari.pool.HikariPool        : HikariPool-1 - Thread starvation or clock leap detected (housekeeper delta=2m1s441ms).
2025-10-06T11:54:48.532-04:00  INFO 50881 --- [           main] com.jpmc.midascore.TaskTwoTests          : ...
2025-10-06T11:55:08.534-04:00  INFO 50881 --- [           main] com.jpmc.midascore.TaskTwoTests          : ...
2025-10-06T11:55:28.535-04:00  INFO 50881 --- [           main] com.jpmc.midascore.TaskTwoTests          : ...
2025-10-06T11:55:48.540-04:00  INFO 50881 --- [           main] com.jpmc.midascore.TaskTwoTests          : ...
2025-10-06T11:56:08.542-04:00  INFO 50881 --- [           main] com.jpmc.midascore.TaskTwoTests          : ...
2025-10-06T11:56:30.539-04:00  INFO 50881 --- [           main] com.jpmc.midascore.TaskTwoTests          : ...
2025-10-06T12:14:54.072-04:00  INFO 50881 --- [ntainer#0-0-C-1] org.apache.kafka.clients.NetworkClient   : [Consumer clientId=consumer-midas-core-1, groupId=midas-core] Disconnecting from node 0 due to request timeout.
2025-10-06T12:14:54.072-04:00  INFO 50881 --- [ntainer#0-0-C-1] org.apache.kafka.clients.NetworkClient   : [Consumer clientId=consumer-midas-core-1, groupId=midas-core] Cancelled in-flight FETCH request with correlation id 12547 due to node 0 being disconnected (elapsed time since creation: 1086958ms, elapsed time since send: 1086958ms, request timeout: 30000ms)
2025-10-06T12:14:54.087-04:00  INFO 50881 --- [ntainer#0-0-C-1] o.a.kafka.clients.FetchSessionHandler    : [Consumer clientId=consumer-midas-core-1, groupId=midas-core] Error sending fetch request (sessionId=801508706, epoch=9640) to node 0:

org.apache.kafka.common.errors.DisconnectException: null

2025-10-06T12:14:54.139-04:00  INFO 50881 --- [ad | midas-core] o.a.k.c.c.internals.ConsumerCoordinator  : [Consumer clientId=consumer-midas-core-1, groupId=midas-core] Group coordinator localhost:64550 (id: 2147483647 rack: null) is unavailable or invalid due to cause: session timed out without receiving a heartbeat response. isDisconnected: false. Rediscovery will be attempted.
2025-10-06T12:14:54.139-04:00  INFO 50881 --- [ad | midas-core] o.a.k.c.c.internals.ConsumerCoordinator  : [Consumer clientId=consumer-midas-core-1, groupId=midas-core] Requesting disconnect from last known coordinator localhost:64550 (id: 2147483647 rack: null)
2025-10-06T12:14:54.139-04:00  INFO 50881 --- [ad | midas-core] org.apache.kafka.clients.NetworkClient   : [Consumer clientId=consumer-midas-core-1, groupId=midas-core] Client requested disconnect from node 2147483647
2025-10-06T12:14:54.241-04:00  INFO 50881 --- [ntainer#0-0-C-1] o.a.k.c.c.internals.ConsumerCoordinator  : [Consumer clientId=consumer-midas-core-1, groupId=midas-core] Discovered group coordinator localhost:64550 (id: 2147483647 rack: null)
2025-10-06T12:14:55.226-04:00  WARN 50881 --- [l-1 housekeeper] com.zaxxer.hikari.pool.HikariPool        : HikariPool-1 - Thread starvation or clock leap detected (housekeeper delta=18m37s455ms).
2025-10-06T12:14:57.023-04:00  INFO 50881 --- [           main] com.jpmc.midascore.TaskTwoTests          : ...
2025-10-06T12:15:17.029-04:00  INFO 50881 --- [           main] com.jpmc.midascore.TaskTwoTests          : ...
2025-10-06T12:15:37.034-04:00  INFO 50881 --- [           main] com.jpmc.midascore.TaskTwoTests          : ...
2025-10-06T12:15:57.046-04:00  INFO 50881 --- [           main] com.jpmc.midascore.TaskTwoTests          : ...
2025-10-06T12:16:17.051-04:00  INFO 50881 --- [           main] com.jpmc.midascore.TaskTwoTests          : ...
2025-10-06T12:16:37.061-04:00  INFO 50881 --- [           main] com.jpmc.midascore.TaskTwoTests          : ...
2025-10-06T12:16:57.072-04:00  INFO 50881 --- [           main] com.jpmc.midascore.TaskTwoTests          : ...
2025-10-06T12:17:17.079-04:00  INFO 50881 --- [           main] com.jpmc.midascore.TaskTwoTests          : ...
2025-10-06T12:17:37.085-04:00  INFO 50881 --- [           main] com.jpmc.midascore.TaskTwoTests          : ...
2025-10-06T12:17:57.088-04:00  INFO 50881 --- [           main] com.jpmc.midascore.TaskTwoTests          : ...
2025-10-06T12:18:17.093-04:00  INFO 50881 --- [           main] com.jpmc.midascore.TaskTwoTests          : ...
2025-10-06T12:18:37.099-04:00  INFO 50881 --- [           main] com.jpmc.midascore.TaskTwoTests          : ...
2025-10-06T12:18:57.100-04:00  INFO 50881 --- [           main] com.jpmc.midascore.TaskTwoTests          : ...
2025-10-06T12:19:17.102-04:00  INFO 50881 --- [           main] com.jpmc.midascore.TaskTwoTests          : ...
2025-10-06T12:19:37.105-04:00  INFO 50881 --- [           main] com.jpmc.midascore.TaskTwoTests          : ...
2025-10-06T12:19:57.110-04:00  INFO 50881 --- [           main] com.jpmc.midascore.TaskTwoTests          : ...
2025-10-06T12:20:17.112-04:00  INFO 50881 --- [           main] com.jpmc.midascore.TaskTwoTests          : ...
2025-10-06T12:20:37.117-04:00  INFO 50881 --- [           main] com.jpmc.midascore.TaskTwoTests          : ...
2025-10-06T12:20:57.121-04:00  INFO 50881 --- [           main] com.jpmc.midascore.TaskTwoTests          : ...
2025-10-06T12:21:17.123-04:00  INFO 50881 --- [           main] com.jpmc.midascore.TaskTwoTests          : ...
2025-10-06T12:21:37.132-04:00  INFO 50881 --- [           main] com.jpmc.midascore.TaskTwoTests          : ...
2025-10-06T12:21:57.139-04:00  INFO 50881 --- [           main] com.jpmc.midascore.TaskTwoTests          : ...
2025-10-06T12:22:17.147-04:00  INFO 50881 --- [           main] com.jpmc.midascore.TaskTwoTests          : ...
2025-10-06T12:22:37.159-04:00  INFO 50881 --- [           main] com.jpmc.midascore.TaskTwoTests          : ...
2025-10-06T12:22:57.172-04:00  INFO 50881 --- [           main] com.jpmc.midascore.TaskTwoTests          : ...
2025-10-06T12:23:17.178-04:00  INFO 50881 --- [           main] com.jpmc.midascore.TaskTwoTests          : ...
2025-10-06T12:23:37.183-04:00  INFO 50881 --- [           main] com.jpmc.midascore.TaskTwoTests          : ...
2025-10-06T12:23:57.185-04:00  INFO 50881 --- [           main] com.jpmc.midascore.TaskTwoTests          : ...
2025-10-06T12:24:17.191-04:00  INFO 50881 --- [           main] com.jpmc.midascore.TaskTwoTests          : ...
2025-10-06T12:24:37.199-04:00  INFO 50881 --- [           main] com.jpmc.midascore.TaskTwoTests          : ...
2025-10-06T12:24:57.204-04:00  INFO 50881 --- [           main] com.jpmc.midascore.TaskTwoTests          : ...
2025-10-06T12:25:17.206-04:00  INFO 50881 --- [           main] com.jpmc.midascore.TaskTwoTests          : ...
2025-10-06T12:25:37.211-04:00  INFO 50881 --- [           main] com.jpmc.midascore.TaskTwoTests          : ...
2025-10-06T12:25:57.217-04:00  INFO 50881 --- [           main] com.jpmc.midascore.TaskTwoTests          : ...
2025-10-06T12:26:17.222-04:00  INFO 50881 --- [           main] com.jpmc.midascore.TaskTwoTests          : ...
2025-10-06T12:26:37.228-04:00  INFO 50881 --- [           main] com.jpmc.midascore.TaskTwoTests          : ...
2025-10-06T12:26:57.234-04:00  INFO 50881 --- [           main] com.jpmc.midascore.TaskTwoTests          : ...
2025-10-06T12:27:17.239-04:00  INFO 50881 --- [           main] com.jpmc.midascore.TaskTwoTests          : ...
2025-10-06T12:27:37.241-04:00  INFO 50881 --- [           main] com.jpmc.midascore.TaskTwoTests          : ...
2025-10-06T12:27:57.244-04:00  INFO 50881 --- [           main] com.jpmc.midascore.TaskTwoTests          : ...
2025-10-06T12:28:17.250-04:00  INFO 50881 --- [           main] com.jpmc.midascore.TaskTwoTests          : ...
2025-10-06T12:28:37.255-04:00  INFO 50881 --- [           main] com.jpmc.midascore.TaskTwoTests          : ...
2025-10-06T12:28:57.256-04:00  INFO 50881 --- [           main] com.jpmc.midascore.TaskTwoTests          : ...
2025-10-06T12:29:17.262-04:00  INFO 50881 --- [           main] com.jpmc.midascore.TaskTwoTests          : ...
2025-10-06T12:29:37.264-04:00  INFO 50881 --- [           main] com.jpmc.midascore.TaskTwoTests          : ...
2025-10-06T12:29:57.266-04:00  INFO 50881 --- [           main] com.jpmc.midascore.TaskTwoTests          : ...
2025-10-06T12:30:17.270-04:00  INFO 50881 --- [           main] com.jpmc.midascore.TaskTwoTests          : ...
2025-10-06T12:30:37.274-04:00  INFO 50881 --- [           main] com.jpmc.midascore.TaskTwoTests          : ...
2025-10-06T12:30:57.281-04:00  INFO 50881 --- [           main] com.jpmc.midascore.TaskTwoTests          : ...
2025-10-06T12:31:17.286-04:00  INFO 50881 --- [           main] com.jpmc.midascore.TaskTwoTests          : ...
2025-10-06T12:31:37.292-04:00  INFO 50881 --- [           main] com.jpmc.midascore.TaskTwoTests          : ...
2025-10-06T12:31:57.296-04:00  INFO 50881 --- [           main] com.jpmc.midascore.TaskTwoTests          : ...
2025-10-06T12:32:17.302-04:00  INFO 50881 --- [           main] com.jpmc.midascore.TaskTwoTests          : ...
2025-10-06T12:32:37.308-04:00  INFO 50881 --- [           main] com.jpmc.midascore.TaskTwoTests          : ...
2025-10-06T12:32:57.313-04:00  INFO 50881 --- [           main] com.jpmc.midascore.TaskTwoTests          : ...
2025-10-06T12:33:17.319-04:00  INFO 50881 --- [           main] com.jpmc.midascore.TaskTwoTests          : ...
2025-10-06T12:33:37.320-04:00  INFO 50881 --- [           main] com.jpmc.midascore.TaskTwoTests          : ...
2025-10-06T12:33:57.321-04:00  INFO 50881 --- [           main] com.jpmc.midascore.TaskTwoTests          : ...
2025-10-06T12:34:17.327-04:00  INFO 50881 --- [           main] com.jpmc.midascore.TaskTwoTests          : ...
2025-10-06T12:34:37.331-04:00  INFO 50881 --- [           main] com.jpmc.midascore.TaskTwoTests          : ...
2025-10-06T12:34:57.332-04:00  INFO 50881 --- [           main] com.jpmc.midascore.TaskTwoTests          : ...
2025-10-06T12:35:17.333-04:00  INFO 50881 --- [           main] com.jpmc.midascore.TaskTwoTests          : ...
2025-10-06T12:35:37.338-04:00  INFO 50881 --- [           main] com.jpmc.midascore.TaskTwoTests          : ...
2025-10-06T12:35:57.343-04:00  INFO 50881 --- [           main] com.jpmc.midascore.TaskTwoTests          : ...
2025-10-06T12:36:17.347-04:00  INFO 50881 --- [           main] com.jpmc.midascore.TaskTwoTests          : ...
2025-10-06T12:36:37.352-04:00  INFO 50881 --- [           main] com.jpmc.midascore.TaskTwoTests          : ...
2025-10-06T12:36:57.358-04:00  INFO 50881 --- [           main] com.jpmc.midascore.TaskTwoTests          : ...
2025-10-06T12:37:17.358-04:00  INFO 50881 --- [           main] com.jpmc.midascore.TaskTwoTests          : ...
2025-10-06T12:37:37.363-04:00  INFO 50881 --- [           main] com.jpmc.midascore.TaskTwoTests          : ...
2025-10-06T12:37:57.368-04:00  INFO 50881 --- [           main] com.jpmc.midascore.TaskTwoTests          : ...
2025-10-06T12:38:17.371-04:00  INFO 50881 --- [           main] com.jpmc.midascore.TaskTwoTests          : ...
2025-10-06T12:38:37.372-04:00  INFO 50881 --- [           main] com.jpmc.midascore.TaskTwoTests          : ...
2025-10-06T12:38:57.373-04:00  INFO 50881 --- [           main] com.jpmc.midascore.TaskTwoTests          : ...
2025-10-06T12:39:17.374-04:00  INFO 50881 --- [           main] com.jpmc.midascore.TaskTwoTests          : ...
2025-10-06T12:39:37.378-04:00  INFO 50881 --- [           main] com.jpmc.midascore.TaskTwoTests          : ...
2025-10-06T12:39:57.385-04:00  INFO 50881 --- [           main] com.jpmc.midascore.TaskTwoTests          : ...
2025-10-06T12:40:17.392-04:00  INFO 50881 --- [           main] com.jpmc.midascore.TaskTwoTests          : ...
2025-10-06T12:40:37.393-04:00  INFO 50881 --- [           main] com.jpmc.midascore.TaskTwoTests          : ...
2025-10-06T12:40:57.398-04:00  INFO 50881 --- [           main] com.jpmc.midascore.TaskTwoTests          : ...
2025-10-06T12:41:17.404-04:00  INFO 50881 --- [           main] com.jpmc.midascore.TaskTwoTests          : ...
2025-10-06T12:41:37.406-04:00  INFO 50881 --- [           main] com.jpmc.midascore.TaskTwoTests          : ...
2025-10-06T12:41:57.409-04:00  INFO 50881 --- [           main] com.jpmc.midascore.TaskTwoTests          : ...
2025-10-06T12:42:17.410-04:00  INFO 50881 --- [           main] com.jpmc.midascore.TaskTwoTests          : ...
2025-10-06T12:42:37.410-04:00  INFO 50881 --- [           main] com.jpmc.midascore.TaskTwoTests          : ...
2025-10-06T12:42:57.417-04:00  INFO 50881 --- [           main] com.jpmc.midascore.TaskTwoTests          : ...
2025-10-06T12:43:17.418-04:00  INFO 50881 --- [           main] com.jpmc.midascore.TaskTwoTests          : ...
2025-10-06T12:43:37.423-04:00  INFO 50881 --- [           main] com.jpmc.midascore.TaskTwoTests          : ...
2025-10-06T12:43:57.427-04:00  INFO 50881 --- [           main] com.jpmc.midascore.TaskTwoTests          : ...
2025-10-06T12:44:17.445-04:00  INFO 50881 --- [           main] com.jpmc.midascore.TaskTwoTests          : ...
2025-10-06T12:44:37.450-04:00  INFO 50881 --- [           main] com.jpmc.midascore.TaskTwoTests          : ...
2025-10-06T12:44:57.455-04:00  INFO 50881 --- [           main] com.jpmc.midascore.TaskTwoTests          : ...
2025-10-06T12:45:17.461-04:00  INFO 50881 --- [           main] com.jpmc.midascore.TaskTwoTests          : ...
2025-10-06T12:45:37.466-04:00  INFO 50881 --- [           main] com.jpmc.midascore.TaskTwoTests          : ...
2025-10-06T12:45:48.812-04:00  INFO 50881 --- [r-event-handler] o.a.k.image.publisher.SnapshotGenerator  : [SnapshotGenerator id=0] Creating new KRaft snapshot file snapshot 00000000000000014479-0000000001 because we have waited at least 60 minute(s).
2025-10-06T12:45:48.856-04:00  INFO 50881 --- [r-event-handler] o.a.k.image.publisher.SnapshotEmitter    : [SnapshotEmitter id=0] Successfully wrote snapshot 00000000000000014479-0000000001
2025-10-06T12:45:57.472-04:00  INFO 50881 --- [           main] com.jpmc.midascore.TaskTwoTests          : ...
2025-10-06T12:46:17.478-04:00  INFO 50881 --- [           main] com.jpmc.midascore.TaskTwoTests          : ...
2025-10-06T12:46:37.483-04:00  INFO 50881 --- [           main] com.jpmc.midascore.TaskTwoTests          : ...
2025-10-06T12:46:57.486-04:00  INFO 50881 --- [           main] com.jpmc.midascore.TaskTwoTests          : ...
2025-10-06T12:47:17.490-04:00  INFO 50881 --- [           main] com.jpmc.midascore.TaskTwoTests          : ...
2025-10-06T12:47:37.492-04:00  INFO 50881 --- [           main] com.jpmc.midascore.TaskTwoTests          : ...
2025-10-06T12:47:57.498-04:00  INFO 50881 --- [           main] com.jpmc.midascore.TaskTwoTests          : ...
2025-10-06T12:48:17.499-04:00  INFO 50881 --- [           main] com.jpmc.midascore.TaskTwoTests          : ...
2025-10-06T12:48:37.504-04:00  INFO 50881 --- [           main] com.jpmc.midascore.TaskTwoTests          : ...
2025-10-06T12:48:57.507-04:00  INFO 50881 --- [           main] com.jpmc.midascore.TaskTwoTests          : ...
2025-10-06T12:49:17.515-04:00  INFO 50881 --- [           main] com.jpmc.midascore.TaskTwoTests          : ...
2025-10-06T12:49:37.521-04:00  INFO 50881 --- [           main] com.jpmc.midascore.TaskTwoTests          : ...
2025-10-06T12:49:57.524-04:00  INFO 50881 --- [           main] com.jpmc.midascore.TaskTwoTests          : ...
2025-10-06T12:50:17.529-04:00  INFO 50881 --- [           main] com.jpmc.midascore.TaskTwoTests          : ...
2025-10-06T12:50:37.532-04:00  INFO 50881 --- [           main] com.jpmc.midascore.TaskTwoTests          : ...
2025-10-06T12:50:57.538-04:00  INFO 50881 --- [           main] com.jpmc.midascore.TaskTwoTests          : ...
2025-10-06T12:51:17.645-04:00  INFO 50881 --- [           main] com.jpmc.midascore.TaskTwoTests          : ...
2025-10-06T12:51:37.650-04:00  INFO 50881 --- [           main] com.jpmc.midascore.TaskTwoTests          : ...
2025-10-06T12:51:57.651-04:00  INFO 50881 --- [           main] com.jpmc.midascore.TaskTwoTests          : ...
2025-10-06T12:52:17.656-04:00  INFO 50881 --- [           main] com.jpmc.midascore.TaskTwoTests          : ...
2025-10-06T12:52:37.660-04:00  INFO 50881 --- [           main] com.jpmc.midascore.TaskTwoTests          : ...
2025-10-06T12:52:57.662-04:00  INFO 50881 --- [           main] com.jpmc.midascore.TaskTwoTests          : ...
2025-10-06T12:53:17.669-04:00  INFO 50881 --- [           main] com.jpmc.midascore.TaskTwoTests          : ...
2025-10-06T12:53:37.675-04:00  INFO 50881 --- [           main] com.jpmc.midascore.TaskTwoTests          : ...
2025-10-06T12:53:57.681-04:00  INFO 50881 --- [           main] com.jpmc.midascore.TaskTwoTests          : ...
2025-10-06T12:54:17.685-04:00  INFO 50881 --- [           main] com.jpmc.midascore.TaskTwoTests          : ...
2025-10-06T12:54:37.690-04:00  INFO 50881 --- [           main] com.jpmc.midascore.TaskTwoTests          : ...
2025-10-06T12:54:57.694-04:00  INFO 50881 --- [           main] com.jpmc.midascore.TaskTwoTests          : ...
2025-10-06T12:55:17.697-04:00  INFO 50881 --- [           main] com.jpmc.midascore.TaskTwoTests          : ...
2025-10-06T12:55:37.703-04:00  INFO 50881 --- [           main] com.jpmc.midascore.TaskTwoTests          : ...
2025-10-06T12:55:57.708-04:00  INFO 50881 --- [           main] com.jpmc.midascore.TaskTwoTests          : ...
2025-10-06T12:56:17.713-04:00  INFO 50881 --- [           main] com.jpmc.midascore.TaskTwoTests          : ...
2025-10-06T12:56:37.717-04:00  INFO 50881 --- [           main] com.jpmc.midascore.TaskTwoTests          : ...
2025-10-06T12:56:57.721-04:00  INFO 50881 --- [           main] com.jpmc.midascore.TaskTwoTests          : ...
2025-10-06T12:57:17.724-04:00  INFO 50881 --- [           main] com.jpmc.midascore.TaskTwoTests          : ...
2025-10-06T12:57:37.729-04:00  INFO 50881 --- [           main] com.jpmc.midascore.TaskTwoTests          : ...
2025-10-06T12:57:57.730-04:00  INFO 50881 --- [           main] com.jpmc.midascore.TaskTwoTests          : ...
2025-10-06T12:58:17.735-04:00  INFO 50881 --- [           main] com.jpmc.midascore.TaskTwoTests          : ...
2025-10-06T12:58:37.735-04:00  INFO 50881 --- [           main] com.jpmc.midascore.TaskTwoTests          : ...
2025-10-06T12:58:57.737-04:00  INFO 50881 --- [           main] com.jpmc.midascore.TaskTwoTests          : ...
2025-10-06T12:59:17.742-04:00  INFO 50881 --- [           main] com.jpmc.midascore.TaskTwoTests          : ...
2025-10-06T12:59:37.750-04:00  INFO 50881 --- [           main] com.jpmc.midascore.TaskTwoTests          : ...
2025-10-06T12:59:57.760-04:00  INFO 50881 --- [           main] com.jpmc.midascore.TaskTwoTests          : ...
2025-10-06T13:00:17.762-04:00  INFO 50881 --- [           main] com.jpmc.midascore.TaskTwoTests          : ...
2025-10-06T13:00:37.764-04:00  INFO 50881 --- [           main] com.jpmc.midascore.TaskTwoTests          : ...
2025-10-06T13:00:57.770-04:00  INFO 50881 --- [           main] com.jpmc.midascore.TaskTwoTests          : ...
2025-10-06T13:01:17.776-04:00  INFO 50881 --- [           main] com.jpmc.midascore.TaskTwoTests          : ...
2025-10-06T13:01:37.777-04:00  INFO 50881 --- [           main] com.jpmc.midascore.TaskTwoTests          : ...
2025-10-06T13:01:57.781-04:00  INFO 50881 --- [           main] com.jpmc.midascore.TaskTwoTests          : ...
2025-10-06T13:02:17.782-04:00  INFO 50881 --- [           main] com.jpmc.midascore.TaskTwoTests          : ...
2025-10-06T13:02:37.787-04:00  INFO 50881 --- [           main] com.jpmc.midascore.TaskTwoTests          : ...
2025-10-06T13:02:57.790-04:00  INFO 50881 --- [           main] com.jpmc.midascore.TaskTwoTests          : ...
2025-10-06T13:03:17.794-04:00  INFO 50881 --- [           main] com.jpmc.midascore.TaskTwoTests          : ...
2025-10-06T13:03:37.799-04:00  INFO 50881 --- [           main] com.jpmc.midascore.TaskTwoTests          : ...
2025-10-06T13:03:57.804-04:00  INFO 50881 --- [           main] com.jpmc.midascore.TaskTwoTests          : ...
2025-10-06T13:04:17.806-04:00  INFO 50881 --- [           main] com.jpmc.midascore.TaskTwoTests          : ...
2025-10-06T13:04:37.809-04:00  INFO 50881 --- [           main] com.jpmc.midascore.TaskTwoTests          : ...
2025-10-06T13:04:57.810-04:00  INFO 50881 --- [           main] com.jpmc.midascore.TaskTwoTests          : ...
2025-10-06T13:05:17.821-04:00  INFO 50881 --- [           main] com.jpmc.midascore.TaskTwoTests          : ...
2025-10-06T13:05:37.826-04:00  INFO 50881 --- [           main] com.jpmc.midascore.TaskTwoTests          : ...
2025-10-06T13:05:57.831-04:00  INFO 50881 --- [           main] com.jpmc.midascore.TaskTwoTests          : ...
2025-10-06T13:06:17.834-04:00  INFO 50881 --- [           main] com.jpmc.midascore.TaskTwoTests          : ...
2025-10-06T13:06:37.839-04:00  INFO 50881 --- [           main] com.jpmc.midascore.TaskTwoTests          : ...
2025-10-06T13:06:57.845-04:00  INFO 50881 --- [           main] com.jpmc.midascore.TaskTwoTests          : ...
2025-10-06T13:07:17.847-04:00  INFO 50881 --- [           main] com.jpmc.midascore.TaskTwoTests          : ...
2025-10-06T13:07:37.853-04:00  INFO 50881 --- [           main] com.jpmc.midascore.TaskTwoTests          : ...
2025-10-06T13:07:57.858-04:00  INFO 50881 --- [           main] com.jpmc.midascore.TaskTwoTests          : ...
2025-10-06T13:08:17.861-04:00  INFO 50881 --- [           main] com.jpmc.midascore.TaskTwoTests          : ...
2025-10-06T13:08:37.867-04:00  INFO 50881 --- [           main] com.jpmc.midascore.TaskTwoTests          : ...
2025-10-06T13:08:57.868-04:00  INFO 50881 --- [           main] com.jpmc.midascore.TaskTwoTests          : ...
2025-10-06T13:09:17.870-04:00  INFO 50881 --- [           main] com.jpmc.midascore.TaskTwoTests          : ...
2025-10-06T13:09:37.876-04:00  INFO 50881 --- [           main] com.jpmc.midascore.TaskTwoTests          : ...
2025-10-06T13:09:57.878-04:00  INFO 50881 --- [           main] com.jpmc.midascore.TaskTwoTests          : ...
2025-10-06T13:10:17.883-04:00  INFO 50881 --- [           main] com.jpmc.midascore.TaskTwoTests          : ...
2025-10-06T13:10:37.887-04:00  INFO 50881 --- [           main] com.jpmc.midascore.TaskTwoTests          : ...
2025-10-06T13:10:57.882-04:00  INFO 50881 --- [           main] com.jpmc.midascore.TaskTwoTests          : ...
2025-10-06T13:11:17.883-04:00  INFO 50881 --- [           main] com.jpmc.midascore.TaskTwoTests          : ...
2025-10-06T13:11:37.886-04:00  INFO 50881 --- [           main] com.jpmc.midascore.TaskTwoTests          : ...
2025-10-06T13:11:57.891-04:00  INFO 50881 --- [           main] com.jpmc.midascore.TaskTwoTests          : ...
2025-10-06T13:12:17.895-04:00  INFO 50881 --- [           main] com.jpmc.midascore.TaskTwoTests          : ...
2025-10-06T13:12:37.899-04:00  INFO 50881 --- [           main] com.jpmc.midascore.TaskTwoTests          : ...
2025-10-06T13:12:57.900-04:00  INFO 50881 --- [           main] com.jpmc.midascore.TaskTwoTests          : ...
2025-10-06T13:13:17.901-04:00  INFO 50881 --- [           main] com.jpmc.midascore.TaskTwoTests          : ...
2025-10-06T13:13:37.903-04:00  INFO 50881 --- [           main] com.jpmc.midascore.TaskTwoTests          : ...
2025-10-06T13:13:57.906-04:00  INFO 50881 --- [           main] com.jpmc.midascore.TaskTwoTests          : ...
2025-10-06T13:14:17.908-04:00  INFO 50881 --- [           main] com.jpmc.midascore.TaskTwoTests          : ...
2025-10-06T13:14:37.918-04:00  INFO 50881 --- [           main] com.jpmc.midascore.TaskTwoTests          : ...
2025-10-06T13:14:57.919-04:00  INFO 50881 --- [           main] com.jpmc.midascore.TaskTwoTests          : ...
2025-10-06T13:15:17.923-04:00  INFO 50881 --- [           main] com.jpmc.midascore.TaskTwoTests          : ...
2025-10-06T13:15:37.928-04:00  INFO 50881 --- [           main] com.jpmc.midascore.TaskTwoTests          : ...
2025-10-06T13:15:57.930-04:00  INFO 50881 --- [           main] com.jpmc.midascore.TaskTwoTests          : ...
2025-10-06T13:16:17.931-04:00  INFO 50881 --- [           main] com.jpmc.midascore.TaskTwoTests          : ...
2025-10-06T13:16:37.932-04:00  INFO 50881 --- [           main] com.jpmc.midascore.TaskTwoTests          : ...
2025-10-06T13:16:57.933-04:00  INFO 50881 --- [           main] com.jpmc.midascore.TaskTwoTests          : ...
2025-10-06T13:17:17.938-04:00  INFO 50881 --- [           main] com.jpmc.midascore.TaskTwoTests          : ...
2025-10-06T13:17:37.944-04:00  INFO 50881 --- [           main] com.jpmc.midascore.TaskTwoTests          : ...
2025-10-06T13:17:57.949-04:00  INFO 50881 --- [           main] com.jpmc.midascore.TaskTwoTests          : ...
2025-10-06T13:18:18.025-04:00  INFO 50881 --- [           main] com.jpmc.midascore.TaskTwoTests          : ...
2025-10-06T13:18:38.028-04:00  INFO 50881 --- [           main] com.jpmc.midascore.TaskTwoTests          : ...
2025-10-06T13:18:58.041-04:00  INFO 50881 --- [           main] com.jpmc.midascore.TaskTwoTests          : ...
2025-10-06T13:19:18.058-04:00  INFO 50881 --- [           main] com.jpmc.midascore.TaskTwoTests          : ...
2025-10-06T13:19:38.060-04:00  INFO 50881 --- [           main] com.jpmc.midascore.TaskTwoTests          : ...
2025-10-06T13:19:58.064-04:00  INFO 50881 --- [           main] com.jpmc.midascore.TaskTwoTests          : ...
2025-10-06T13:20:18.070-04:00  INFO 50881 --- [           main] com.jpmc.midascore.TaskTwoTests          : ...
2025-10-06T13:20:38.075-04:00  INFO 50881 --- [           main] com.jpmc.midascore.TaskTwoTests          : ...
2025-10-06T13:20:58.077-04:00  INFO 50881 --- [           main] com.jpmc.midascore.TaskTwoTests          : ...
2025-10-06T13:21:18.081-04:00  INFO 50881 --- [           main] com.jpmc.midascore.TaskTwoTests          : ...
2025-10-06T13:21:38.085-04:00  INFO 50881 --- [           main] com.jpmc.midascore.TaskTwoTests          : ...
2025-10-06T13:21:58.087-04:00  INFO 50881 --- [           main] com.jpmc.midascore.TaskTwoTests          : ...
2025-10-06T13:22:18.087-04:00  INFO 50881 --- [           main] com.jpmc.midascore.TaskTwoTests          : ...
2025-10-06T13:22:38.091-04:00  INFO 50881 --- [           main] com.jpmc.midascore.TaskTwoTests          : ...
2025-10-06T13:22:58.097-04:00  INFO 50881 --- [           main] com.jpmc.midascore.TaskTwoTests          : ...
2025-10-06T13:23:18.100-04:00  INFO 50881 --- [           main] com.jpmc.midascore.TaskTwoTests          : ...
2025-10-06T13:23:38.117-04:00  INFO 50881 --- [           main] com.jpmc.midascore.TaskTwoTests          : ...
2025-10-06T13:23:58.126-04:00  INFO 50881 --- [           main] com.jpmc.midascore.TaskTwoTests          : ...
2025-10-06T13:24:18.130-04:00  INFO 50881 --- [           main] com.jpmc.midascore.TaskTwoTests          : ...
2025-10-06T13:24:38.133-04:00  INFO 50881 --- [           main] com.jpmc.midascore.TaskTwoTests          : ...
2025-10-06T13:24:58.139-04:00  INFO 50881 --- [           main] com.jpmc.midascore.TaskTwoTests          : ...
2025-10-06T13:25:18.141-04:00  INFO 50881 --- [           main] com.jpmc.midascore.TaskTwoTests          : ...
2025-10-06T13:25:38.143-04:00  INFO 50881 --- [           main] com.jpmc.midascore.TaskTwoTests          : ...
2025-10-06T13:25:58.146-04:00  INFO 50881 --- [           main] com.jpmc.midascore.TaskTwoTests          : ...
2025-10-06T13:26:18.151-04:00  INFO 50881 --- [           main] com.jpmc.midascore.TaskTwoTests          : ...
2025-10-06T13:26:38.157-04:00  INFO 50881 --- [           main] com.jpmc.midascore.TaskTwoTests          : ...
2025-10-06T13:26:58.158-04:00  INFO 50881 --- [           main] com.jpmc.midascore.TaskTwoTests          : ...
2025-10-06T13:27:18.163-04:00  INFO 50881 --- [           main] com.jpmc.midascore.TaskTwoTests          : ...
